2025-12-04 08:40:33,210 [INFO] Activator:176 - 


2025-12-04 08:40:33,214 [INFO] Activator:177 - !SESSION log4j initialized
2025-12-04 08:40:38,321 [INFO] LogOutputStream:77 - [STDOUT_REDIRECT] 
2025-12-04 08:40:45,890 [INFO] ApplicationProperties:184 - Using Application install path: C:\ST\STM32CubeIDE_1.19.0\STM32CubeIDE\plugins\com.st.stm32cube.common.mx_6.15.0.202507011659
2025-12-04 08:40:45,910 [INFO] DbMcusXml:78 - Set database path to: C:\ST\STM32CubeIDE_1.19.0\STM32CubeIDE\plugins\com.st.stm32cube.common.mx_6.15.0.202507011659\\db\/mcu/
2025-12-04 08:40:45,910 [INFO] ApiDb:274 - Set plugin database path to: C:\ST\STM32CubeIDE_1.19.0\STM32CubeIDE\plugins\com.st.stm32cube.common.mx_6.15.0.202507011659\\db\/plugins/boardmanager/
2025-12-04 08:40:45,910 [WARN] ApiDb:259 - Overriding images path with different value:  => C:\ST\STM32CubeIDE_1.19.0\STM32CubeIDE\plugins\com.st.stm32cube.common.mx_6.15.0.202507011659\\db\/plugins/mcufinder/images/
2025-12-04 08:40:45,916 [INFO] ApiDb:250 - Set database path to: C:\Users\Matyas\.stmcufinder\plugins\mcufinder//mcu/
2025-12-04 08:40:45,918 [INFO] DbMcusAds:125 - Set database path to: C:\Users\Matyas\.stmcufinder\plugins\mcufinder//mcu/
2025-12-04 08:40:45,920 [INFO] CrossReferenceDbSqlite:203 - Set database path to: C:\Users\Matyas\.stmcufinder\plugins\mcufinder//mcu/cs/
2025-12-04 08:40:46,005 [INFO] RulesReader:64 - Compatibility file has been processed (317 Rules)
2025-12-04 08:40:46,086 [INFO] DbMcusXml:78 - Set database path to: C:\ST\STM32CubeIDE_1.19.0\STM32CubeIDE\plugins\com.st.stm32cube.common.mx_6.15.0.202507011659\\db\/mcu/
2025-12-04 08:40:46,087 [INFO] ApiDb:274 - Set plugin database path to: C:\ST\STM32CubeIDE_1.19.0\STM32CubeIDE\plugins\com.st.stm32cube.common.mx_6.15.0.202507011659\\db\/plugins/boardmanager/
2025-12-04 08:40:46,087 [INFO] ApiDb:261 - Set plugin images path to: C:\ST\STM32CubeIDE_1.19.0\STM32CubeIDE\plugins\com.st.stm32cube.common.mx_6.15.0.202507011659\\db\/plugins/mcufinder/images/
2025-12-04 08:40:46,087 [WARN] DbFile:41 - Overriding database path with different value: C:\Users\Matyas\.stmcufinder\plugins\mcufinder/ => C:\Users\Matyas\.stmcufinder\plugins\mcufinder
2025-12-04 08:40:46,087 [INFO] ApiDb:250 - Set database path to: C:\Users\Matyas\.stmcufinder\plugins\mcufinder//mcu/
2025-12-04 08:40:46,087 [WARN] DbFile:41 - Overriding database path with different value: C:\Users\Matyas\.stmcufinder\plugins\mcufinder/ => C:\Users\Matyas\.stmcufinder\plugins\mcufinder
2025-12-04 08:40:46,087 [INFO] DbMcusAds:125 - Set database path to: C:\Users\Matyas\.stmcufinder\plugins\mcufinder//mcu/
2025-12-04 08:40:46,087 [WARN] DbFile:41 - Overriding database path with different value: C:\Users\Matyas\.stmcufinder\plugins\mcufinder/ => C:\Users\Matyas\.stmcufinder\plugins\mcufinder
2025-12-04 08:40:46,087 [WARN] DbFile:41 - Overriding database path with different value: C:\Users\Matyas\.stmcufinder\plugins\mcufinder/ => C:\Users\Matyas\.stmcufinder\plugins\mcufinder
2025-12-04 08:40:46,087 [INFO] CrossReferenceDbSqlite:203 - Set database path to: C:\Users\Matyas\.stmcufinder\plugins\mcufinder//mcu/cs/
2025-12-04 08:40:46,140 [INFO] MainPanel:274 - HeapMemory: 268435456
2025-12-04 08:40:46,227 [INFO] DbMcusXml:78 - Set database path to: C:\ST\STM32CubeIDE_1.19.0\STM32CubeIDE\plugins\com.st.stm32cube.common.mx_6.15.0.202507011659\\db\/mcu/
2025-12-04 08:40:46,227 [INFO] ApiDb:274 - Set plugin database path to: C:\ST\STM32CubeIDE_1.19.0\STM32CubeIDE\plugins\com.st.stm32cube.common.mx_6.15.0.202507011659\\db\/plugins/boardmanager/
2025-12-04 08:40:46,227 [INFO] ApiDb:261 - Set plugin images path to: C:\ST\STM32CubeIDE_1.19.0\STM32CubeIDE\plugins\com.st.stm32cube.common.mx_6.15.0.202507011659\\db\/plugins/mcufinder/images/
2025-12-04 08:40:46,227 [WARN] DbFile:41 - Overriding database path with different value: C:\Users\Matyas\.stmcufinder\plugins\mcufinder/ => C:\Users\Matyas\.stmcufinder\plugins\mcufinder
2025-12-04 08:40:46,227 [INFO] ApiDb:250 - Set database path to: C:\Users\Matyas\.stmcufinder\plugins\mcufinder//mcu/
2025-12-04 08:40:46,227 [WARN] DbFile:41 - Overriding database path with different value: C:\Users\Matyas\.stmcufinder\plugins\mcufinder/ => C:\Users\Matyas\.stmcufinder\plugins\mcufinder
2025-12-04 08:40:46,227 [INFO] DbMcusAds:125 - Set database path to: C:\Users\Matyas\.stmcufinder\plugins\mcufinder//mcu/
2025-12-04 08:40:46,227 [WARN] DbFile:41 - Overriding database path with different value: C:\Users\Matyas\.stmcufinder\plugins\mcufinder/ => C:\Users\Matyas\.stmcufinder\plugins\mcufinder
2025-12-04 08:40:46,227 [WARN] DbFile:41 - Overriding database path with different value: C:\Users\Matyas\.stmcufinder\plugins\mcufinder/ => C:\Users\Matyas\.stmcufinder\plugins\mcufinder
2025-12-04 08:40:46,227 [INFO] CrossReferenceDbSqlite:203 - Set database path to: C:\Users\Matyas\.stmcufinder\plugins\mcufinder//mcu/cs/
2025-12-04 08:40:46,249 [INFO] ApplicationProperties:184 - Using Application install path: C:\ST\STM32CubeIDE_1.19.0\STM32CubeIDE\plugins\com.st.stm32cube.common.mx_6.15.0.202507011659
2025-12-04 08:40:46,249 [INFO] PluginManage:196 - Search for loadable plugins [exclusion list=, ]
2025-12-04 08:40:46,249 [INFO] PluginManage:310 - Check plugin analytics
2025-12-04 08:40:51,360 [INFO] AnalyticsPlugin:253 - Accepted Software Licenses: 
2025-12-04 08:40:51,360 [INFO] AnalyticsPlugin:255 - Accepted CMSIS Pack Licenses: 
2025-12-04 08:40:51,360 [INFO] AnalyticsPlugin:257 - Accepted Firmware Licenses: FW.F4.1.28.0
2025-12-04 08:40:51,360 [INFO] PluginManage:359 - Loaded plugin analytics (category:tool,tabindex:-1)
2025-12-04 08:40:51,360 [INFO] PluginManage:310 - Check plugin cadmodel
2025-12-04 08:40:51,376 [INFO] CADModel:105 - Init CAD model plugin
2025-12-04 08:40:51,376 [INFO] PluginManage:359 - Loaded plugin cadmodel (category:power,tabindex:5)
2025-12-04 08:40:51,376 [INFO] PluginManage:310 - Check plugin clock
2025-12-04 08:40:51,392 [INFO] PluginManage:359 - Loaded plugin clock (category:base,tabindex:2)
2025-12-04 08:40:51,392 [INFO] PluginManage:310 - Check plugin ddr
2025-12-04 08:40:51,407 [INFO] PluginManage:359 - Loaded plugin ddr (category:tool,tabindex:6)
2025-12-04 08:40:51,407 [INFO] PluginManage:310 - Check plugin filemanager
2025-12-04 08:40:51,562 [INFO] PluginManage:359 - Loaded plugin filemanager (category:base,tabindex:10)
2025-12-04 08:40:51,562 [INFO] PluginManage:310 - Check plugin ipmanager
2025-12-04 08:40:51,579 [INFO] PluginManage:359 - Loaded plugin ipmanager (category:base,tabindex:5)
2025-12-04 08:40:51,579 [INFO] PluginManage:310 - Check plugin lpbam
2025-12-04 08:40:51,593 [INFO] PluginManage:359 - Loaded plugin lpbam (category:base,tabindex:0)
2025-12-04 08:40:51,595 [INFO] PluginManage:310 - Check plugin memorymap
2025-12-04 08:40:51,609 [INFO] PluginManage:359 - Loaded plugin memorymap (category:base,tabindex:4)
2025-12-04 08:40:51,609 [INFO] PluginManage:310 - Check plugin pinoutandconfiguration
2025-12-04 08:40:51,625 [INFO] PluginManage:359 - Loaded plugin pinoutandconfiguration (category:base,tabindex:1)
2025-12-04 08:40:51,625 [INFO] PluginManage:310 - Check plugin pinoutconfig
2025-12-04 08:40:51,699 [WARN] SupportedApi:132 - Cannot load RTOS API schema: s4s-elt-must-match.1: The content of 'definitions' must match (annotation?, (simpleType | complexType)?, (unique | key | keyref)*)). A problem was found starting at: attribute.
2025-12-04 08:40:51,797 [INFO] PluginManage:359 - Loaded plugin pinoutconfig (category:base,tabindex:0)
2025-12-04 08:40:51,797 [INFO] PluginManage:310 - Check plugin power
2025-12-04 08:40:51,813 [INFO] PluginManage:359 - Loaded plugin power (category:power,tabindex:4)
2025-12-04 08:40:51,813 [INFO] PluginManage:310 - Check plugin projectmanager
2025-12-04 08:40:51,813 [INFO] PluginManage:359 - Loaded plugin projectmanager (category:projectmanager,tabindex:4)
2025-12-04 08:40:51,813 [INFO] PluginManage:310 - Check plugin rif
2025-12-04 08:40:51,845 [INFO] PluginManage:359 - Loaded plugin rif (category:base,tabindex:3)
2025-12-04 08:40:51,845 [INFO] PluginManage:310 - Check plugin thirdparty
2025-12-04 08:40:52,062 [INFO] PluginManage:359 - Loaded plugin thirdparty (category:base,tabindex:-1)
2025-12-04 08:40:52,070 [INFO] PluginManage:310 - Check plugin tools
2025-12-04 08:40:52,062 [WARN] IntegrityCheckThread:84 - waiting for thirdparty lock release [integrity check]
2025-12-04 08:40:52,071 [INFO] IntegrityCheckThread:86 - entering critical section [integrity check]
2025-12-04 08:40:52,071 [INFO] ThirdPartyUpdaterWithRetryManager:70 - Updater plugin not ready yet. [1/15]
2025-12-04 08:40:52,102 [INFO] PluginManage:359 - Loaded plugin tools (category:base,tabindex:7)
2025-12-04 08:40:52,102 [INFO] PluginManage:310 - Check plugin tutovideos
2025-12-04 08:40:52,267 [INFO] PluginManage:359 - Loaded plugin tutovideos (category:base,tabindex:-1)
2025-12-04 08:40:52,267 [INFO] PluginManage:310 - Check plugin updater
2025-12-04 08:40:52,283 [INFO] PluginManage:359 - Loaded plugin updater (category:base,tabindex:12)
2025-12-04 08:40:52,283 [INFO] PluginManage:310 - Check plugin userauth
2025-12-04 08:40:52,283 [INFO] UserAuth:118 - Init User Auth plugin
2025-12-04 08:40:52,283 [INFO] PluginManage:359 - Loaded plugin userauth (category:base,tabindex:14)
2025-12-04 08:40:52,283 [INFO] PluginManage:283 - PluginManage : Loaded plugins [18]
2025-12-04 08:40:52,453 [INFO] PinOutPanel:1589 - setPackage(No Configuration,No Configuration)
2025-12-04 08:40:52,505 [INFO] CADModel:165 - CPN selected for project level
2025-12-04 08:40:52,505 [INFO] CADModel:114 - Register for checkConnection events
2025-12-04 08:40:52,537 [INFO] IPUIPlugin:80 - create IPUIPlugin
2025-12-04 08:40:52,537 [INFO] PluginManager:220 - loadIPPluginJar : add adc
2025-12-04 08:40:52,563 [INFO] IPUIPlugin:80 - create IPUIPlugin
2025-12-04 08:40:52,563 [INFO] PluginManager:220 - loadIPPluginJar : add aes
2025-12-04 08:40:52,594 [INFO] IPUIPlugin:80 - create IPUIPlugin
2025-12-04 08:40:52,594 [INFO] PluginManager:220 - loadIPPluginJar : add can
2025-12-04 08:40:52,630 [INFO] IPUIPlugin:80 - create IPUIPlugin
2025-12-04 08:40:52,630 [INFO] PluginManager:220 - loadIPPluginJar : add comp
2025-12-04 08:40:52,656 [INFO] IPUIPlugin:80 - create IPUIPlugin
2025-12-04 08:40:52,656 [INFO] PluginManager:220 - loadIPPluginJar : add cryp
2025-12-04 08:40:52,656 [INFO] IPUIPlugin:80 - create IPUIPlugin
2025-12-04 08:40:52,656 [INFO] PluginManager:220 - loadIPPluginJar : add ddr_ctrl_phy
2025-12-04 08:40:52,688 [INFO] IPUIPlugin:80 - create IPUIPlugin
2025-12-04 08:40:52,688 [INFO] PluginManager:220 - loadIPPluginJar : add dfsdm
2025-12-04 08:40:52,704 [INFO] IPUIPlugin:80 - create IPUIPlugin
2025-12-04 08:40:52,704 [INFO] PluginManager:220 - loadIPPluginJar : add dma
2025-12-04 08:40:52,740 [INFO] IPUIPlugin:80 - create IPUIPlugin
2025-12-04 08:40:52,740 [INFO] PluginManager:220 - loadIPPluginJar : add dma3
2025-12-04 08:40:52,778 [INFO] IPUIPlugin:80 - create IPUIPlugin
2025-12-04 08:40:52,778 [INFO] PluginManager:220 - loadIPPluginJar : add extmemmanager
2025-12-04 08:40:52,795 [INFO] IPUIPlugin:80 - create IPUIPlugin
2025-12-04 08:40:52,795 [INFO] PluginManager:220 - loadIPPluginJar : add fatfs
2025-12-04 08:40:52,837 [INFO] IPUIPlugin:80 - create IPUIPlugin
2025-12-04 08:40:52,837 [INFO] PluginManager:220 - loadIPPluginJar : add fmc
2025-12-04 08:40:52,851 [INFO] IPUIPlugin:80 - create IPUIPlugin
2025-12-04 08:40:52,851 [INFO] PluginManager:220 - loadIPPluginJar : add freertos
2025-12-04 08:40:52,860 [INFO] IPUIPlugin:80 - create IPUIPlugin
2025-12-04 08:40:52,860 [INFO] PluginManager:220 - loadIPPluginJar : add genericplugin
2025-12-04 08:40:52,939 [INFO] IPUIPlugin:80 - create IPUIPlugin
2025-12-04 08:40:52,939 [INFO] PluginManager:220 - loadIPPluginJar : add gfxmmu
2025-12-04 08:40:53,053 [INFO] IPUIPlugin:80 - create IPUIPlugin
2025-12-04 08:40:53,053 [INFO] PluginManager:220 - loadIPPluginJar : add gic
2025-12-04 08:40:53,070 [INFO] IPUIPlugin:80 - create IPUIPlugin
2025-12-04 08:40:53,070 [INFO] PluginManager:220 - loadIPPluginJar : add gpio
2025-12-04 08:40:53,151 [INFO] IPUIPlugin:80 - create IPUIPlugin
2025-12-04 08:40:53,151 [INFO] PluginManager:220 - loadIPPluginJar : add gtzc
2025-12-04 08:40:53,179 [INFO] IPUIPlugin:80 - create IPUIPlugin
2025-12-04 08:40:53,179 [INFO] PluginManager:220 - loadIPPluginJar : add hash
2025-12-04 08:40:53,219 [INFO] IPUIPlugin:80 - create IPUIPlugin
2025-12-04 08:40:53,224 [INFO] PluginManager:220 - loadIPPluginJar : add i2c
2025-12-04 08:40:53,254 [INFO] IPUIPlugin:80 - create IPUIPlugin
2025-12-04 08:40:53,254 [INFO] PluginManager:220 - loadIPPluginJar : add i2s
2025-12-04 08:40:53,292 [INFO] IPUIPlugin:80 - create IPUIPlugin
2025-12-04 08:40:53,292 [INFO] PluginManager:220 - loadIPPluginJar : add i3c
2025-12-04 08:40:53,376 [INFO] IPUIPlugin:80 - create IPUIPlugin
2025-12-04 08:40:53,376 [INFO] PluginManager:220 - loadIPPluginJar : add ipddr
2025-12-04 08:40:53,459 [INFO] IPUIPlugin:80 - create IPUIPlugin
2025-12-04 08:40:53,459 [INFO] PluginManager:220 - loadIPPluginJar : add linkedlist
2025-12-04 08:40:53,486 [INFO] IPUIPlugin:80 - create IPUIPlugin
2025-12-04 08:40:53,493 [INFO] PluginManager:220 - loadIPPluginJar : add lorawan
2025-12-04 08:40:53,515 [INFO] IPUIPlugin:80 - create IPUIPlugin
2025-12-04 08:40:53,515 [INFO] PluginManager:220 - loadIPPluginJar : add ltdc
2025-12-04 08:40:53,535 [INFO] IPUIPlugin:80 - create IPUIPlugin
2025-12-04 08:40:53,535 [INFO] PluginManager:220 - loadIPPluginJar : add mdma
2025-12-04 08:40:53,546 [INFO] IPUIPlugin:80 - create IPUIPlugin
2025-12-04 08:40:53,546 [INFO] PluginManager:220 - loadIPPluginJar : add nvic
2025-12-04 08:40:53,579 [INFO] IPUIPlugin:80 - create IPUIPlugin
2025-12-04 08:40:53,579 [INFO] PluginManager:220 - loadIPPluginJar : add opamp
2025-12-04 08:40:53,631 [INFO] IPUIPlugin:80 - create IPUIPlugin
2025-12-04 08:40:53,632 [INFO] PluginManager:220 - loadIPPluginJar : add openamp
2025-12-04 08:40:53,657 [INFO] IPUIPlugin:80 - create IPUIPlugin
2025-12-04 08:40:53,657 [INFO] PluginManager:220 - loadIPPluginJar : add pdm2pcm
2025-12-04 08:40:53,676 [INFO] IPUIPlugin:80 - create IPUIPlugin
2025-12-04 08:40:53,676 [INFO] PluginManager:220 - loadIPPluginJar : add plateformsettings
2025-12-04 08:40:53,700 [INFO] IPUIPlugin:80 - create IPUIPlugin
2025-12-04 08:40:53,700 [INFO] PluginManager:220 - loadIPPluginJar : add quadspi
2025-12-04 08:40:53,724 [INFO] IPUIPlugin:80 - create IPUIPlugin
2025-12-04 08:40:53,724 [INFO] PluginManager:220 - loadIPPluginJar : add radio
2025-12-04 08:40:53,734 [INFO] IPUIPlugin:80 - create IPUIPlugin
2025-12-04 08:40:53,734 [INFO] PluginManager:220 - loadIPPluginJar : add resmgrutility
2025-12-04 08:40:53,775 [INFO] IPUIPlugin:80 - create IPUIPlugin
2025-12-04 08:40:53,775 [INFO] PluginManager:220 - loadIPPluginJar : add sai
2025-12-04 08:40:53,806 [INFO] IPUIPlugin:80 - create IPUIPlugin
2025-12-04 08:40:53,806 [INFO] PluginManager:220 - loadIPPluginJar : add spi
2025-12-04 08:40:53,875 [INFO] IPUIPlugin:80 - create IPUIPlugin
2025-12-04 08:40:53,875 [INFO] PluginManager:220 - loadIPPluginJar : add stm32_wpan
2025-12-04 08:40:53,897 [INFO] IPUIPlugin:80 - create IPUIPlugin
2025-12-04 08:40:53,897 [INFO] PluginManager:220 - loadIPPluginJar : add tim
2025-12-04 08:40:53,951 [INFO] IPUIPlugin:80 - create IPUIPlugin
2025-12-04 08:40:53,952 [INFO] PluginManager:220 - loadIPPluginJar : add touchsensing
2025-12-04 08:40:53,969 [INFO] IPUIPlugin:80 - create IPUIPlugin
2025-12-04 08:40:53,969 [INFO] PluginManager:220 - loadIPPluginJar : add tracer_emb
2025-12-04 08:40:53,988 [INFO] IPUIPlugin:80 - create IPUIPlugin
2025-12-04 08:40:53,988 [INFO] PluginManager:220 - loadIPPluginJar : add ts
2025-12-04 08:40:54,008 [INFO] IPUIPlugin:80 - create IPUIPlugin
2025-12-04 08:40:54,008 [INFO] PluginManager:220 - loadIPPluginJar : add tsc
2025-12-04 08:40:54,026 [INFO] IPUIPlugin:80 - create IPUIPlugin
2025-12-04 08:40:54,026 [INFO] PluginManager:220 - loadIPPluginJar : add ucpd
2025-12-04 08:40:54,063 [INFO] IPUIPlugin:80 - create IPUIPlugin
2025-12-04 08:40:54,063 [INFO] PluginManager:220 - loadIPPluginJar : add usart
2025-12-04 08:40:54,103 [INFO] IPUIPlugin:80 - create IPUIPlugin
2025-12-04 08:40:54,103 [INFO] PluginManager:220 - loadIPPluginJar : add usbx
2025-12-04 08:40:54,219 [FATAL] Updater:351 - Updater called before beeing initialized
2025-12-04 08:40:54,238 [INFO] RulesReader:64 - Compatibility file has been processed (317 Rules)
2025-12-04 08:40:54,238 [INFO] RulesReader:64 - Compatibility file has been processed (317 Rules)
2025-12-04 08:40:54,254 [INFO] CADModel:165 - CPN selected for project level
2025-12-04 08:40:54,254 [INFO] CADModel:114 - Register for checkConnection events
2025-12-04 08:40:54,254 [FATAL] Updater:351 - Updater called before beeing initialized
2025-12-04 08:40:54,254 [ERROR] CADModel:125 - Updater not yet initialized, retry later 
2025-12-04 08:40:54,381 [FATAL] Updater:351 - Updater called before beeing initialized
2025-12-04 08:40:54,382 [INFO] CADModel:165 - CPN selected for project level
2025-12-04 08:40:54,382 [INFO] CADModel:114 - Register for checkConnection events
2025-12-04 08:40:54,382 [FATAL] Updater:351 - Updater called before beeing initialized
2025-12-04 08:40:54,382 [ERROR] CADModel:125 - Updater not yet initialized, retry later 
2025-12-04 08:40:54,384 [FATAL] Updater:351 - Updater called before beeing initialized
2025-12-04 08:40:54,469 [FATAL] Updater:351 - Updater called before beeing initialized
2025-12-04 08:40:54,491 [INFO] DbMcusAds:53 - JSON generation date=Tue Nov 25 15:08:32 CET 2025 (1764079712287)
2025-12-04 08:40:54,491 [FATAL] Updater:351 - Updater called before beeing initialized
2025-12-04 08:40:54,516 [WARN] DetailPanel:346 - Failed to get advertising image, set to default
2025-12-04 08:40:54,590 [FATAL] Updater:351 - Updater called before beeing initialized
2025-12-04 08:40:54,591 [FATAL] Updater:351 - Updater called before beeing initialized
2025-12-04 08:40:54,591 [FATAL] Updater:351 - Updater called before beeing initialized
2025-12-04 08:40:54,592 [WARN] DetailPanel:346 - Failed to get advertising image, set to default
2025-12-04 08:40:54,592 [FATAL] Updater:351 - Updater called before beeing initialized
2025-12-04 08:40:54,641 [ERROR] Updater:1198 - MainUpdater not yet initialized. External WinMGr cannot be set.
2025-12-04 08:40:54,641 [INFO] Updater:1134 - Updater Version found : 6.15.0
2025-12-04 08:40:54,664 [INFO] ApplicationProperties:184 - Using Application install path: C:\ST\STM32CubeIDE_1.19.0\STM32CubeIDE\plugins\com.st.stm32cube.common.mx_6.15.0.202507011659
2025-12-04 08:40:55,078 [INFO] ThirdPartyUpdaterWithRetryManager:70 - Updater plugin not ready yet. [2/15]
2025-12-04 08:40:56,292 [ERROR] LogOutputStream:75 - [STDERR_REDIRECT] Dec 04, 2025 8:40:56 AM java.util.prefs.WindowsPreferences <init>
2025-12-04 08:40:56,292 [ERROR] LogOutputStream:75 - [STDERR_REDIRECT] WARNING: Could not open/create prefs root node Software\JavaSoft\Prefs at root 0xffffffff80000002. Windows RegCreateKeyEx(...) returned error code 5.
2025-12-04 08:40:56,292 [ERROR] LogOutputStream:75 - [STDERR_REDIRECT] 
2025-12-04 08:40:56,626 [INFO] MainUpdater:2872 - connection check result : 10
2025-12-04 08:40:56,626 [INFO] MainUpdater:289 - Updater Check For Update Now.
2025-12-04 08:40:56,626 [INFO] MicroXplorer:498 - Change Database Version : DB.6.0.150
2025-12-04 08:40:56,640 [INFO] McuFinderGlobals:63 - Set McuFinder mode to 2 (CubeIDE integrated)
2025-12-04 08:40:56,640 [INFO] UserAuth:171 - activating auth plugin
2025-12-04 08:40:56,646 [INFO] UserAuth:487 - Internet connection configuration mode: 1
2025-12-04 08:40:56,679 [INFO] JxBrowserEngine:152 - Initiate JxBrowser Engine with user profile folder
2025-12-04 08:40:56,828 [INFO] CheckServerUpdateThread:120 - End of CheckServer Thread
2025-12-04 08:40:57,775 [INFO] WebApp:169 - Instantiating new browser for Auth
2025-12-04 08:40:58,304 [WARN] PackLoader:240 - Cannot read IP mode file for STMicroelectronics.FP-SNS-MOTENVWB1.1.4.0
2025-12-04 08:40:58,318 [WARN] PackLoader:240 - Cannot read IP mode file for STMicroelectronics.FP-ATR-ASTRA1.2.0.2
2025-12-04 08:40:58,331 [WARN] PackLoader:240 - Cannot read IP mode file for STMicroelectronics.X-CUBE-SMBUS.2.1.0
2025-12-04 08:40:58,369 [WARN] PackLoader:240 - Cannot read IP mode file for STMicroelectronics.X-CUBE-AZRTOS-F7.1.1.0
2025-12-04 08:40:58,386 [WARN] PackLoader:240 - Cannot read IP mode file for STMicroelectronics.FP-SNS-MOTENV1.5.1.0
2025-12-04 08:40:58,412 [WARN] PackLoader:240 - Cannot read IP mode file for WES.I-CUBE-Cesium.1.4.0
2025-12-04 08:40:58,452 [WARN] PackLoader:240 - Cannot read IP mode file for STMicroelectronics.X-CUBE-AZRTOS-H7.3.4.0
2025-12-04 08:40:58,471 [WARN] PackLoader:240 - Cannot read IP mode file for STMicroelectronics.X-CUBE-DISPLAY.3.0.0
2025-12-04 08:40:58,488 [WARN] PackLoader:240 - Cannot read IP mode file for STMicroelectronics.X-CUBE-NFC10.1.0.0
2025-12-04 08:40:58,500 [WARN] PackLoader:240 - Cannot read IP mode file for STMicroelectronics.X-CUBE-ST60.1.1.0
2025-12-04 08:40:58,502 [INFO] WebApp:463 - Apply proxy settings
2025-12-04 08:40:58,502 [INFO] WebApp:548 - Chromium requires no authentication
2025-12-04 08:40:58,504 [INFO] WebApp:491 - Direct internet connection detected
2025-12-04 08:40:58,512 [WARN] PackLoader:240 - Cannot read IP mode file for emotas.I-CUBE-CANOPEN.1.3.0
2025-12-04 08:40:58,524 [WARN] PackLoader:240 - Cannot read IP mode file for STMicroelectronics.X-CUBE-GNSS1.7.1.0
2025-12-04 08:40:58,528 [INFO] WebApp:900 - Register for checkConnection events
2025-12-04 08:40:58,528 [INFO] WebApp:463 - Apply proxy settings
2025-12-04 08:40:58,528 [INFO] WebApp:548 - Chromium requires no authentication
2025-12-04 08:40:58,528 [INFO] WebApp:491 - Direct internet connection detected
2025-12-04 08:40:58,528 [WARN] PackLoader:240 - Cannot read IP mode file for STMicroelectronics.FP-SNS-STBOX1.2.1.0
2025-12-04 08:40:58,545 [WARN] PackLoader:240 - Cannot read IP mode file for STMicroelectronics.FP-SNS-SMARTAG2.1.2.0
2025-12-04 08:40:58,557 [WARN] PackLoader:240 - Cannot read IP mode file for STMicroelectronics.FP-SNS-FLIGHT1.5.1.0
2025-12-04 08:40:58,572 [INFO] LogOutputStream:77 - [STDOUT_REDIRECT] 1 : Invalid condition id : UX_CORESTACK_Condition cause : null
2025-12-04 08:40:58,572 [INFO] LogOutputStream:77 - [STDOUT_REDIRECT] 1 : Invalid condition id : UX_CORESTACK_Condition cause : null
2025-12-04 08:40:58,572 [INFO] LogOutputStream:77 - [STDOUT_REDIRECT] 1 : Invalid condition id : UX_CORESTACK_Condition cause : null
2025-12-04 08:40:58,572 [INFO] LogOutputStream:77 - [STDOUT_REDIRECT] 1 : Invalid condition id : UX_CORESTACK_Condition cause : null
2025-12-04 08:40:58,572 [INFO] LogOutputStream:77 - [STDOUT_REDIRECT] 1 : Invalid condition id : UX_CORESTACK_Condition cause : null
2025-12-04 08:40:58,572 [WARN] PackLoader:240 - Cannot read IP mode file for STMicroelectronics.X-CUBE-AZRTOS-WL.2.0.0
2025-12-04 08:40:58,602 [WARN] PackLoader:240 - Cannot read IP mode file for STMicroelectronics.X-CUBE-AZRTOS-H7RS.1.2.0
2025-12-04 08:40:58,614 [WARN] PackLoader:240 - Cannot read IP mode file for STMicroelectronics.X-CUBE-BLE2.3.3.0
2025-12-04 08:40:58,677 [WARN] PackLoader:240 - Cannot read IP mode file for Infineon.AIROC-Wi-Fi-Bluetooth-STM32.1.8.0
2025-12-04 08:40:58,688 [INFO] WebApp:191 - Connection restablished
2025-12-04 08:40:58,696 [WARN] PackLoader:240 - Cannot read IP mode file for STMicroelectronics.X-CUBE-NFC9.1.0.0
2025-12-04 08:40:58,713 [WARN] PackLoader:240 - Cannot read IP mode file for wolfSSL.I-CUBE-wolfSSL.5.8.2
2025-12-04 08:40:58,727 [WARN] PackLoader:240 - Cannot read IP mode file for STMicroelectronics.X-CUBE-BLE1.7.1.0
2025-12-04 08:40:58,737 [WARN] PackLoader:240 - Cannot read IP mode file for wolfSSL.I-CUBE-wolfMQTT.1.19.2
2025-12-04 08:40:58,748 [WARN] PackLoader:240 - Cannot read IP mode file for STMicroelectronics.X-CUBE-FREERTOS.1.4.0
2025-12-04 08:40:58,761 [WARN] PackLoader:240 - Cannot read IP mode file for STMicroelectronics.X-CUBE-EEPRMA1.5.2.0
2025-12-04 08:40:58,772 [WARN] PackLoader:240 - Cannot read IP mode file for Cesanta.I-CUBE-Mongoose.7.20.0
2025-12-04 08:40:58,783 [WARN] PackLoader:240 - Cannot read IP mode file for STMicroelectronics.X-CUBE-ST67W61.1.1.0
2025-12-04 08:40:58,822 [WARN] PackLoader:240 - Cannot read IP mode file for STMicroelectronics.X-CUBE-MEMS1.12.0.0
2025-12-04 08:40:58,893 [WARN] PackLoader:240 - Cannot read IP mode file for STMicroelectronics.X-CUBE-AZRTOS-G0.1.1.0
2025-12-04 08:40:58,920 [WARN] PackLoader:240 - Cannot read IP mode file for STMicroelectronics.X-CUBE-NFC4.3.0.0
2025-12-04 08:40:58,939 [WARN] PackLoader:240 - Cannot read IP mode file for EmbeddedOffice.I-CUBE-FS-RTOS.1.0.1
2025-12-04 08:40:58,942 [WARN] PackLoader:240 - Cannot read IP mode file for STMicroelectronics.X-CUBE-WB05N.2.0.0
2025-12-04 08:40:58,956 [INFO] WebApp:225 - Starting web application
2025-12-04 08:40:58,956 [INFO] WebApp:593 - Web application path used C:\ST\STM32CubeIDE_1.19.0\STM32CubeIDE\plugins\com.st.stm32cube.common.mx_6.15.0.202507011659\db\plugins\mcufinder\reactClient1\index.html
2025-12-04 08:40:58,984 [WARN] PackLoader:240 - Cannot read IP mode file for wolfSSL.I-CUBE-wolfTPM.3.8.0
2025-12-04 08:40:59,005 [WARN] PackLoader:240 - Cannot read IP mode file for STMicroelectronics.X-CUBE-TCPP.4.2.0
2025-12-04 08:40:59,023 [WARN] PackLoader:240 - Cannot read IP mode file for RealThread.X-CUBE-RT-Thread_Nano.4.1.1
2025-12-04 08:40:59,039 [WARN] PackLoader:240 - Cannot read IP mode file for STMicroelectronics.FP-ATR-SIGFOX1.3.2.0
2025-12-04 08:40:59,055 [WARN] PackLoader:240 - Cannot read IP mode file for ITTIA_DB.I-CUBE-ITTIADB.8.9.0
2025-12-04 08:40:59,066 [WARN] PackLoader:240 - Cannot read IP mode file for STMicroelectronics.X-CUBE-AI.10.2.0
2025-12-04 08:40:59,097 [WARN] PackLoader:240 - Cannot read IP mode file for SEGGER.I-CUBE-embOS.1.3.1
2025-12-04 08:40:59,134 [WARN] PackLoader:240 - Cannot read IP mode file for STMicroelectronics.X-CUBE-ALGOBUILD.1.4.0
2025-12-04 08:40:59,145 [WARN] PackLoader:240 - Cannot read IP mode file for STMicroelectronics.X-CUBE-PM33A1.1.0.0
2025-12-04 08:40:59,167 [WARN] PackLoader:240 - Cannot read IP mode file for STMicroelectronics.X-CUBE-AZRTOS-F4.1.1.0
2025-12-04 08:40:59,181 [WARN] PackLoader:240 - Cannot read IP mode file for STMicroelectronics.X-CUBE-ISPU.2.1.0
2025-12-04 08:40:59,198 [WARN] PackLoader:240 - Cannot read IP mode file for STMicroelectronics.X-CUBE-IPS.3.2.0
2025-12-04 08:40:59,212 [WARN] PackLoader:240 - Cannot read IP mode file for STMicroelectronics.X-CUBE-NFC12.1.0.0
2025-12-04 08:40:59,232 [WARN] PackLoader:240 - Cannot read IP mode file for STMicroelectronics.X-CUBE-AZRTOS-L5.2.0.0
2025-12-04 08:40:59,244 [WARN] PackLoader:240 - Cannot read IP mode file for STMicroelectronics.X-CUBE-NFC6.3.1.0
2025-12-04 08:40:59,257 [WARN] PackLoader:240 - Cannot read IP mode file for STMicroelectronics.X-CUBE-TOUCHGFX.4.26.0
2025-12-04 08:40:59,269 [WARN] PackLoader:240 - Cannot read IP mode file for STMicroelectronics.FP-SNS-STAIOTCFT.1.0.0
2025-12-04 08:40:59,280 [WARN] PackLoader:240 - Cannot read IP mode file for STMicroelectronics.X-CUBE-DPower.1.3.0
2025-12-04 08:40:59,300 [WARN] ConditionMgr:438 - getConditionDescription Invalid condition id : LAN8742 Phy interface Condition cause : null
2025-12-04 08:40:59,301 [WARN] PackLoader:240 - Cannot read IP mode file for STMicroelectronics.X-CUBE-AZRTOS-L4.2.0.0
2025-12-04 08:40:59,301 [WARN] ConditionMgr:1044 - genDependencies : Invalid condition id : LAN8742 Phy interface Condition cause : null
2025-12-04 08:40:59,301 [WARN] ConditionMgr:1044 - genDependencies : Invalid condition id : LAN8742 Phy interface Condition cause : null
2025-12-04 08:40:59,302 [WARN] ConditionMgr:1044 - genDependencies : Invalid condition id : LAN8742 Phy interface Condition cause : null
2025-12-04 08:40:59,314 [WARN] PackLoader:240 - Cannot read IP mode file for STMicroelectronics.X-CUBE-SFXS2LP1.4.0.0
2025-12-04 08:40:59,328 [WARN] PackLoader:240 - Cannot read IP mode file for STMicroelectronics.X-CUBE-BLEMGR.4.1.0
2025-12-04 08:40:59,355 [WARN] ConditionMgr:438 - getConditionDescription Invalid condition id : UX DEVICE CLASS RTOS Condition cause : null
2025-12-04 08:40:59,355 [WARN] ConditionMgr:438 - getConditionDescription Invalid condition id : UX DEVICE CLASS RTOS Condition cause : null
2025-12-04 08:40:59,358 [WARN] PackLoader:240 - Cannot read IP mode file for STMicroelectronics.X-CUBE-AZRTOS-WB.2.0.0
2025-12-04 08:40:59,358 [WARN] ConditionMgr:1044 - genDependencies : Invalid condition id : UX DEVICE CLASS RTOS Condition cause : null
2025-12-04 08:40:59,358 [WARN] ConditionMgr:1044 - genDependencies : Invalid condition id : UX DEVICE CLASS RTOS Condition cause : null
2025-12-04 08:40:59,358 [WARN] ConditionMgr:1044 - genDependencies : Invalid condition id : UX DEVICE CLASS RTOS Condition cause : null
2025-12-04 08:40:59,358 [WARN] ConditionMgr:1044 - genDependencies : Invalid condition id : UX DEVICE CLASS RTOS Condition cause : null
2025-12-04 08:40:59,358 [WARN] ConditionMgr:1044 - genDependencies : Invalid condition id : UX DEVICE CLASS RTOS Condition cause : null
2025-12-04 08:40:59,373 [WARN] ConditionMgr:438 - getConditionDescription Invalid condition id : Cortex-A Device cause : null
2025-12-04 08:40:59,380 [WARN] ConditionMgr:1044 - genDependencies : Invalid condition id : Cortex-A Device cause : null
2025-12-04 08:40:59,380 [WARN] ConditionMgr:1044 - genDependencies : Invalid condition id : Cortex-A Device cause : null
2025-12-04 08:40:59,380 [WARN] ConditionMgr:1044 - genDependencies : Invalid condition id : Cortex-A Device cause : null
2025-12-04 08:40:59,401 [WARN] PackLoader:240 - Cannot read IP mode file for STMicroelectronics.X-CUBE-SUBG2.5.0.0
2025-12-04 08:40:59,422 [WARN] PackLoader:240 - Cannot read IP mode file for STMicroelectronics.X-CUBE-AZRTOS-G4.2.0.0
2025-12-04 08:40:59,433 [WARN] PackLoader:240 - Cannot read IP mode file for wolfSSL.I-CUBE-wolfSSH.1.4.20
2025-12-04 08:40:59,447 [WARN] PackLoader:240 - Cannot read IP mode file for STMicroelectronics.X-CUBE-NFC7.2.0.0
2025-12-04 08:40:59,461 [WARN] PackLoader:240 - Cannot read IP mode file for STMicroelectronics.X-CUBE-ALS.1.0.2
2025-12-04 08:40:59,474 [WARN] PackLoader:240 - Cannot read IP mode file for STMicroelectronics.X-CUBE-STSE01.1.0.0
2025-12-04 08:40:59,488 [WARN] PackLoader:240 - Cannot read IP mode file for STMicroelectronics.X-CUBE-TOF1.3.4.3
2025-12-04 08:40:59,493 [INFO] ThirdParty:978 - Integrity check success = true
2025-12-04 08:40:59,493 [INFO] IntegrityCheckThread:100 - exiting critical section [integrity check]
2025-12-04 08:40:59,493 [INFO] IntegrityCheckThread:103 - End integrity checks thread
2025-12-04 09:10:45,229 [INFO] McuFinderGlobals:63 - Set McuFinder mode to 2 (CubeIDE integrated)
2025-12-04 09:10:45,251 [INFO] MainUpdater:2872 - connection check result : 10
2025-12-04 09:10:45,257 [INFO] MainUpdater:2872 - connection check result : 10
2025-12-04 09:10:45,380 [INFO] MicroXplorer:468 - Change Database Path : 
2025-12-04 09:10:45,380 [INFO] MicroXplorer:498 - Change Database Version : DB.6.0.150
2025-12-04 09:10:45,380 [WARN] ThirdParty:871 - waiting for thirdparty lock release [close project]
2025-12-04 09:10:45,380 [INFO] ThirdParty:873 - entering critical section [close project]
2025-12-04 09:10:45,380 [INFO] ThirdParty:883 - exiting critical section [close project]
2025-12-04 09:10:45,380 [INFO] PinOutPanel:1589 - setPackage(No Configuration,No Configuration)
2025-12-04 09:10:45,380 [INFO] UtilMem:75 - Begin LoadConfig() Used Memory: 632658592 Bytes (1073741824)
2025-12-04 09:10:50,732 [INFO] MainUpdater:2872 - connection check result : 10
2025-12-04 09:10:50,732 [INFO] MainUpdater:2872 - connection check result : 10
2025-12-04 09:10:50,743 [INFO] MicroXplorer:468 - Change Database Path : 
2025-12-04 09:10:50,743 [INFO] MicroXplorer:498 - Change Database Version : DB.6.0.150
2025-12-04 09:10:50,743 [WARN] ThirdParty:871 - waiting for thirdparty lock release [close project]
2025-12-04 09:10:50,743 [INFO] ThirdParty:873 - entering critical section [close project]
2025-12-04 09:10:50,743 [INFO] ThirdParty:883 - exiting critical section [close project]
2025-12-04 09:10:50,744 [INFO] PinOutPanel:1589 - setPackage(No Configuration,No Configuration)
2025-12-04 09:10:50,744 [INFO] UtilMem:75 - Begin LoadConfig() Used Memory: 636063728 Bytes (1073741824)
2025-12-04 09:11:00,714 [INFO] MainUpdater:2872 - connection check result : 10
2025-12-04 09:11:00,720 [INFO] MainUpdater:2872 - connection check result : 10
2025-12-04 09:11:00,729 [INFO] MicroXplorer:468 - Change Database Path : 
2025-12-04 09:11:00,729 [INFO] MicroXplorer:498 - Change Database Version : DB.6.0.150
2025-12-04 09:11:00,729 [WARN] ThirdParty:871 - waiting for thirdparty lock release [close project]
2025-12-04 09:11:00,729 [INFO] ThirdParty:873 - entering critical section [close project]
2025-12-04 09:11:00,729 [INFO] ThirdParty:883 - exiting critical section [close project]
2025-12-04 09:11:00,729 [INFO] PinOutPanel:1589 - setPackage(No Configuration,No Configuration)
2025-12-04 09:11:00,729 [INFO] UtilMem:75 - Begin LoadConfig() Used Memory: 668607144 Bytes (1073741824)
2025-12-04 09:11:04,524 [INFO] ServerAccessManage:452 - Complete download http(s) 200
2025-12-04 09:11:04,529 [INFO] ServerAccessManage:509 - Download File stm32cube_db_v60130.zip
2025-12-04 09:11:05,917 [INFO] FileExtend:248 - Unzip File : stm32cube_db_v60130.zip
2025-12-04 09:11:05,917 [INFO] FileExtend:263 - Standard Zip Deflate
2025-12-04 09:11:08,686 [ERROR] FileExtend:344 - User cancelled unzip
2025-12-04 09:11:08,833 [INFO] LoadServerPackagesThread:196 - End of LoadServerPackages Thread
2025-12-04 09:11:09,199 [INFO] CheckServerUpdateThread:120 - End of CheckServer Thread
2025-12-04 09:11:11,937 [INFO] MainUpdater:2872 - connection check result : 10
2025-12-04 09:11:11,937 [INFO] MainUpdater:2872 - connection check result : 10
2025-12-04 09:11:11,937 [INFO] MicroXplorer:468 - Change Database Path : 
2025-12-04 09:11:11,937 [INFO] MicroXplorer:498 - Change Database Version : DB.6.0.150
2025-12-04 09:11:11,937 [WARN] ThirdParty:871 - waiting for thirdparty lock release [close project]
2025-12-04 09:11:11,937 [INFO] ThirdParty:873 - entering critical section [close project]
2025-12-04 09:11:11,937 [INFO] ThirdParty:883 - exiting critical section [close project]
2025-12-04 09:11:11,937 [INFO] PinOutPanel:1589 - setPackage(No Configuration,No Configuration)
2025-12-04 09:11:11,937 [INFO] UtilMem:75 - Begin LoadConfig() Used Memory: 1009112664 Bytes (1073741824)
2025-12-04 09:11:20,179 [INFO] MicroXplorer:468 - Change Database Path : 
2025-12-04 09:11:20,179 [INFO] MicroXplorer:498 - Change Database Version : DB.6.0.150
2025-12-04 09:11:20,179 [INFO] OpenFileManager:355 - Change cursor
2025-12-04 09:11:20,212 [INFO] Mcu:2029 - Initializing MCU STM32F411C(C-E)Ux STM32F411CEUx STM32F411CEU6
2025-12-04 09:11:21,249 [INFO] Context:786 - Trying to add GPIOservice into a context  which must be forbidden
2025-12-04 09:11:21,531 [INFO] Rule:233 - rule Adapt Old IOC before rework replace old CORTEX_M33/CORTEX_M55 attributes by the new one. is applicable
2025-12-04 09:11:21,531 [INFO] Rule:233 - rule Rename parametre of RCC RCC_APBDBG_DIV2 to RCC_TIMPRES_DIV2 is applicable
2025-12-04 09:11:21,531 [INFO] Rule:233 - rule Rename DIE493 pin PA10 [PA12] -> PA10 is applicable
2025-12-04 09:11:21,531 [INFO] Rule:233 - rule Rename DIE493 pin PA9 [PA11] -> PA9 is applicable
2025-12-04 09:11:21,531 [INFO] Rule:233 - rule Rename DIE492 PartNumber CPN STM32WBA5MJGHx -> STM32WBA5MMGHx is applicable
2025-12-04 09:11:21,531 [INFO] Rule:233 - rule Rename DIE492 PartNumber  Name STM32WBA5MJGHx -> STM32WBA5MMGHx is applicable
2025-12-04 09:11:21,531 [INFO] Rule:233 - rule Rename DIE492 PartNumber UserName STM32WBA5MJGHx -> STM32WBA5MMGHx is applicable
2025-12-04 09:11:21,531 [INFO] Rule:233 - rule Rename DIE492 PartNumber DeviceId STM32WBA5MJGHx -> STM32WBA5MMGHx is applicable
2025-12-04 09:11:21,531 [INFO] Rule:233 - rule Adapt Old IOC CSI. is applicable
2025-12-04 09:11:21,531 [INFO] Rule:233 - rule Adapt Old IOC DCMIPP. is applicable
2025-12-04 09:11:21,531 [INFO] Rule:233 - rule Adapt Old IOC DCMIPP Mode Parallel. is applicable
2025-12-04 09:11:21,531 [INFO] Rule:233 - rule Adapt Old IOC LTDC. is applicable
2025-12-04 09:11:21,531 [INFO] Rule:233 - rule Rename STM32MP2 RIF Peripheral LTDC RIF.RISUP.LTDC_L0L1.Privilege -> RIF.RISUP.LTDC_L1L2.Privilege is applicable
2025-12-04 09:11:21,531 [INFO] Rule:233 - rule Rename STM32MP2 RIF Peripheral LTDC RIF.RISUP.LTDC_L0L1.Privilege -> RIF.RISUP.LTDC_L1L2.Privilege is applicable
2025-12-04 09:11:21,531 [INFO] Rule:233 - rule Rename STM32MP2 RIF Peripheral LTDC RIF.RISUP.LTDC_L0L1.Lock -> RIF.RISUP.LTDC_L1L2.Lock is applicable
2025-12-04 09:11:21,531 [INFO] Rule:233 - rule Rename STM32MP2 RIF Peripheral LTDC RIF.RISUP.LTDC_L2.Lock -> RIF.RISUP.LTDC_L3.Lock is applicable
2025-12-04 09:11:21,531 [INFO] Rule:233 - rule Adapt the old IOC example for updating the SYS when it is misconfigured. is applicable
2025-12-04 09:11:21,531 [INFO] Rule:233 - rule Rename STM32C09 Mcu.Package LQFP64 -> LQFP48 is applicable
2025-12-04 09:11:21,531 [INFO] Rule:233 - rule Adapt the old IOC example for updating the SYS when it is misconfigured. is applicable
2025-12-04 09:11:21,531 [INFO] Rule:233 - rule Adapt the old IOC example for updating the SYS when it is misconfigured. is applicable
2025-12-04 09:11:21,531 [INFO] DbConfProperties:307 - Apply Compatibility (4/20 Rules)
2025-12-04 09:11:21,565 [INFO] ImportTextPane:234 - (OptionalMessage_ERROR) Pin13 (VP_RIF_VS_RIF1) cannot be retrieved for this MCU
2025-12-04 09:11:21,733 [INFO] RtosManager:558 - Registered RTOS mode: class=CMSIS, group=RTOS, mode=CMSIS_V1, owner=FREERTOS
2025-12-04 09:11:21,733 [INFO] RtosManager:558 - Registered RTOS mode: class=CMSIS, group=RTOS2, mode=CMSIS_V2, owner=FREERTOS
2025-12-04 09:11:21,733 [INFO] RtosManager:558 - Registered RTOS mode: class=RTOS, group=Core, mode=CMSIS_V1, owner=FREERTOS
2025-12-04 09:11:21,733 [INFO] RtosManager:558 - Registered RTOS mode: class=RTOS, group=Core, mode=CMSIS_V2, owner=FREERTOS
2025-12-04 09:11:21,733 [WARN] ModelIntegratedComponent:184 - Missing modes for component STMicroelectronics:FreeRTOS:0.0.1:STMicroelectronics:RTOS:FreeRTOS:Core:::10.2.0:
2025-12-04 09:11:21,749 [WARN] ModelIntegratedComponent:182 - Modes not found for component STMicroelectronics:USB_HOST:1.0.0:STMicroelectronics:USB::USB Host:Audio HS::1.0:USB_HOST_1_0_RESTRICTED_HS
2025-12-04 09:11:21,749 [WARN] ModelIntegratedComponent:188 - Modes not found for component STMicroelectronics:USB_HOST:1.0.0:STMicroelectronics:USB::USB Host:Audio HS::1.0:USB_HOST_1_0_RESTRICTED_HS
2025-12-04 09:11:21,749 [WARN] ModelIntegratedComponent:182 - Modes not found for component STMicroelectronics:USB_HOST:1.0.0:STMicroelectronics:USB::USB Host:CDC HS::1.0:USB_HOST_1_0_RESTRICTED_HS
2025-12-04 09:11:21,749 [WARN] ModelIntegratedComponent:188 - Modes not found for component STMicroelectronics:USB_HOST:1.0.0:STMicroelectronics:USB::USB Host:CDC HS::1.0:USB_HOST_1_0_RESTRICTED_HS
2025-12-04 09:11:21,749 [WARN] ModelIntegratedComponent:182 - Modes not found for component STMicroelectronics:USB_HOST:1.0.0:STMicroelectronics:USB::USB Host:MSC HS::1.0:USB_HOST_1_0_RESTRICTED_HS
2025-12-04 09:11:21,749 [WARN] ModelIntegratedComponent:188 - Modes not found for component STMicroelectronics:USB_HOST:1.0.0:STMicroelectronics:USB::USB Host:MSC HS::1.0:USB_HOST_1_0_RESTRICTED_HS
2025-12-04 09:11:21,749 [WARN] ModelIntegratedComponent:182 - Modes not found for component STMicroelectronics:USB_HOST:1.0.0:STMicroelectronics:USB::USB Host:HID HS::1.0:USB_HOST_1_0_RESTRICTED_HS
2025-12-04 09:11:21,749 [WARN] ModelIntegratedComponent:188 - Modes not found for component STMicroelectronics:USB_HOST:1.0.0:STMicroelectronics:USB::USB Host:HID HS::1.0:USB_HOST_1_0_RESTRICTED_HS
2025-12-04 09:11:21,749 [WARN] ModelIntegratedComponent:182 - Modes not found for component STMicroelectronics:USB_HOST:1.0.0:STMicroelectronics:USB::USB Host:MTP HS::1.0:USB_HOST_1_0_RESTRICTED_HS
2025-12-04 09:11:21,749 [WARN] ModelIntegratedComponent:188 - Modes not found for component STMicroelectronics:USB_HOST:1.0.0:STMicroelectronics:USB::USB Host:MTP HS::1.0:USB_HOST_1_0_RESTRICTED_HS
2025-12-04 09:11:21,749 [WARN] ModelIntegratedComponent:63 - No mode defined for component null
2025-12-04 09:11:21,749 [WARN] ModelIntegratedComponent:63 - No mode defined for component null
2025-12-04 09:11:21,749 [WARN] ModelIntegratedComponent:63 - No mode defined for component null
2025-12-04 09:11:21,749 [WARN] ModelIntegratedComponent:63 - No mode defined for component null
2025-12-04 09:11:21,749 [WARN] ModelIntegratedComponent:63 - No mode defined for component null
2025-12-04 09:11:21,749 [WARN] ModelIntegratedComponent:63 - No mode defined for component null
2025-12-04 09:11:21,749 [WARN] ModelIntegratedComponent:63 - No mode defined for component null
2025-12-04 09:11:21,749 [WARN] ModelIntegratedComponent:63 - No mode defined for component null
2025-12-04 09:11:21,749 [WARN] ModelIntegratedComponent:63 - No mode defined for component null
2025-12-04 09:11:21,749 [WARN] ModelIntegratedComponent:63 - No mode defined for component null
2025-12-04 09:11:21,749 [WARN] ModelIntegratedComponent:63 - No mode defined for component null
2025-12-04 09:11:21,749 [WARN] ModelIntegratedComponent:63 - No mode defined for component null
2025-12-04 09:11:21,749 [WARN] ModelIntegratedComponent:63 - No mode defined for component null
2025-12-04 09:11:21,749 [WARN] ModelIntegratedComponent:63 - No mode defined for component null
2025-12-04 09:11:21,749 [WARN] ModelIntegratedComponent:63 - No mode defined for component null
2025-12-04 09:11:21,749 [WARN] ModelIntegratedComponent:63 - No mode defined for component null
2025-12-04 09:11:21,749 [WARN] ModelIntegratedComponent:63 - No mode defined for component null
2025-12-04 09:11:21,749 [WARN] ModelIntegratedComponent:63 - No mode defined for component null
2025-12-04 09:11:21,749 [WARN] ModelIntegratedComponent:63 - No mode defined for component null
2025-12-04 09:11:21,749 [WARN] ModelIntegratedComponent:63 - No mode defined for component null
2025-12-04 09:11:21,749 [WARN] ModelIntegratedComponent:63 - No mode defined for component null
2025-12-04 09:11:21,749 [WARN] ModelIntegratedComponent:63 - No mode defined for component null
2025-12-04 09:11:21,749 [WARN] ModelIntegratedComponent:63 - No mode defined for component null
2025-12-04 09:11:21,749 [WARN] ModelIntegratedComponent:63 - No mode defined for component null
2025-12-04 09:11:21,749 [WARN] ModelIntegratedComponent:63 - No mode defined for component null
2025-12-04 09:11:21,749 [WARN] ModelIntegratedComponent:63 - No mode defined for component null
2025-12-04 09:11:21,749 [WARN] ModelIntegratedComponent:63 - No mode defined for component null
2025-12-04 09:11:21,749 [WARN] ModelIntegratedComponent:63 - No mode defined for component null
2025-12-04 09:11:21,749 [WARN] ModelIntegratedComponent:63 - No mode defined for component null
2025-12-04 09:11:21,749 [WARN] ModelIntegratedComponent:63 - No mode defined for component null
2025-12-04 09:11:21,749 [WARN] ModelIntegratedComponent:63 - No mode defined for component null
2025-12-04 09:11:21,749 [WARN] ModelIntegratedComponent:63 - No mode defined for component null
2025-12-04 09:11:21,749 [WARN] ModelIntegratedComponent:63 - No mode defined for component null
2025-12-04 09:11:21,749 [WARN] ModelIntegratedComponent:63 - No mode defined for component null
2025-12-04 09:11:21,749 [WARN] ModelIntegratedComponent:63 - No mode defined for component null
2025-12-04 09:11:21,749 [WARN] ModelPack:524 - Component already loaded: STMicroelectronics:HAL Drivers:0.0.0:STMicroelectronics:Device:STMicro_Driver:XSPI:HAL::0.0.1:HAL_XSPI
2025-12-04 09:11:21,765 [WARN] ModelIntegratedComponent:182 - Modes not found for component STMicroelectronics:USB_DEVICE:1.0.0:STMicroelectronics:USB::USB Device:Audio HS::1.0:USB_DEVICE_1_0_RESTRICTED_HS
2025-12-04 09:11:21,765 [WARN] ModelIntegratedComponent:188 - Modes not found for component STMicroelectronics:USB_DEVICE:1.0.0:STMicroelectronics:USB::USB Device:Audio HS::1.0:USB_DEVICE_1_0_RESTRICTED_HS
2025-12-04 09:11:21,765 [WARN] ModelIntegratedComponent:182 - Modes not found for component STMicroelectronics:USB_DEVICE:1.0.0:STMicroelectronics:USB::USB Device:CDC HS::1.0:USB_DEVICE_1_0_RESTRICTED_HS
2025-12-04 09:11:21,765 [WARN] ModelIntegratedComponent:188 - Modes not found for component STMicroelectronics:USB_DEVICE:1.0.0:STMicroelectronics:USB::USB Device:CDC HS::1.0:USB_DEVICE_1_0_RESTRICTED_HS
2025-12-04 09:11:21,765 [WARN] ModelIntegratedComponent:182 - Modes not found for component STMicroelectronics:USB_DEVICE:1.0.0:STMicroelectronics:USB::USB Device:DFU HS::1.0:USB_DEVICE_1_0_RESTRICTED_HS
2025-12-04 09:11:21,765 [WARN] ModelIntegratedComponent:188 - Modes not found for component STMicroelectronics:USB_DEVICE:1.0.0:STMicroelectronics:USB::USB Device:DFU HS::1.0:USB_DEVICE_1_0_RESTRICTED_HS
2025-12-04 09:11:21,765 [WARN] ModelIntegratedComponent:182 - Modes not found for component STMicroelectronics:USB_DEVICE:1.0.0:STMicroelectronics:USB::USB Device:HID HS::1.0:USB_DEVICE_1_0_RESTRICTED_HS
2025-12-04 09:11:21,765 [WARN] ModelIntegratedComponent:188 - Modes not found for component STMicroelectronics:USB_DEVICE:1.0.0:STMicroelectronics:USB::USB Device:HID HS::1.0:USB_DEVICE_1_0_RESTRICTED_HS
2025-12-04 09:11:21,765 [WARN] ModelIntegratedComponent:182 - Modes not found for component STMicroelectronics:USB_DEVICE:1.0.0:STMicroelectronics:USB::USB Device:Custom HID HS::1.0:USB_DEVICE_1_0_RESTRICTED_HS
2025-12-04 09:11:21,765 [WARN] ModelIntegratedComponent:188 - Modes not found for component STMicroelectronics:USB_DEVICE:1.0.0:STMicroelectronics:USB::USB Device:Custom HID HS::1.0:USB_DEVICE_1_0_RESTRICTED_HS
2025-12-04 09:11:21,765 [WARN] ModelIntegratedComponent:182 - Modes not found for component STMicroelectronics:USB_DEVICE:1.0.0:STMicroelectronics:USB::USB Device:MSC HS::1.0:USB_DEVICE_1_0_RESTRICTED_HS
2025-12-04 09:11:21,765 [WARN] ModelIntegratedComponent:188 - Modes not found for component STMicroelectronics:USB_DEVICE:1.0.0:STMicroelectronics:USB::USB Device:MSC HS::1.0:USB_DEVICE_1_0_RESTRICTED_HS
2025-12-04 09:11:21,781 [INFO] ThirdPartyModel:298 - Start build external matchings
2025-12-04 09:11:22,034 [INFO] ThirdPartyModel:316 - End build external matchings
2025-12-04 09:11:22,036 [INFO] ImportTextPane:234 - (OptionalMessage_ERROR) IP (RCC) : Parameter (RTCHSEDivFreq_Value) has invalid value (12500000)
2025-12-04 09:11:22,048 [WARN] IP:2250 - DEVICE_SERIAL0_DFU_FS not found: check if there is a RefParameter without a condition.
2025-12-04 09:11:22,048 [WARN] IP:2250 - DEVICE_SERIAL1_DFU_FS not found: check if there is a RefParameter without a condition.
2025-12-04 09:11:22,048 [WARN] IP:2250 - DEVICE_SERIAL2_DFU_FS not found: check if there is a RefParameter without a condition.
2025-12-04 09:11:22,737 [INFO] ApiDb:581 - Connected to CubeFinder SQLite database (C:\Users\Matyas\.stmcufinder\plugins\mcufinder\mcu\cube-finder-db.db)
2025-12-04 09:11:22,814 [INFO] ApiDb:668 - CubeFinder database Data Model version=2.1
2025-12-04 09:11:22,814 [INFO] ApiDb:669 - CubeFinder database Configuration version=3.0.39
2025-12-04 09:11:22,815 [INFO] ApiDb:670 - CubeFinder database generation date=2025-11-05 (1762334721)
2025-12-04 09:11:22,815 [INFO] ApiDb:671 - CubeFinder database FW Pack versions=[FP-ATR-ASTRA1_V2.0.0, FP-SNS-FLIGHT1_V5.1.0, FP-SNS-MOTENV1_V5.1.0, FP-SNS-MOTENVWB1_V1.4.0, FP-SNS-SMARTAG2_V1.2.0, FP-SNS-STBOX1_V2.1.0, STM32Cube_FW_C0_V1.4.0, STM32Cube_FW_F4_V1.28.3, STM32Cube_FW_F7_V1.17.4, STM32Cube_FW_G0_V1.6.2, STM32Cube_FW_G4_V1.6.1, STM32Cube_FW_H5_V1.5.1, STM32Cube_FW_H7RS_V1.3.0, STM32Cube_FW_H7_V1.12.1, STM32Cube_FW_L0_V1.12.2, STM32Cube_FW_L4_V1.18.1, STM32Cube_FW_L5_V1.6.0, STM32Cube_FW_N6_V1.3.0, STM32Cube_FW_U0_V1.3.0, STM32Cube_FW_U3_V1.2.1, STM32Cube_FW_U5_V1.8.0, STM32Cube_FW_WB0_V1.4.0, STM32Cube_FW_WBA_V1.8.0, STM32Cube_FW_WB_V1.24.0, STM32Cube_FW_WL3_V1.3.0, STM32Cube_FW_WL_V1.4.0, X-CUBE-ALGOBUILD_V1.4.0, X-CUBE-ALS_V1.0.2, X-CUBE-AZRTOS-F4_V1.1.0, X-CUBE-AZRTOS-F7_V1.1.0, X-CUBE-AZRTOS-G0_V1.1.0, X-CUBE-AZRTOS-G4_V2.0.0, X-CUBE-AZRTOS-H7RS_V1.1.0, X-CUBE-AZRTOS-H7_V3.4.0, X-CUBE-AZRTOS-L4_V2.0.0, X-CUBE-AZRTOS-L5_V2.0.0, X-CUBE-AZRTOS-WB_V2.0.0, X-CUBE-AZRTOS-WL_V2.0.0, X-CUBE-BLE1_V7.1.0, X-CUBE-BLE2_V3.3.0, X-CUBE-BLEMGR_V4.1.0, X-CUBE-EEPRMA1_V5.2.0, X-CUBE-FREERTOS_V1.3.1, X-CUBE-GNSS1_V6.0.0, X-CUBE-MEMS1_V11.3.0, X-CUBE-NFC4_V3.0.0, X-CUBE-NFC7_V2.0.0, X-CUBE-SFXS2LP1_V4.0.0, X-CUBE-ST67W61_V1.1.0, X-CUBE-SUBG2_V5.0.0, X-CUBE-TOF1_V3.4.3]
2025-12-04 09:11:22,910 [INFO] DbBoardsSqlite:226 - include board P-NUCLEO-WB55-NUCLEO as a kit item of type 'Nucleo-64'
2025-12-04 09:11:22,911 [INFO] DbBoardsSqlite:226 - include board P-NUCLEO-WB55-USBDONGLE as a kit item of type 'Nucleo USB Dongle'
2025-12-04 09:11:22,911 [INFO] DbBoardsSqlite:226 - include board STEVAL-IDP005V1 as a kit item of type 'Evaluation Board'
2025-12-04 09:11:22,912 [INFO] DbBoardsSqlite:226 - include board STEVAL-IDP005V2 as a kit item of type 'Evaluation Board'
2025-12-04 09:11:23,375 [INFO] ApiDb:240 - Found 880 in-development CPN: [B-G473E-ZEST1S, B-WB1M-WPAN1, B-WBA5M-WPAN, B-WL5M-SUBG1, NUCLEO-C031C6, NUCLEO-C051C8, NUCLEO-C071RB, NUCLEO-C092RC, NUCLEO-H503RB, NUCLEO-H533RE, NUCLEO-H563ZI, NUCLEO-H7S3L8, NUCLEO-N657X0-Q, NUCLEO-U031R8, NUCLEO-U083RC, NUCLEO-U385RG-Q, NUCLEO-U545RE-Q, NUCLEO-U5A5ZJ-Q, NUCLEO-WB05KZ, NUCLEO-WB07CC, NUCLEO-WB09KE, NUCLEO-WBA52CG, NUCLEO-WBA55CG, NUCLEO-WL33CC1, NUCLEO-WL33CC2, STEVAL-PROTEUS1, STEVAL-SMARTAG2, STEVAL-STWINBX1, STM320518-EVAL, STM32C0116-DK, STM32C011D6Y3TR, STM32C011D6Y6TR, STM32C011F4P3, STM32C011F4P6, STM32C011F4U3, STM32C011F4U6TR, STM32C011F6P3, STM32C011F6P6, STM32C011F6U3, STM32C011F6U6TR, STM32C011J4M3, STM32C011J4M6, STM32C011J6M3, STM32C011J6M6, STM32C0316-DK, STM32C031C4T3, STM32C031C4T6, STM32C031C4U3, STM32C031C4U6, STM32C031C6T3, STM32C031C6T6, STM32C031C6U3, STM32C031C6U6, STM32C031F4P3, STM32C031F4P6, STM32C031F6P3, STM32C031F6P6, STM32C031G4U3, STM32C031G4U6, STM32C031G6U3, STM32C031G6U6, STM32C031K4T3, STM32C031K4T6, STM32C031K4U3, STM32C031K4U6, STM32C031K6T3, STM32C031K6T6, STM32C031K6U3, STM32C031K6U6, STM32C051C6T6, STM32C051C6U6, STM32C051C8T6, STM32C051C8U6, STM32C051D8Y6TR, STM32C051F6P6, STM32C051F8P6, STM32C051G6U6, STM32C051G8U6, STM32C051K6T6, STM32C051K6U6, STM32C051K8T6, STM32C071C8T6, STM32C071C8T6N, STM32C071C8U6, STM32C071C8U6N, STM32C071CBT6, STM32C071CBT6N, STM32C071CBU6, STM32C071CBU6N, STM32C071F8P6, STM32C071F8P6N, STM32C071FBP6, STM32C071FBP6N, STM32C071FBY6TR, STM32C071G8U6, STM32C071G8U6N, STM32C071GBU6, STM32C071GBU6N, STM32C071K8T6, STM32C071K8T6N, STM32C071K8U6, STM32C071K8U6N, STM32C071KBT6, STM32C071KBT6N, STM32C071KBU6, STM32C071KBU6N, STM32C071R8T6, STM32C071R8T6N, STM32C071RBI6N, STM32C071RBT6, STM32C071RBT6N, STM32C091CBT6, STM32C091CBU6, STM32C091CCT6, STM32C091CCU6, STM32C091ECY6TR, STM32C091FBP6, STM32C091FCP6, STM32C091GBU6, STM32C091GCU6, STM32C091KBT6, STM32C091KBU6, STM32C091KCT6, STM32C091KCU6, STM32C091RBT6, STM32C091RCI6, STM32C091RCT6, STM32C092CBT6, STM32C092CBU6, STM32C092CCT6, STM32C092CCU6, STM32C092ECY6TR, STM32C092FBP6, STM32C092FCP6, STM32C092GBU6, STM32C092GCU6, STM32C092KBT6, STM32C092KBU6, STM32C092KCT6, STM32C092KCU6, STM32C092RBT6, STM32C092RCI6, STM32C092RCT6, STM32G071K8TXN, STM32G071K8UXN, STM32G081GBU6N, STM32G081KBT6N, STM32G081KBUXN, STM32G0B1CCT6N, STM32G0B1KCT6, STM32G0B1NEY6TR, STM32G0B1RCT6N, STM32G0C1CCT6, STM32G0C1CCT6N, STM32G0C1CCU6N, STM32G0C1CET6N, STM32G0C1CEU6N, STM32G0C1KCT6, STM32G0C1NEY6TR, STM32G0C1RCI6N, STM32G0C1RCT6N, STM32G0C1REI6N, STM32G0C1RET6N, STM32G0C1VCI6, STM32G0C1VEI6, STM32G411C6T3, STM32G411C6T6, STM32G411C6U3, STM32G411C6U6, STM32G411C8T3, STM32G411C8T6, STM32G411C8U3, STM32G411C8U6, STM32G411CBT3, STM32G411CBT6, STM32G411CBU3, STM32G411CBU6, STM32G411K6T3, STM32G411K6T6, STM32G411K6U3, STM32G411K6U6, STM32G411K8T3, STM32G411K8T6, STM32G411K8U3, STM32G411K8U6, STM32G411KBT3, STM32G411KBT6, STM32G411KBU3, STM32G411KBU6, STM32G411M6T3, STM32G411M6T6, STM32G411M8T3, STM32G411M8T6, STM32G411MBT3, STM32G411MBT6, STM32G411R6T3, STM32G411R6T6, STM32G411R8T3, STM32G411R8T6, STM32G411RBT3, STM32G411RBT6, STM32G414CBT3, STM32G414CBT6, STM32G414CBU3, STM32G414CBU6, STM32G414CCT3, STM32G414CCT6, STM32G414CCU3, STM32G414CCU6, STM32G414MBT3, STM32G414MBT6, STM32G414MCT3, STM32G414MCT6, STM32G414RBT3, STM32G414RBT6, STM32G414RCT3, STM32G414RCT6, STM32G414VBT3, STM32G414VBT6, STM32G414VCT3, STM32G414VCT6, STM32G431CBT3Z, STM32G431RBT3Z, STM32G471CCT6, STM32G471CCU6, STM32G471CET3, STM32G471CET6, STM32G471CEU3, STM32G471CEU6, STM32G471MCT6, STM32G471MET3, STM32G471MET6, STM32G471MEY6TR, STM32G471QCT6, STM32G471QET3, STM32G471RCT6, STM32G471RET3, STM32G471RET6, STM32G471VCH6, STM32G471VCI6, STM32G471VCT6, STM32G471VEH3, STM32G471VEH6, STM32G471VEI3, STM32G471VEI6, STM32G471VET3, STM32G471VET6, STM32G473QET3Z, STM32G473RET3Z, STM32G474CCT6, STM32G491RET3Z, STM32H503CBT6, STM32H503CBU6, STM32H503EBY6TR, STM32H503KBU6, STM32H503RBT6, STM32H523CCT6, STM32H523CCU6, STM32H523CET6, STM32H523CEU6, STM32H523HEY6TR, STM32H523RCT6, STM32H523RET6, STM32H523VCI6, STM32H523VCT6, STM32H523VEI6, STM32H523VET6, STM32H523ZCJ6, STM32H523ZCT6, STM32H523ZEJ6, STM32H523ZET6, STM32H533CET6, STM32H533CEU6, STM32H533HEY6TR, STM32H533RET6, STM32H533VEI6, STM32H533VET6, STM32H533ZEJ6, STM32H533ZET6, STM32H562AGI6, STM32H562AII6, STM32H562IGK6, STM32H562IGT6, STM32H562IIK6, STM32H562IIT6, STM32H562RGT6, STM32H562RGV6, STM32H562RIT6, STM32H562RIV6, STM32H562VGT6, STM32H562VIT6, STM32H562ZGT6, STM32H562ZIT6, STM32H563AGI6, STM32H563AII3Q, STM32H563AII6, STM32H563IGK6, STM32H563IGT6, STM32H563IIK3Q, STM32H563IIK6, STM32H563IIT3Q, STM32H563IIT6, STM32H563MIY3QTR, STM32H563RGT6, STM32H563RGV6, STM32H563RIT6, STM32H563RIV6, STM32H563VGT6, STM32H563VIT3Q, STM32H563VIT6, STM32H563ZGT6, STM32H563ZIT3Q, STM32H563ZIT6, STM32H573AII3Q, STM32H573AII6, STM32H573I-DK, STM32H573IIK3Q, STM32H573IIK6, STM32H573IIT3Q, STM32H573IIT6, STM32H573MIY3QTR, STM32H573RIT6, STM32H573RIV6, STM32H573VIT3Q, STM32H573VIT6, STM32H573ZIT3Q, STM32H573ZIT6, STM32H7R3A8I6, STM32H7R3I8K6, STM32H7R3I8T6, STM32H7R3L8H6, STM32H7R3L8H6H, STM32H7R3R8V6, STM32H7R3V8H6, STM32H7R3V8T6, STM32H7R3V8Y6TR, STM32H7R3Z8J6, STM32H7R3Z8T6, STM32H7R7A8I6, STM32H7R7I8K6, STM32H7R7I8T6, STM32H7R7L8H6, STM32H7R7L8H6H, STM32H7R7Z8J6, STM32H7S3A8I6, STM32H7S3I8K6, STM32H7S3I8T6, STM32H7S3L8H6, STM32H7S3L8H6H, STM32H7S3R8V6, STM32H7S3V8H6, STM32H7S3V8T6, STM32H7S3V8Y6TR, STM32H7S3Z8J6, STM32H7S3Z8T6, STM32H7S78-DK, STM32H7S7A8I6, STM32H7S7I8K6, STM32H7S7I8T6, STM32H7S7L8H6, STM32H7S7L8H6H, STM32H7S7Z8J6, STM32L4R5QGI6STR, STM32MP131AAE3, STM32MP131AAF3, STM32MP131AAG3, STM32MP131CAE3, STM32MP131CAF3, STM32MP131CAG3, STM32MP131DAE7, STM32MP131DAF7, STM32MP131DAG7, STM32MP131FAE7, STM32MP131FAF7, STM32MP131FAG7, STM32MP133AAE3, STM32MP133AAF3, STM32MP133AAG3, STM32MP133CAE3, STM32MP133CAF3, STM32MP133CAG3, STM32MP133DAE7, STM32MP133DAF7, STM32MP133DAG7, STM32MP133FAE7, STM32MP133FAF7, STM32MP133FAG7, STM32MP135AAE3, STM32MP135AAF3, STM32MP135AAG3, STM32MP135CAE3, STM32MP135CAF3, STM32MP135CAG3, STM32MP135DAE7, STM32MP135DAF7, STM32MP135DAG7, STM32MP135F-DK, STM32MP135FAE7, STM32MP135FAF7, STM32MP135FAF7T, STM32MP135FAF7U, STM32MP135FAG7, STM32MP211AAL3, STM32MP211AAM3, STM32MP211AAN3, STM32MP211AAO3, STM32MP211CAL3, STM32MP211CAM3, STM32MP211CAN3, STM32MP211CAO3, STM32MP211DAL3, STM32MP211DAM3, STM32MP211DAN3, STM32MP211DAO3, STM32MP211FAL3, STM32MP211FAM3, STM32MP211FAN3, STM32MP211FAO3, STM32MP213AAL3, STM32MP213AAM3, STM32MP213AAN3, STM32MP213AAO3, STM32MP213CAL3, STM32MP213CAM3, STM32MP213CAN3, STM32MP213CAO3, STM32MP213DAL3, STM32MP213DAM3, STM32MP213DAN3, STM32MP213DAO3, STM32MP213FAL3, STM32MP213FAM3, STM32MP213FAN3, STM32MP213FAO3, STM32MP215AAL3, STM32MP215AAM3, STM32MP215AAN3, STM32MP215AAO3, STM32MP215CAL3, STM32MP215CAM3, STM32MP215CAN3, STM32MP215CAO3, STM32MP215DAL3, STM32MP215DAM3, STM32MP215DAN3, STM32MP215DAO3, STM32MP215F-DK, STM32MP215FAL3, STM32MP215FAM3, STM32MP215FAN3, STM32MP215FAO3, STM32MP231AAJ3, STM32MP231AAK3, STM32MP231AAL3, STM32MP231CAJ3, STM32MP231CAK3, STM32MP231CAL3, STM32MP231DAJ3, STM32MP231DAK3, STM32MP231DAL3, STM32MP231FAJ3, STM32MP231FAK3, STM32MP231FAL3, STM32MP233AAJ3, STM32MP233AAK3, STM32MP233AAL3, STM32MP233CAJ3, STM32MP233CAK3, STM32MP233CAL3, STM32MP233DAJ3, STM32MP233DAK3, STM32MP233DAL3, STM32MP233FAJ3, STM32MP233FAK3, STM32MP233FAL3, STM32MP235AAJ3, STM32MP235AAK3, STM32MP235AAL3, STM32MP235CAJ3, STM32MP235CAK3, STM32MP235CAL3, STM32MP235DAJ3, STM32MP235DAK3, STM32MP235DAL3, STM32MP235FAJ3, STM32MP235FAK3, STM32MP235FAL3, STM32MP251AAI3, STM32MP251AAK3, STM32MP251AAL3, STM32MP251CAI3, STM32MP251CAK3, STM32MP251CAL3, STM32MP251DAI3, STM32MP251DAK3, STM32MP251DAL3, STM32MP251FAI3, STM32MP251FAK3, STM32MP251FAL3, STM32MP253AAI3, STM32MP253AAK3, STM32MP253AAL3, STM32MP253CAI3, STM32MP253CAK3, STM32MP253CAL3, STM32MP253DAI3, STM32MP253DAK3, STM32MP253DAL3, STM32MP253FAI3, STM32MP253FAK3, STM32MP253FAL3, STM32MP255AAI3, STM32MP255AAK3, STM32MP255AAL3, STM32MP255CAI3, STM32MP255CAK3, STM32MP255CAL3, STM32MP255DAI3, STM32MP255DAK3, STM32MP255DAL3, STM32MP255FAI3, STM32MP255FAK3, STM32MP255FAL3, STM32MP257AAI3, STM32MP257AAK3, STM32MP257AAL3, STM32MP257CAI3, STM32MP257CAK3, STM32MP257CAL3, STM32MP257DAI3, STM32MP257DAK3, STM32MP257DAL3, STM32MP257F-DK, STM32MP257F-EV1, STM32MP257FAI3, STM32MP257FAK3, STM32MP257FAL3, STM32N645A0H3Q, STM32N645B0H3Q, STM32N645I0H3Q, STM32N645L0H3Q, STM32N645X0H3Q, STM32N645Z0H3Q, STM32N647A0H3Q, STM32N647B0H3Q, STM32N647I0H3Q, STM32N647L0H3Q, STM32N647X0H3Q, STM32N647Z0H3Q, STM32N655A0H3Q, STM32N655B0H3Q, STM32N655I0H3Q, STM32N655L0H3Q, STM32N655X0H3Q, STM32N655Z0H3Q, STM32N6570-DK, STM32N657A0H3Q, STM32N657B0H3Q, STM32N657I0H3Q, STM32N657L0H3Q, STM32N657X0H3Q, STM32N657Z0H3Q, STM32U031C6T6, STM32U031C6U6, STM32U031C8T6, STM32U031C8U6, STM32U031F4P6, STM32U031F6P6, STM32U031F8P6, STM32U031G6Y6TR, STM32U031G8Y6TR, STM32U031K4U6, STM32U031K6U6, STM32U031K8U6, STM32U031R6I6, STM32U031R6T6, STM32U031R8I6, STM32U031R8T6, STM32U073C8T6, STM32U073C8U6, STM32U073CBT6, STM32U073CBU6, STM32U073CCT6, STM32U073CCU6, STM32U073H8Y6TR, STM32U073HBY6TR, STM32U073HCY6TR, STM32U073K8U6, STM32U073KBU6, STM32U073KCU6, STM32U073M8I6, STM32U073M8T6, STM32U073MBI6, STM32U073MBT6, STM32U073MCI6, STM32U073MCT6, STM32U073R8I6, STM32U073R8T6, STM32U073RBI6, STM32U073RBT6, STM32U073RCI6, STM32U073RCT6, STM32U083C-DK, STM32U083CCT6, STM32U083CCU6, STM32U083HCY6TR, STM32U083KCU6, STM32U083MCI6, STM32U083MCT6, STM32U083RCI6, STM32U083RCT6, STM32U375CET6, STM32U375CET6Q, STM32U375CEU6, STM32U375CEU6Q, STM32U375CEY6QTR, STM32U375CGT6, STM32U375CGT6Q, STM32U375CGU6, STM32U375CGU6Q, STM32U375CGY6QTR, STM32U375KEU6, STM32U375KGU6, STM32U375REI6, STM32U375REI6Q, STM32U375RET6, STM32U375RET6Q, STM32U375REY6GTR, STM32U375REY6QTR, STM32U375RGI6, STM32U375RGI6Q, STM32U375RGT6, STM32U375RGT6Q, STM32U375RGY6GTR, STM32U375RGY6QTR, STM32U375VEI6, STM32U375VEI6Q, STM32U375VET6, STM32U375VET6Q, STM32U375VGI6, STM32U375VGI6Q, STM32U375VGT6, STM32U375VGT6Q, STM32U385CGT6, STM32U385CGT6Q, STM32U385CGU6, STM32U385CGU6Q, STM32U385CGY6QTR, STM32U385KGU6, STM32U385RGI6, STM32U385RGI6Q, STM32U385RGT6, STM32U385RGT6Q, STM32U385RGY6GTR, STM32U385RGY6QTR, STM32U385VGI6, STM32U385VGI6Q, STM32U385VGT6, STM32U385VGT6Q, STM32U535CBT6, STM32U535CBT6Q, STM32U535CBU6, STM32U535CBU6Q, STM32U535CCT6, STM32U535CCT6Q, STM32U535CCU6, STM32U535CCU6Q, STM32U535CET6, STM32U535CET6Q, STM32U535CEU6, STM32U535CEU6Q, STM32U535JEY6QTR, STM32U535NCY6QTR, STM32U535NEY6QTR, STM32U535RBI6, STM32U535RBI6Q, STM32U535RBT6, STM32U535RBT6Q, STM32U535RCI6, STM32U535RCI6Q, STM32U535RCT6, STM32U535RCT6Q, STM32U535REI6, STM32U535REI6Q, STM32U535RET6, STM32U535RET6Q, STM32U535VCI6, STM32U535VCI6Q, STM32U535VCT6, STM32U535VCT6Q, STM32U535VEI6, STM32U535VEI6Q, STM32U535VET6, STM32U535VET6Q, STM32U545CET6, STM32U545CET6Q, STM32U545CEU6, STM32U545CEU6Q, STM32U545JEY6QTR, STM32U545NEY6QTR, STM32U545REI6, STM32U545REI6Q, STM32U545RET6, STM32U545RET6Q, STM32U545VEI6, STM32U545VEI6Q, STM32U545VET6, STM32U545VET6Q, STM32U595AIH6, STM32U595AIH6Q, STM32U595AJH6, STM32U595AJH6Q, STM32U595QII6, STM32U595QII6Q, STM32U595QJI6, STM32U595QJI6Q, STM32U595RIT6, STM32U595RIT6Q, STM32U595RJT6, STM32U595RJT6Q, STM32U595VIT6, STM32U595VIT6Q, STM32U595VJT6, STM32U595VJT6Q, STM32U595ZIT6, STM32U595ZIT6Q, STM32U595ZIY6QTR, STM32U595ZJT6, STM32U595ZJT6Q, STM32U595ZJY6QTR, STM32U599BJY6QTR, STM32U599NIH6Q, STM32U599NJH6Q, STM32U599VIT6Q, STM32U599VJT6, STM32U599VJT6Q, STM32U599ZIT6Q, STM32U599ZIY6QTR, STM32U599ZJT6Q, STM32U599ZJY6QTR, STM32U5A5AJH6, STM32U5A5AJH6Q, STM32U5A5QII3Q , STM32U5A5QJI6, STM32U5A5QJI6Q, STM32U5A5RJT6, STM32U5A5RJT6Q, STM32U5A5VJT6, STM32U5A5VJT6Q, STM32U5A5ZJT6, STM32U5A5ZJT6Q, STM32U5A5ZJY6QTR, STM32U5A9BJY6QTR, STM32U5A9J-DK, STM32U5A9NJH6Q, STM32U5A9VJT6Q, STM32U5A9ZJT6Q, STM32U5A9ZJY6QTR, STM32U5F7VIT6, STM32U5F7VIT6Q, STM32U5F7VJT6, STM32U5F7VJT6Q, STM32U5F9BJY6QTR, STM32U5F9NJH6Q, STM32U5F9VIT6Q, STM32U5F9VJT6Q, STM32U5F9ZIJ6QTR, STM32U5F9ZIT6Q, STM32U5F9ZJJ6QTR, STM32U5F9ZJT6Q, STM32U5G7VJT6, STM32U5G7VJT6Q, STM32U5G9BJY6QTR, STM32U5G9J-DK1, STM32U5G9J-DK2, STM32U5G9NJH6Q, STM32U5G9VJT6Q, STM32U5G9ZJJ6QTR, STM32U5G9ZJT6Q, STM32WB05KZV6TR, STM32WB05KZV7TR, STM32WB05TZF6TR, STM32WB05TZF7TR, STM32WB06CCF6TR, STM32WB06CCF7TR, STM32WB06CCV6TR, STM32WB06CCV7TR, STM32WB06KCV6TR, STM32WB06KCV7TR, STM32WB07CCF6TR, STM32WB07CCF7TR, STM32WB07CCV6TR, STM32WB07CCV7TR, STM32WB07KCV6TR, STM32WB07KCV7TR, STM32WB09KEV6TR, STM32WB09KEV7TR, STM32WB09TEF6TR, STM32WB09TEF7TR, STM32WB1MMCH6, STM32WBA50KGU6, STM32WBA50KGU6TR, STM32WBA52CEU6, STM32WBA52CEU6TR, STM32WBA52CEU7, STM32WBA52CEU7TR, STM32WBA52CGU6, STM32WBA52CGU6TR, STM32WBA52CGU6U, STM32WBA52CGU7, STM32WBA52CGU7TR, STM32WBA52KEU6, STM32WBA52KEU6TR, STM32WBA52KGU6, STM32WBA52KGU6TR, STM32WBA54CEU6, STM32WBA54CEU6TR, STM32WBA54CEU7, STM32WBA54CEU7TR, STM32WBA54CGU6, STM32WBA54CGU6TR, STM32WBA54CGU7, STM32WBA54CGU7TR, STM32WBA54KEU6, STM32WBA54KEU6TR, STM32WBA54KEU7, STM32WBA54KEU7TR, STM32WBA54KGU6, STM32WBA54KGU6TR, STM32WBA54KGU7, STM32WBA54KGU7TR, STM32WBA55CEU6, STM32WBA55CEU6TR, STM32WBA55CEU7, STM32WBA55CEU7TR, STM32WBA55CGU6, STM32WBA55CGU6TR, STM32WBA55CGU6U, STM32WBA55CGU7, STM32WBA55CGU7TR, STM32WBA55G-DK1, STM32WBA55HEF6, STM32WBA55HEF7, STM32WBA55HGF6, STM32WBA55HGF7, STM32WBA55UEI6, STM32WBA55UEI6TR, STM32WBA55UEI7, STM32WBA55UEI7TR, STM32WBA55UGI6, STM32WBA55UGI6TR, STM32WBA55UGI7, STM32WBA55UGI7TR, STM32WBA5MMGH6TR, STM32WBA62MGF6, STM32WBA62MIF6, STM32WBA65MGF7, STM32WBA65MIF6, STM32WBA65MIF7, STM32WL30K8V6, STM32WL30KBV6, STM32WL31C8V6, STM32WL31CBV6, STM32WL31K8V6, STM32WL31KBV6, STM32WL33C8V6, STM32WL33C8V6X, STM32WL33CBV6, STM32WL33CBV6X, STM32WL33CCV6, STM32WL33CCV6A, STM32WL33CCV6X, STM32WL33K8V7, STM32WL33K8V7X, STM32WL33KBV7 , STM32WL33KBV7X, STM32WL33KCV7, STM32WL33KCV7X, STM32WL5MOCH6, STM32WL5MOCH6TR]
2025-12-04 09:11:23,378 [INFO] ApiDb:668 - CubeFinder database Data Model version=2.1
2025-12-04 09:11:23,378 [INFO] ApiDb:669 - CubeFinder database Configuration version=3.0.39
2025-12-04 09:11:23,378 [INFO] ApiDb:670 - CubeFinder database generation date=2025-11-05 (1762334721)
2025-12-04 09:11:23,378 [INFO] ApiDb:671 - CubeFinder database FW Pack versions=[FP-ATR-ASTRA1_V2.0.0, FP-SNS-FLIGHT1_V5.1.0, FP-SNS-MOTENV1_V5.1.0, FP-SNS-MOTENVWB1_V1.4.0, FP-SNS-SMARTAG2_V1.2.0, FP-SNS-STBOX1_V2.1.0, STM32Cube_FW_C0_V1.4.0, STM32Cube_FW_F4_V1.28.3, STM32Cube_FW_F7_V1.17.4, STM32Cube_FW_G0_V1.6.2, STM32Cube_FW_G4_V1.6.1, STM32Cube_FW_H5_V1.5.1, STM32Cube_FW_H7RS_V1.3.0, STM32Cube_FW_H7_V1.12.1, STM32Cube_FW_L0_V1.12.2, STM32Cube_FW_L4_V1.18.1, STM32Cube_FW_L5_V1.6.0, STM32Cube_FW_N6_V1.3.0, STM32Cube_FW_U0_V1.3.0, STM32Cube_FW_U3_V1.2.1, STM32Cube_FW_U5_V1.8.0, STM32Cube_FW_WB0_V1.4.0, STM32Cube_FW_WBA_V1.8.0, STM32Cube_FW_WB_V1.24.0, STM32Cube_FW_WL3_V1.3.0, STM32Cube_FW_WL_V1.4.0, X-CUBE-ALGOBUILD_V1.4.0, X-CUBE-ALS_V1.0.2, X-CUBE-AZRTOS-F4_V1.1.0, X-CUBE-AZRTOS-F7_V1.1.0, X-CUBE-AZRTOS-G0_V1.1.0, X-CUBE-AZRTOS-G4_V2.0.0, X-CUBE-AZRTOS-H7RS_V1.1.0, X-CUBE-AZRTOS-H7_V3.4.0, X-CUBE-AZRTOS-L4_V2.0.0, X-CUBE-AZRTOS-L5_V2.0.0, X-CUBE-AZRTOS-WB_V2.0.0, X-CUBE-AZRTOS-WL_V2.0.0, X-CUBE-BLE1_V7.1.0, X-CUBE-BLE2_V3.3.0, X-CUBE-BLEMGR_V4.1.0, X-CUBE-EEPRMA1_V5.2.0, X-CUBE-FREERTOS_V1.3.1, X-CUBE-GNSS1_V6.0.0, X-CUBE-MEMS1_V11.3.0, X-CUBE-NFC4_V3.0.0, X-CUBE-NFC7_V2.0.0, X-CUBE-SFXS2LP1_V4.0.0, X-CUBE-ST67W61_V1.1.0, X-CUBE-SUBG2_V5.0.0, X-CUBE-TOF1_V3.4.3]
2025-12-04 09:11:25,414 [INFO] ApiDb:240 - Found 880 in-development CPN: [B-G473E-ZEST1S, B-WB1M-WPAN1, B-WBA5M-WPAN, B-WL5M-SUBG1, NUCLEO-C031C6, NUCLEO-C051C8, NUCLEO-C071RB, NUCLEO-C092RC, NUCLEO-H503RB, NUCLEO-H533RE, NUCLEO-H563ZI, NUCLEO-H7S3L8, NUCLEO-N657X0-Q, NUCLEO-U031R8, NUCLEO-U083RC, NUCLEO-U385RG-Q, NUCLEO-U545RE-Q, NUCLEO-U5A5ZJ-Q, NUCLEO-WB05KZ, NUCLEO-WB07CC, NUCLEO-WB09KE, NUCLEO-WBA52CG, NUCLEO-WBA55CG, NUCLEO-WL33CC1, NUCLEO-WL33CC2, STEVAL-PROTEUS1, STEVAL-SMARTAG2, STEVAL-STWINBX1, STM320518-EVAL, STM32C0116-DK, STM32C011D6Y3TR, STM32C011D6Y6TR, STM32C011F4P3, STM32C011F4P6, STM32C011F4U3, STM32C011F4U6TR, STM32C011F6P3, STM32C011F6P6, STM32C011F6U3, STM32C011F6U6TR, STM32C011J4M3, STM32C011J4M6, STM32C011J6M3, STM32C011J6M6, STM32C0316-DK, STM32C031C4T3, STM32C031C4T6, STM32C031C4U3, STM32C031C4U6, STM32C031C6T3, STM32C031C6T6, STM32C031C6U3, STM32C031C6U6, STM32C031F4P3, STM32C031F4P6, STM32C031F6P3, STM32C031F6P6, STM32C031G4U3, STM32C031G4U6, STM32C031G6U3, STM32C031G6U6, STM32C031K4T3, STM32C031K4T6, STM32C031K4U3, STM32C031K4U6, STM32C031K6T3, STM32C031K6T6, STM32C031K6U3, STM32C031K6U6, STM32C051C6T6, STM32C051C6U6, STM32C051C8T6, STM32C051C8U6, STM32C051D8Y6TR, STM32C051F6P6, STM32C051F8P6, STM32C051G6U6, STM32C051G8U6, STM32C051K6T6, STM32C051K6U6, STM32C051K8T6, STM32C071C8T6, STM32C071C8T6N, STM32C071C8U6, STM32C071C8U6N, STM32C071CBT6, STM32C071CBT6N, STM32C071CBU6, STM32C071CBU6N, STM32C071F8P6, STM32C071F8P6N, STM32C071FBP6, STM32C071FBP6N, STM32C071FBY6TR, STM32C071G8U6, STM32C071G8U6N, STM32C071GBU6, STM32C071GBU6N, STM32C071K8T6, STM32C071K8T6N, STM32C071K8U6, STM32C071K8U6N, STM32C071KBT6, STM32C071KBT6N, STM32C071KBU6, STM32C071KBU6N, STM32C071R8T6, STM32C071R8T6N, STM32C071RBI6N, STM32C071RBT6, STM32C071RBT6N, STM32C091CBT6, STM32C091CBU6, STM32C091CCT6, STM32C091CCU6, STM32C091ECY6TR, STM32C091FBP6, STM32C091FCP6, STM32C091GBU6, STM32C091GCU6, STM32C091KBT6, STM32C091KBU6, STM32C091KCT6, STM32C091KCU6, STM32C091RBT6, STM32C091RCI6, STM32C091RCT6, STM32C092CBT6, STM32C092CBU6, STM32C092CCT6, STM32C092CCU6, STM32C092ECY6TR, STM32C092FBP6, STM32C092FCP6, STM32C092GBU6, STM32C092GCU6, STM32C092KBT6, STM32C092KBU6, STM32C092KCT6, STM32C092KCU6, STM32C092RBT6, STM32C092RCI6, STM32C092RCT6, STM32G071K8TXN, STM32G071K8UXN, STM32G081GBU6N, STM32G081KBT6N, STM32G081KBUXN, STM32G0B1CCT6N, STM32G0B1KCT6, STM32G0B1NEY6TR, STM32G0B1RCT6N, STM32G0C1CCT6, STM32G0C1CCT6N, STM32G0C1CCU6N, STM32G0C1CET6N, STM32G0C1CEU6N, STM32G0C1KCT6, STM32G0C1NEY6TR, STM32G0C1RCI6N, STM32G0C1RCT6N, STM32G0C1REI6N, STM32G0C1RET6N, STM32G0C1VCI6, STM32G0C1VEI6, STM32G411C6T3, STM32G411C6T6, STM32G411C6U3, STM32G411C6U6, STM32G411C8T3, STM32G411C8T6, STM32G411C8U3, STM32G411C8U6, STM32G411CBT3, STM32G411CBT6, STM32G411CBU3, STM32G411CBU6, STM32G411K6T3, STM32G411K6T6, STM32G411K6U3, STM32G411K6U6, STM32G411K8T3, STM32G411K8T6, STM32G411K8U3, STM32G411K8U6, STM32G411KBT3, STM32G411KBT6, STM32G411KBU3, STM32G411KBU6, STM32G411M6T3, STM32G411M6T6, STM32G411M8T3, STM32G411M8T6, STM32G411MBT3, STM32G411MBT6, STM32G411R6T3, STM32G411R6T6, STM32G411R8T3, STM32G411R8T6, STM32G411RBT3, STM32G411RBT6, STM32G414CBT3, STM32G414CBT6, STM32G414CBU3, STM32G414CBU6, STM32G414CCT3, STM32G414CCT6, STM32G414CCU3, STM32G414CCU6, STM32G414MBT3, STM32G414MBT6, STM32G414MCT3, STM32G414MCT6, STM32G414RBT3, STM32G414RBT6, STM32G414RCT3, STM32G414RCT6, STM32G414VBT3, STM32G414VBT6, STM32G414VCT3, STM32G414VCT6, STM32G431CBT3Z, STM32G431RBT3Z, STM32G471CCT6, STM32G471CCU6, STM32G471CET3, STM32G471CET6, STM32G471CEU3, STM32G471CEU6, STM32G471MCT6, STM32G471MET3, STM32G471MET6, STM32G471MEY6TR, STM32G471QCT6, STM32G471QET3, STM32G471RCT6, STM32G471RET3, STM32G471RET6, STM32G471VCH6, STM32G471VCI6, STM32G471VCT6, STM32G471VEH3, STM32G471VEH6, STM32G471VEI3, STM32G471VEI6, STM32G471VET3, STM32G471VET6, STM32G473QET3Z, STM32G473RET3Z, STM32G474CCT6, STM32G491RET3Z, STM32H503CBT6, STM32H503CBU6, STM32H503EBY6TR, STM32H503KBU6, STM32H503RBT6, STM32H523CCT6, STM32H523CCU6, STM32H523CET6, STM32H523CEU6, STM32H523HEY6TR, STM32H523RCT6, STM32H523RET6, STM32H523VCI6, STM32H523VCT6, STM32H523VEI6, STM32H523VET6, STM32H523ZCJ6, STM32H523ZCT6, STM32H523ZEJ6, STM32H523ZET6, STM32H533CET6, STM32H533CEU6, STM32H533HEY6TR, STM32H533RET6, STM32H533VEI6, STM32H533VET6, STM32H533ZEJ6, STM32H533ZET6, STM32H562AGI6, STM32H562AII6, STM32H562IGK6, STM32H562IGT6, STM32H562IIK6, STM32H562IIT6, STM32H562RGT6, STM32H562RGV6, STM32H562RIT6, STM32H562RIV6, STM32H562VGT6, STM32H562VIT6, STM32H562ZGT6, STM32H562ZIT6, STM32H563AGI6, STM32H563AII3Q, STM32H563AII6, STM32H563IGK6, STM32H563IGT6, STM32H563IIK3Q, STM32H563IIK6, STM32H563IIT3Q, STM32H563IIT6, STM32H563MIY3QTR, STM32H563RGT6, STM32H563RGV6, STM32H563RIT6, STM32H563RIV6, STM32H563VGT6, STM32H563VIT3Q, STM32H563VIT6, STM32H563ZGT6, STM32H563ZIT3Q, STM32H563ZIT6, STM32H573AII3Q, STM32H573AII6, STM32H573I-DK, STM32H573IIK3Q, STM32H573IIK6, STM32H573IIT3Q, STM32H573IIT6, STM32H573MIY3QTR, STM32H573RIT6, STM32H573RIV6, STM32H573VIT3Q, STM32H573VIT6, STM32H573ZIT3Q, STM32H573ZIT6, STM32H7R3A8I6, STM32H7R3I8K6, STM32H7R3I8T6, STM32H7R3L8H6, STM32H7R3L8H6H, STM32H7R3R8V6, STM32H7R3V8H6, STM32H7R3V8T6, STM32H7R3V8Y6TR, STM32H7R3Z8J6, STM32H7R3Z8T6, STM32H7R7A8I6, STM32H7R7I8K6, STM32H7R7I8T6, STM32H7R7L8H6, STM32H7R7L8H6H, STM32H7R7Z8J6, STM32H7S3A8I6, STM32H7S3I8K6, STM32H7S3I8T6, STM32H7S3L8H6, STM32H7S3L8H6H, STM32H7S3R8V6, STM32H7S3V8H6, STM32H7S3V8T6, STM32H7S3V8Y6TR, STM32H7S3Z8J6, STM32H7S3Z8T6, STM32H7S78-DK, STM32H7S7A8I6, STM32H7S7I8K6, STM32H7S7I8T6, STM32H7S7L8H6, STM32H7S7L8H6H, STM32H7S7Z8J6, STM32L4R5QGI6STR, STM32MP131AAE3, STM32MP131AAF3, STM32MP131AAG3, STM32MP131CAE3, STM32MP131CAF3, STM32MP131CAG3, STM32MP131DAE7, STM32MP131DAF7, STM32MP131DAG7, STM32MP131FAE7, STM32MP131FAF7, STM32MP131FAG7, STM32MP133AAE3, STM32MP133AAF3, STM32MP133AAG3, STM32MP133CAE3, STM32MP133CAF3, STM32MP133CAG3, STM32MP133DAE7, STM32MP133DAF7, STM32MP133DAG7, STM32MP133FAE7, STM32MP133FAF7, STM32MP133FAG7, STM32MP135AAE3, STM32MP135AAF3, STM32MP135AAG3, STM32MP135CAE3, STM32MP135CAF3, STM32MP135CAG3, STM32MP135DAE7, STM32MP135DAF7, STM32MP135DAG7, STM32MP135F-DK, STM32MP135FAE7, STM32MP135FAF7, STM32MP135FAF7T, STM32MP135FAF7U, STM32MP135FAG7, STM32MP211AAL3, STM32MP211AAM3, STM32MP211AAN3, STM32MP211AAO3, STM32MP211CAL3, STM32MP211CAM3, STM32MP211CAN3, STM32MP211CAO3, STM32MP211DAL3, STM32MP211DAM3, STM32MP211DAN3, STM32MP211DAO3, STM32MP211FAL3, STM32MP211FAM3, STM32MP211FAN3, STM32MP211FAO3, STM32MP213AAL3, STM32MP213AAM3, STM32MP213AAN3, STM32MP213AAO3, STM32MP213CAL3, STM32MP213CAM3, STM32MP213CAN3, STM32MP213CAO3, STM32MP213DAL3, STM32MP213DAM3, STM32MP213DAN3, STM32MP213DAO3, STM32MP213FAL3, STM32MP213FAM3, STM32MP213FAN3, STM32MP213FAO3, STM32MP215AAL3, STM32MP215AAM3, STM32MP215AAN3, STM32MP215AAO3, STM32MP215CAL3, STM32MP215CAM3, STM32MP215CAN3, STM32MP215CAO3, STM32MP215DAL3, STM32MP215DAM3, STM32MP215DAN3, STM32MP215DAO3, STM32MP215F-DK, STM32MP215FAL3, STM32MP215FAM3, STM32MP215FAN3, STM32MP215FAO3, STM32MP231AAJ3, STM32MP231AAK3, STM32MP231AAL3, STM32MP231CAJ3, STM32MP231CAK3, STM32MP231CAL3, STM32MP231DAJ3, STM32MP231DAK3, STM32MP231DAL3, STM32MP231FAJ3, STM32MP231FAK3, STM32MP231FAL3, STM32MP233AAJ3, STM32MP233AAK3, STM32MP233AAL3, STM32MP233CAJ3, STM32MP233CAK3, STM32MP233CAL3, STM32MP233DAJ3, STM32MP233DAK3, STM32MP233DAL3, STM32MP233FAJ3, STM32MP233FAK3, STM32MP233FAL3, STM32MP235AAJ3, STM32MP235AAK3, STM32MP235AAL3, STM32MP235CAJ3, STM32MP235CAK3, STM32MP235CAL3, STM32MP235DAJ3, STM32MP235DAK3, STM32MP235DAL3, STM32MP235FAJ3, STM32MP235FAK3, STM32MP235FAL3, STM32MP251AAI3, STM32MP251AAK3, STM32MP251AAL3, STM32MP251CAI3, STM32MP251CAK3, STM32MP251CAL3, STM32MP251DAI3, STM32MP251DAK3, STM32MP251DAL3, STM32MP251FAI3, STM32MP251FAK3, STM32MP251FAL3, STM32MP253AAI3, STM32MP253AAK3, STM32MP253AAL3, STM32MP253CAI3, STM32MP253CAK3, STM32MP253CAL3, STM32MP253DAI3, STM32MP253DAK3, STM32MP253DAL3, STM32MP253FAI3, STM32MP253FAK3, STM32MP253FAL3, STM32MP255AAI3, STM32MP255AAK3, STM32MP255AAL3, STM32MP255CAI3, STM32MP255CAK3, STM32MP255CAL3, STM32MP255DAI3, STM32MP255DAK3, STM32MP255DAL3, STM32MP255FAI3, STM32MP255FAK3, STM32MP255FAL3, STM32MP257AAI3, STM32MP257AAK3, STM32MP257AAL3, STM32MP257CAI3, STM32MP257CAK3, STM32MP257CAL3, STM32MP257DAI3, STM32MP257DAK3, STM32MP257DAL3, STM32MP257F-DK, STM32MP257F-EV1, STM32MP257FAI3, STM32MP257FAK3, STM32MP257FAL3, STM32N645A0H3Q, STM32N645B0H3Q, STM32N645I0H3Q, STM32N645L0H3Q, STM32N645X0H3Q, STM32N645Z0H3Q, STM32N647A0H3Q, STM32N647B0H3Q, STM32N647I0H3Q, STM32N647L0H3Q, STM32N647X0H3Q, STM32N647Z0H3Q, STM32N655A0H3Q, STM32N655B0H3Q, STM32N655I0H3Q, STM32N655L0H3Q, STM32N655X0H3Q, STM32N655Z0H3Q, STM32N6570-DK, STM32N657A0H3Q, STM32N657B0H3Q, STM32N657I0H3Q, STM32N657L0H3Q, STM32N657X0H3Q, STM32N657Z0H3Q, STM32U031C6T6, STM32U031C6U6, STM32U031C8T6, STM32U031C8U6, STM32U031F4P6, STM32U031F6P6, STM32U031F8P6, STM32U031G6Y6TR, STM32U031G8Y6TR, STM32U031K4U6, STM32U031K6U6, STM32U031K8U6, STM32U031R6I6, STM32U031R6T6, STM32U031R8I6, STM32U031R8T6, STM32U073C8T6, STM32U073C8U6, STM32U073CBT6, STM32U073CBU6, STM32U073CCT6, STM32U073CCU6, STM32U073H8Y6TR, STM32U073HBY6TR, STM32U073HCY6TR, STM32U073K8U6, STM32U073KBU6, STM32U073KCU6, STM32U073M8I6, STM32U073M8T6, STM32U073MBI6, STM32U073MBT6, STM32U073MCI6, STM32U073MCT6, STM32U073R8I6, STM32U073R8T6, STM32U073RBI6, STM32U073RBT6, STM32U073RCI6, STM32U073RCT6, STM32U083C-DK, STM32U083CCT6, STM32U083CCU6, STM32U083HCY6TR, STM32U083KCU6, STM32U083MCI6, STM32U083MCT6, STM32U083RCI6, STM32U083RCT6, STM32U375CET6, STM32U375CET6Q, STM32U375CEU6, STM32U375CEU6Q, STM32U375CEY6QTR, STM32U375CGT6, STM32U375CGT6Q, STM32U375CGU6, STM32U375CGU6Q, STM32U375CGY6QTR, STM32U375KEU6, STM32U375KGU6, STM32U375REI6, STM32U375REI6Q, STM32U375RET6, STM32U375RET6Q, STM32U375REY6GTR, STM32U375REY6QTR, STM32U375RGI6, STM32U375RGI6Q, STM32U375RGT6, STM32U375RGT6Q, STM32U375RGY6GTR, STM32U375RGY6QTR, STM32U375VEI6, STM32U375VEI6Q, STM32U375VET6, STM32U375VET6Q, STM32U375VGI6, STM32U375VGI6Q, STM32U375VGT6, STM32U375VGT6Q, STM32U385CGT6, STM32U385CGT6Q, STM32U385CGU6, STM32U385CGU6Q, STM32U385CGY6QTR, STM32U385KGU6, STM32U385RGI6, STM32U385RGI6Q, STM32U385RGT6, STM32U385RGT6Q, STM32U385RGY6GTR, STM32U385RGY6QTR, STM32U385VGI6, STM32U385VGI6Q, STM32U385VGT6, STM32U385VGT6Q, STM32U535CBT6, STM32U535CBT6Q, STM32U535CBU6, STM32U535CBU6Q, STM32U535CCT6, STM32U535CCT6Q, STM32U535CCU6, STM32U535CCU6Q, STM32U535CET6, STM32U535CET6Q, STM32U535CEU6, STM32U535CEU6Q, STM32U535JEY6QTR, STM32U535NCY6QTR, STM32U535NEY6QTR, STM32U535RBI6, STM32U535RBI6Q, STM32U535RBT6, STM32U535RBT6Q, STM32U535RCI6, STM32U535RCI6Q, STM32U535RCT6, STM32U535RCT6Q, STM32U535REI6, STM32U535REI6Q, STM32U535RET6, STM32U535RET6Q, STM32U535VCI6, STM32U535VCI6Q, STM32U535VCT6, STM32U535VCT6Q, STM32U535VEI6, STM32U535VEI6Q, STM32U535VET6, STM32U535VET6Q, STM32U545CET6, STM32U545CET6Q, STM32U545CEU6, STM32U545CEU6Q, STM32U545JEY6QTR, STM32U545NEY6QTR, STM32U545REI6, STM32U545REI6Q, STM32U545RET6, STM32U545RET6Q, STM32U545VEI6, STM32U545VEI6Q, STM32U545VET6, STM32U545VET6Q, STM32U595AIH6, STM32U595AIH6Q, STM32U595AJH6, STM32U595AJH6Q, STM32U595QII6, STM32U595QII6Q, STM32U595QJI6, STM32U595QJI6Q, STM32U595RIT6, STM32U595RIT6Q, STM32U595RJT6, STM32U595RJT6Q, STM32U595VIT6, STM32U595VIT6Q, STM32U595VJT6, STM32U595VJT6Q, STM32U595ZIT6, STM32U595ZIT6Q, STM32U595ZIY6QTR, STM32U595ZJT6, STM32U595ZJT6Q, STM32U595ZJY6QTR, STM32U599BJY6QTR, STM32U599NIH6Q, STM32U599NJH6Q, STM32U599VIT6Q, STM32U599VJT6, STM32U599VJT6Q, STM32U599ZIT6Q, STM32U599ZIY6QTR, STM32U599ZJT6Q, STM32U599ZJY6QTR, STM32U5A5AJH6, STM32U5A5AJH6Q, STM32U5A5QII3Q , STM32U5A5QJI6, STM32U5A5QJI6Q, STM32U5A5RJT6, STM32U5A5RJT6Q, STM32U5A5VJT6, STM32U5A5VJT6Q, STM32U5A5ZJT6, STM32U5A5ZJT6Q, STM32U5A5ZJY6QTR, STM32U5A9BJY6QTR, STM32U5A9J-DK, STM32U5A9NJH6Q, STM32U5A9VJT6Q, STM32U5A9ZJT6Q, STM32U5A9ZJY6QTR, STM32U5F7VIT6, STM32U5F7VIT6Q, STM32U5F7VJT6, STM32U5F7VJT6Q, STM32U5F9BJY6QTR, STM32U5F9NJH6Q, STM32U5F9VIT6Q, STM32U5F9VJT6Q, STM32U5F9ZIJ6QTR, STM32U5F9ZIT6Q, STM32U5F9ZJJ6QTR, STM32U5F9ZJT6Q, STM32U5G7VJT6, STM32U5G7VJT6Q, STM32U5G9BJY6QTR, STM32U5G9J-DK1, STM32U5G9J-DK2, STM32U5G9NJH6Q, STM32U5G9VJT6Q, STM32U5G9ZJJ6QTR, STM32U5G9ZJT6Q, STM32WB05KZV6TR, STM32WB05KZV7TR, STM32WB05TZF6TR, STM32WB05TZF7TR, STM32WB06CCF6TR, STM32WB06CCF7TR, STM32WB06CCV6TR, STM32WB06CCV7TR, STM32WB06KCV6TR, STM32WB06KCV7TR, STM32WB07CCF6TR, STM32WB07CCF7TR, STM32WB07CCV6TR, STM32WB07CCV7TR, STM32WB07KCV6TR, STM32WB07KCV7TR, STM32WB09KEV6TR, STM32WB09KEV7TR, STM32WB09TEF6TR, STM32WB09TEF7TR, STM32WB1MMCH6, STM32WBA50KGU6, STM32WBA50KGU6TR, STM32WBA52CEU6, STM32WBA52CEU6TR, STM32WBA52CEU7, STM32WBA52CEU7TR, STM32WBA52CGU6, STM32WBA52CGU6TR, STM32WBA52CGU6U, STM32WBA52CGU7, STM32WBA52CGU7TR, STM32WBA52KEU6, STM32WBA52KEU6TR, STM32WBA52KGU6, STM32WBA52KGU6TR, STM32WBA54CEU6, STM32WBA54CEU6TR, STM32WBA54CEU7, STM32WBA54CEU7TR, STM32WBA54CGU6, STM32WBA54CGU6TR, STM32WBA54CGU7, STM32WBA54CGU7TR, STM32WBA54KEU6, STM32WBA54KEU6TR, STM32WBA54KEU7, STM32WBA54KEU7TR, STM32WBA54KGU6, STM32WBA54KGU6TR, STM32WBA54KGU7, STM32WBA54KGU7TR, STM32WBA55CEU6, STM32WBA55CEU6TR, STM32WBA55CEU7, STM32WBA55CEU7TR, STM32WBA55CGU6, STM32WBA55CGU6TR, STM32WBA55CGU6U, STM32WBA55CGU7, STM32WBA55CGU7TR, STM32WBA55G-DK1, STM32WBA55HEF6, STM32WBA55HEF7, STM32WBA55HGF6, STM32WBA55HGF7, STM32WBA55UEI6, STM32WBA55UEI6TR, STM32WBA55UEI7, STM32WBA55UEI7TR, STM32WBA55UGI6, STM32WBA55UGI6TR, STM32WBA55UGI7, STM32WBA55UGI7TR, STM32WBA5MMGH6TR, STM32WBA62MGF6, STM32WBA62MIF6, STM32WBA65MGF7, STM32WBA65MIF6, STM32WBA65MIF7, STM32WL30K8V6, STM32WL30KBV6, STM32WL31C8V6, STM32WL31CBV6, STM32WL31K8V6, STM32WL31KBV6, STM32WL33C8V6, STM32WL33C8V6X, STM32WL33CBV6, STM32WL33CBV6X, STM32WL33CCV6, STM32WL33CCV6A, STM32WL33CCV6X, STM32WL33K8V7, STM32WL33K8V7X, STM32WL33KBV7 , STM32WL33KBV7X, STM32WL33KCV7, STM32WL33KCV7X, STM32WL5MOCH6, STM32WL5MOCH6TR]
2025-12-04 09:11:25,418 [INFO] DbMcus:218 - Found 4876 MCUs, 4876 are supported
2025-12-04 09:11:25,418 [INFO] ApiDb:423 - Load user favorites file C:\Users\Matyas/.stm32cubeide/favorites.mcus.txt: 0 item(s)
2025-12-04 09:11:25,418 [INFO] ApiDb:427 - User favorites MCUs=[]
2025-12-04 09:11:25,418 [INFO] DbMcus:224 - Set 0 / 0 favorites MCUs
2025-12-04 09:11:25,970 [INFO] BoardInfo:889 - No configuration file found for board P-NUCLEO-WB55
2025-12-04 09:11:25,971 [INFO] DbBoards:161 - Kit is not supported: P-NUCLEO-WB55
2025-12-04 09:11:25,978 [INFO] BoardInfo:889 - No configuration file found for board STEVAL-BFA001V1B
2025-12-04 09:11:25,979 [INFO] DbBoards:161 - Kit is not supported: STEVAL-BFA001V1B
2025-12-04 09:11:25,980 [INFO] BoardInfo:889 - No configuration file found for board STEVAL-BFA001V2B
2025-12-04 09:11:25,981 [INFO] DbBoards:161 - Kit is not supported: STEVAL-BFA001V2B
2025-12-04 09:11:26,169 [INFO] DbBoards:168 - Found 212 boards, 209 are supported
2025-12-04 09:11:26,169 [INFO] DbBoards:169 - Found 212 boards, 43 of them is supported for  Bsp
2025-12-04 09:11:26,171 [INFO] ApiDb:423 - Load user favorites file C:\Users\Matyas/.stm32cubeide/favorites.boards.txt: 0 item(s)
2025-12-04 09:11:26,171 [INFO] ApiDb:427 - User favorites Boards=[]
2025-12-04 09:11:26,171 [INFO] DbBoards:198 - Set 0 / 0 favorites Boards
2025-12-04 09:11:26,243 [INFO] UtilMem:75 - End LoadConfig() Used Memory: 815185896 Bytes (1073741824)
2025-12-04 09:11:26,357 [WARN] ThirdParty:833 - waiting for thirdparty lock release [change project]
2025-12-04 09:11:26,357 [INFO] ThirdParty:835 - entering critical section [change project]
2025-12-04 09:11:26,357 [INFO] ThirdParty:1030 - CMSIS Pack Vendor :STMicroelectronics X-CUBE-PM33A1 1.0.0
2025-12-04 09:11:26,357 [INFO] ThirdParty:1030 - CMSIS Pack Vendor :STMicroelectronics USBPD 4.1
2025-12-04 09:11:26,358 [INFO] ThirdParty:1030 - CMSIS Pack Vendor :STMicroelectronics X-CUBE-NFC9 1.0.0
2025-12-04 09:11:26,358 [INFO] ThirdParty:1030 - CMSIS Pack Vendor :STMicroelectronics USB_HOST 2.0.0
2025-12-04 09:11:26,358 [INFO] ThirdParty:1030 - CMSIS Pack Vendor :STMicroelectronics FP-SNS-MOTENVWB1 1.4.0
2025-12-04 09:11:26,358 [INFO] ThirdParty:1030 - CMSIS Pack Vendor :STMicroelectronics X-CUBE-AZRTOS-F4 1.1.0
2025-12-04 09:11:26,358 [INFO] ThirdParty:1030 - CMSIS Pack Vendor :STMicroelectronics LIBJPEG 8.0.0
2025-12-04 09:11:26,358 [INFO] ThirdParty:1030 - CMSIS Pack Vendor :STMicroelectronics FP-ATR-ASTRA1 2.0.2
2025-12-04 09:11:26,358 [INFO] ThirdParty:1030 - CMSIS Pack Vendor :wolfSSL I-CUBE-wolfSSL 5.8.2
2025-12-04 09:11:26,358 [INFO] ThirdParty:1030 - CMSIS Pack Vendor :STMicroelectronics X-CUBE-BLE1 7.1.0
2025-12-04 09:11:26,358 [INFO] ThirdParty:1030 - CMSIS Pack Vendor :STMicroelectronics X-CUBE-SMBUS 2.1.0
2025-12-04 09:11:26,358 [INFO] ThirdParty:1030 - CMSIS Pack Vendor :wolfSSL I-CUBE-wolfMQTT 1.19.2
2025-12-04 09:11:26,358 [INFO] ThirdParty:1030 - CMSIS Pack Vendor :STMicroelectronics USB_DEVICE 3.0.0
2025-12-04 09:11:26,358 [INFO] ThirdParty:1030 - CMSIS Pack Vendor :STMicroelectronics X-CUBE-ISPU 2.1.0
2025-12-04 09:11:26,358 [INFO] ThirdParty:1030 - CMSIS Pack Vendor :STMicroelectronics X-CUBE-FREERTOS 1.4.0
2025-12-04 09:11:26,358 [INFO] ThirdParty:1030 - CMSIS Pack Vendor :STMicroelectronics X-CUBE-EEPRMA1 5.2.0
2025-12-04 09:11:26,358 [INFO] ThirdParty:1030 - CMSIS Pack Vendor :STMicroelectronics X-CUBE-IPS 3.2.0
2025-12-04 09:11:26,358 [INFO] ThirdParty:1030 - CMSIS Pack Vendor :STMicroelectronics X-CUBE-BLEMGR 4.1.0
2025-12-04 09:11:26,358 [INFO] ThirdParty:1030 - CMSIS Pack Vendor :STMicroelectronics X-CUBE-AZRTOS-WB 2.0.0
2025-12-04 09:11:26,358 [INFO] ThirdParty:1030 - CMSIS Pack Vendor :Cesanta I-CUBE-Mongoose 7.20.0
2025-12-04 09:11:26,358 [INFO] ThirdParty:1030 - CMSIS Pack Vendor :STMicroelectronics X-CUBE-NFC12 1.0.0
2025-12-04 09:11:26,358 [INFO] ThirdParty:1030 - CMSIS Pack Vendor :STMicroelectronics X-CUBE-AZRTOS-F7 1.1.0
2025-12-04 09:11:26,358 [INFO] ThirdParty:1030 - CMSIS Pack Vendor :STMicroelectronics X-CUBE-AZRTOS-L5 2.0.0
2025-12-04 09:11:26,358 [INFO] ThirdParty:1030 - CMSIS Pack Vendor :STMicroelectronics USB_DEVICE 2.0.0
2025-12-04 09:11:26,358 [INFO] ThirdParty:1030 - CMSIS Pack Vendor :STMicroelectronics X-CUBE-NFC6 3.1.0
2025-12-04 09:11:26,358 [INFO] ThirdParty:1030 - CMSIS Pack Vendor :STMicroelectronics X-CUBE-ST67W61 1.1.0
2025-12-04 09:11:26,358 [INFO] ThirdParty:1030 - CMSIS Pack Vendor :quantropi X-CUBE-qispace-sdk-base 2.1.0
2025-12-04 09:11:26,358 [INFO] ThirdParty:1030 - CMSIS Pack Vendor :STMicroelectronics X-CUBE-MEMS1 12.0.0
2025-12-04 09:11:26,358 [INFO] ThirdParty:1030 - CMSIS Pack Vendor :STMicroelectronics FP-SNS-MOTENV1 5.1.0
2025-12-04 09:11:26,359 [INFO] ThirdParty:1030 - CMSIS Pack Vendor :STMicroelectronics FreeRTOS 0.0.1
2025-12-04 09:11:26,359 [INFO] ThirdParty:1030 - CMSIS Pack Vendor :STMicroelectronics X-CUBE-AZRTOS-G0 1.1.0
2025-12-04 09:11:26,359 [INFO] ThirdParty:1030 - CMSIS Pack Vendor :STMicroelectronics X-CUBE-NFC4 3.0.0
2025-12-04 09:11:26,359 [INFO] ThirdParty:1030 - CMSIS Pack Vendor :STMicroelectronics X-CUBE-SUBG2 5.0.0
2025-12-04 09:11:26,359 [INFO] ThirdParty:1030 - CMSIS Pack Vendor :STMicroelectronics STM32_WPAN 1.0.0
2025-12-04 09:11:26,359 [INFO] ThirdParty:1030 - CMSIS Pack Vendor :EmbeddedOffice I-CUBE-FS-RTOS 1.0.1
2025-12-04 09:11:26,359 [INFO] ThirdParty:1030 - CMSIS Pack Vendor :STMicroelectronics lwIP 2.0.3
2025-12-04 09:11:26,359 [INFO] ThirdParty:1030 - CMSIS Pack Vendor :WES I-CUBE-Cesium 1.4.0
2025-12-04 09:11:26,359 [INFO] ThirdParty:1030 - CMSIS Pack Vendor :STMicroelectronics USB_HOST 1.0.0
2025-12-04 09:11:26,359 [INFO] ThirdParty:1030 - CMSIS Pack Vendor :STMicroelectronics X-CUBE-AZRTOS-G4 2.0.0
2025-12-04 09:11:26,359 [INFO] ThirdParty:1030 - CMSIS Pack Vendor :STMicroelectronics X-CUBE-WB05N 2.0.0
2025-12-04 09:11:26,359 [INFO] ThirdParty:1030 - CMSIS Pack Vendor :STMicroelectronics PDM2PCM 3.1.0
2025-12-04 09:11:26,359 [INFO] ThirdParty:1030 - CMSIS Pack Vendor :STMicroelectronics PDM2PCM 3.3.0
2025-12-04 09:11:26,359 [INFO] ThirdParty:1030 - CMSIS Pack Vendor :wolfSSL I-CUBE-wolfTPM 3.8.0
2025-12-04 09:11:26,359 [INFO] ThirdParty:1030 - CMSIS Pack Vendor :STMicroelectronics X-CUBE-AZRTOS-H7 3.4.0
2025-12-04 09:11:26,359 [INFO] ThirdParty:1030 - CMSIS Pack Vendor :STMicroelectronics X-CUBE-DISPLAY 3.0.0
2025-12-04 09:11:26,359 [INFO] ThirdParty:1030 - CMSIS Pack Vendor :wolfSSL I-CUBE-wolfSSH 1.4.20
2025-12-04 09:11:26,359 [INFO] ThirdParty:1030 - CMSIS Pack Vendor :STMicroelectronics X-CUBE-NFC7 2.0.0
2025-12-04 09:11:26,359 [INFO] ThirdParty:1030 - CMSIS Pack Vendor :STMicroelectronics X-CUBE-TCPP 4.2.0
2025-12-04 09:11:26,359 [INFO] ThirdParty:1030 - CMSIS Pack Vendor :RealThread X-CUBE-RT-Thread_Nano 4.1.1
2025-12-04 09:11:26,359 [INFO] ThirdParty:1030 - CMSIS Pack Vendor :STMicroelectronics FP-ATR-SIGFOX1 3.2.0
2025-12-04 09:11:26,359 [INFO] ThirdParty:1030 - CMSIS Pack Vendor :STMicroelectronics X-CUBE-NFC10 1.0.0
2025-12-04 09:11:26,359 [INFO] ThirdParty:1030 - CMSIS Pack Vendor :STMicroelectronics HAL Drivers 0.0.0
2025-12-04 09:11:26,360 [INFO] ThirdParty:1030 - CMSIS Pack Vendor :STMicroelectronics MBEDTLS 2.16.2
2025-12-04 09:11:26,360 [INFO] ThirdParty:1030 - CMSIS Pack Vendor :STMicroelectronics X-CUBE-ST60 1.1.0
2025-12-04 09:11:26,360 [INFO] ThirdParty:1030 - CMSIS Pack Vendor :STMicroelectronics X-CUBE-ALS 1.0.2
2025-12-04 09:11:26,360 [INFO] ThirdParty:1030 - CMSIS Pack Vendor :emotas I-CUBE-CANOPEN 1.3.0
2025-12-04 09:11:26,360 [INFO] ThirdParty:1030 - CMSIS Pack Vendor :STMicroelectronics MBEDTLS 2.14.1
2025-12-04 09:11:26,360 [INFO] ThirdParty:1030 - CMSIS Pack Vendor :STMicroelectronics X-CUBE-GNSS1 7.1.0
2025-12-04 09:11:26,360 [INFO] ThirdParty:1030 - CMSIS Pack Vendor :ITTIA_DB I-CUBE-ITTIADB 8.9.0
2025-12-04 09:11:26,360 [INFO] ThirdParty:1030 - CMSIS Pack Vendor :STMicroelectronics X-CUBE-TOUCHGFX 4.26.0
2025-12-04 09:11:26,360 [INFO] ThirdParty:1030 - CMSIS Pack Vendor :STMicroelectronics X-CUBE-STSE01 1.0.0
2025-12-04 09:11:26,360 [INFO] ThirdParty:1030 - CMSIS Pack Vendor :STMicroelectronics FP-SNS-STBOX1 2.1.0
2025-12-04 09:11:26,360 [INFO] ThirdParty:1030 - CMSIS Pack Vendor :STMicroelectronics X-CUBE-AI 10.2.0
2025-12-04 09:11:26,360 [INFO] ThirdParty:1030 - CMSIS Pack Vendor :STMicroelectronics FP-SNS-STAIOTCFT 1.0.0
2025-12-04 09:11:26,360 [INFO] ThirdParty:1030 - CMSIS Pack Vendor :STMicroelectronics ThreadX 1.0.0
2025-12-04 09:11:26,360 [INFO] ThirdParty:1030 - CMSIS Pack Vendor :STMicroelectronics FP-SNS-SMARTAG2 1.2.0
2025-12-04 09:11:26,360 [INFO] ThirdParty:1030 - CMSIS Pack Vendor :STMicroelectronics FP-SNS-FLIGHT1 5.1.0
2025-12-04 09:11:26,360 [INFO] ThirdParty:1030 - CMSIS Pack Vendor :STMicroelectronics X-CUBE-AZRTOS-WL 2.0.0
2025-12-04 09:11:26,360 [INFO] ThirdParty:1030 - CMSIS Pack Vendor :SEGGER I-CUBE-embOS 1.3.1
2025-12-04 09:11:26,360 [INFO] ThirdParty:1030 - CMSIS Pack Vendor :STMicroelectronics X-CUBE-ALGOBUILD 1.4.0
2025-12-04 09:11:26,360 [INFO] ThirdParty:1030 - CMSIS Pack Vendor :STMicroelectronics X-CUBE-DPower 1.3.0
2025-12-04 09:11:26,360 [INFO] ThirdParty:1030 - CMSIS Pack Vendor :STMicroelectronics USB_DEVICE 1.0.0
2025-12-04 09:11:26,360 [INFO] ThirdParty:1030 - CMSIS Pack Vendor :STMicroelectronics X-CUBE-AZRTOS-H7RS 1.2.0
2025-12-04 09:11:26,360 [INFO] ThirdParty:1030 - CMSIS Pack Vendor :STMicroelectronics X-CUBE-AZRTOS-L4 2.0.0
2025-12-04 09:11:26,360 [INFO] ThirdParty:1030 - CMSIS Pack Vendor :STMicroelectronics ThreadX 0.0.2
2025-12-04 09:11:26,360 [INFO] ThirdParty:1030 - CMSIS Pack Vendor :STMicroelectronics lwIP 2.1.2
2025-12-04 09:11:26,360 [INFO] ThirdParty:1030 - CMSIS Pack Vendor :STMicroelectronics X-CUBE-SFXS2LP1 4.0.0
2025-12-04 09:11:26,360 [INFO] ThirdParty:1030 - CMSIS Pack Vendor :STMicroelectronics X-CUBE-BLE2 3.3.0
2025-12-04 09:11:26,360 [INFO] ThirdParty:1030 - CMSIS Pack Vendor :Avnet-IOTCONNECT X-CUBE-iotc-st67-sdk 1.0.0
2025-12-04 09:11:26,360 [INFO] ThirdParty:1030 - CMSIS Pack Vendor :STMicroelectronics X-CUBE-TOF1 3.4.3
2025-12-04 09:11:26,360 [INFO] ThirdParty:1030 - CMSIS Pack Vendor :Infineon AIROC-Wi-Fi-Bluetooth-STM32 1.8.0
2025-12-04 09:11:26,360 [INFO] ThirdParty:1030 - CMSIS Pack Vendor :STMicroelectronics PDM2PCM 3.2.0
2025-12-04 09:11:26,361 [INFO] ThirdParty:841 - exiting critical section [change project]
2025-12-04 09:11:26,644 [INFO] PinOutPanel:1589 - setPackage(No Configuration,No Configuration)
2025-12-04 09:11:26,646 [INFO] PinOutPanel:1589 - setPackage(STM32F411CEUx,UFQFPN48)
2025-12-04 09:11:27,079 [INFO] UtilMem:75 - Before build in PCC Used Memory: 671176208 Bytes (1073741824)
2025-12-04 09:11:27,920 [INFO] UtilMem:75 - After build in PCC Used Memory: 729374224 Bytes (1073741824)
2025-12-04 09:11:28,073 [INFO] ApiDbMcu:532 - Load IP Config File for USB_DEVICE
2025-12-04 09:11:28,092 [INFO] IPUIPlugin:80 - create IPUIPlugin
2025-12-04 09:11:28,093 [INFO] IPUIPlugin:80 - create IPUIPlugin
2025-12-04 09:11:28,093 [INFO] IPUIPlugin:80 - create IPUIPlugin
2025-12-04 09:11:28,093 [INFO] IPUIPlugin:80 - create IPUIPlugin
2025-12-04 09:11:28,093 [INFO] IPUIPlugin:80 - create IPUIPlugin
2025-12-04 09:11:28,093 [INFO] IPUIPlugin:80 - create IPUIPlugin
2025-12-04 09:11:28,093 [INFO] IPUIPlugin:80 - create IPUIPlugin
2025-12-04 09:11:28,093 [INFO] IPUIPlugin:80 - create IPUIPlugin
2025-12-04 09:11:28,093 [INFO] IPUIPlugin:80 - create IPUIPlugin
2025-12-04 09:11:28,093 [INFO] IPUIPlugin:80 - create IPUIPlugin
2025-12-04 09:11:28,093 [INFO] IPUIPlugin:80 - create IPUIPlugin
2025-12-04 09:11:28,093 [INFO] IPUIPlugin:80 - create IPUIPlugin
2025-12-04 09:11:28,094 [INFO] IPUIPlugin:80 - create IPUIPlugin
2025-12-04 09:11:28,094 [INFO] IPUIPlugin:80 - create IPUIPlugin
2025-12-04 09:11:28,094 [INFO] IPUIPlugin:80 - create IPUIPlugin
2025-12-04 09:11:28,094 [INFO] IPUIPlugin:80 - create IPUIPlugin
2025-12-04 09:11:28,094 [INFO] IPUIPlugin:80 - create IPUIPlugin
2025-12-04 09:11:28,094 [INFO] IPUIPlugin:80 - create IPUIPlugin
2025-12-04 09:11:28,094 [INFO] IPUIPlugin:80 - create IPUIPlugin
2025-12-04 09:11:28,094 [INFO] IPUIPlugin:80 - create IPUIPlugin
2025-12-04 09:11:28,095 [INFO] IPUIPlugin:80 - create IPUIPlugin
2025-12-04 09:11:28,095 [INFO] IPUIPlugin:80 - create IPUIPlugin
2025-12-04 09:11:28,095 [INFO] IPUIPlugin:80 - create IPUIPlugin
2025-12-04 09:11:28,095 [INFO] IPUIPlugin:80 - create IPUIPlugin
2025-12-04 09:11:28,095 [INFO] IPUIPlugin:80 - create IPUIPlugin
2025-12-04 09:11:28,095 [INFO] IPUIPlugin:80 - create IPUIPlugin
2025-12-04 09:11:28,095 [INFO] IPUIPlugin:80 - create IPUIPlugin
2025-12-04 09:11:28,095 [INFO] IPUIPlugin:80 - create IPUIPlugin
2025-12-04 09:11:28,096 [INFO] IPUIPlugin:80 - create IPUIPlugin
2025-12-04 09:11:28,096 [INFO] IPUIPlugin:80 - create IPUIPlugin
2025-12-04 09:11:28,096 [INFO] IPUIPlugin:80 - create IPUIPlugin
2025-12-04 09:11:28,096 [INFO] IPUIPlugin:80 - create IPUIPlugin
2025-12-04 09:11:28,096 [INFO] IPUIPlugin:80 - create IPUIPlugin
2025-12-04 09:11:28,096 [INFO] IPUIPlugin:80 - create IPUIPlugin
2025-12-04 09:11:28,096 [INFO] IPUIPlugin:80 - create IPUIPlugin
2025-12-04 09:11:28,096 [INFO] IPUIPlugin:80 - create IPUIPlugin
2025-12-04 09:11:28,097 [INFO] IPUIPlugin:80 - create IPUIPlugin
2025-12-04 09:11:28,097 [INFO] IPUIPlugin:80 - create IPUIPlugin
2025-12-04 09:11:28,097 [INFO] IPUIPlugin:80 - create IPUIPlugin
2025-12-04 09:11:28,097 [INFO] IPUIPlugin:80 - create IPUIPlugin
2025-12-04 09:11:28,097 [INFO] IPUIPlugin:80 - create IPUIPlugin
2025-12-04 09:11:28,097 [INFO] IPUIPlugin:80 - create IPUIPlugin
2025-12-04 09:11:28,098 [INFO] IPUIPlugin:80 - create IPUIPlugin
2025-12-04 09:11:28,117 [INFO] ApiDbMcu:532 - Load IP Config File for PDM2PCM
2025-12-04 09:11:28,286 [INFO] CADModel:165 - CPN selected for project levelSTM32F411CEU6
2025-12-04 09:11:28,286 [INFO] CADModel:114 - Register for checkConnection events
2025-12-04 09:11:28,336 [INFO] OpenFileManager:386 - Restore cursor
2025-12-04 09:11:28,459 [WARN] IP:2250 - DEVICE_SERIAL0_DFU_FS not found: check if there is a RefParameter without a condition.
2025-12-04 09:11:28,459 [WARN] IP:2250 - DEVICE_SERIAL1_DFU_FS not found: check if there is a RefParameter without a condition.
2025-12-04 09:11:28,461 [WARN] IP:2250 - DEVICE_SERIAL2_DFU_FS not found: check if there is a RefParameter without a condition.
2025-12-04 09:11:28,461 [WARN] IP:2250 - DEVICE_SERIAL0_DFU_FS not found: check if there is a RefParameter without a condition.
2025-12-04 09:11:28,461 [WARN] IP:2250 - DEVICE_SERIAL1_DFU_FS not found: check if there is a RefParameter without a condition.
2025-12-04 09:11:28,461 [WARN] IP:2250 - DEVICE_SERIAL2_DFU_FS not found: check if there is a RefParameter without a condition.
2025-12-04 09:33:02,682 [INFO] WebApp:194 - Connection lost
2025-12-04 09:33:02,836 [INFO] WebApp:191 - Connection restablished
2025-12-04 09:33:08,750 [INFO] WebApp:194 - Connection lost
2025-12-04 09:33:08,859 [INFO] WebApp:191 - Connection restablished
2025-12-04 09:48:40,405 [INFO] MainUpdater:2872 - connection check result : 10
2025-12-04 09:48:40,406 [INFO] MainUpdater:2872 - connection check result : 10
2025-12-04 09:48:40,710 [INFO] MicroXplorer:468 - Change Database Path : 
2025-12-04 09:48:40,710 [INFO] MicroXplorer:498 - Change Database Version : DB.6.0.150
2025-12-04 09:48:40,727 [ERROR] ProjectManagerView:395 - 
java.lang.NullPointerException: Cannot invoke "javax.swing.JTextField.getText()" because the return value of "java.util.List.get(int)" is null
	at com.st.microxplorer.plugins.projectmanager.gui.ProjectChoiceTab$9.caretUpdate(ProjectChoiceTab.java:2706) ~[filemanager.jar:?]
	at javax.swing.text.JTextComponent.fireCaretUpdate(JTextComponent.java:408) ~[?:?]
	at javax.swing.text.JTextComponent$MutableCaretEvent.fire(JTextComponent.java:4484) ~[?:?]
	at javax.swing.text.JTextComponent$MutableCaretEvent.stateChanged(JTextComponent.java:4506) ~[?:?]
	at javax.swing.text.DefaultCaret.fireStateChanged(DefaultCaret.java:857) ~[?:?]
	at javax.swing.text.DefaultCaret.changeCaretPosition(DefaultCaret.java:1343) ~[?:?]
	at javax.swing.text.DefaultCaret.handleSetDot(DefaultCaret.java:1242) ~[?:?]
	at javax.swing.text.DefaultCaret.setDot(DefaultCaret.java:1223) ~[?:?]
	at javax.swing.text.DefaultCaret$Handler.insertUpdate(DefaultCaret.java:1819) ~[?:?]
	at javax.swing.text.AbstractDocument.fireInsertUpdate(AbstractDocument.java:227) ~[?:?]
	at javax.swing.text.AbstractDocument.handleInsertString(AbstractDocument.java:781) ~[?:?]
	at javax.swing.text.AbstractDocument.insertString(AbstractDocument.java:740) ~[?:?]
	at javax.swing.text.PlainDocument.insertString(PlainDocument.java:131) ~[?:?]
	at javax.swing.text.AbstractDocument.replace(AbstractDocument.java:699) ~[?:?]
	at javax.swing.text.JTextComponent.setText(JTextComponent.java:1725) ~[?:?]
	at com.st.microxplorer.plugins.projectmanager.gui.ProjectChoiceTab.createHeapStackFields(ProjectChoiceTab.java:993) ~[filemanager.jar:?]
	at com.st.microxplorer.plugins.projectmanager.gui.ProjectChoiceTab.buildLinkSettingsPanel(ProjectChoiceTab.java:3813) ~[filemanager.jar:?]
	at com.st.microxplorer.plugins.projectmanager.gui.ProjectChoiceTab.defineWindowsFields(ProjectChoiceTab.java:1987) ~[filemanager.jar:?]
	at com.st.microxplorer.plugins.projectmanager.gui.ProjectChoiceTab.updateSettings(ProjectChoiceTab.java:558) ~[filemanager.jar:?]
	at com.st.microxplorer.plugins.projectmanager.gui.ProjectSettingsPanel.UpdateDialog(ProjectSettingsPanel.java:247) ~[filemanager.jar:?]
	at com.st.microxplorer.plugins.projectmanager.ProjectManagerView.propertyChange(ProjectManagerView.java:392) ~[filemanager.jar:?]
	at java.beans.PropertyChangeSupport.fire(PropertyChangeSupport.java:343) ~[?:?]
	at java.beans.PropertyChangeSupport.firePropertyChange(PropertyChangeSupport.java:335) ~[?:?]
	at java.beans.PropertyChangeSupport.firePropertyChange(PropertyChangeSupport.java:268) ~[?:?]
	at com.st.microxplorer.util.MXPropertyChangeSupport.firePropertyChange(MXPropertyChangeSupport.java:54) ~[STM32CubeMX.jar:?]
	at com.st.microxplorer.mxsystem.MxSystem.closeConfig(MxSystem.java:899) ~[STM32CubeMX.jar:?]
	at com.st.microxplorer.maingui.MainPanel.closeConfig(MainPanel.java:792) ~[STM32CubeMX.jar:?]
	at com.st.microxplorer.plugins.filemanager.engine.OpenFileManager.loadConfigurationFile(OpenFileManager.java:288) ~[filemanager.jar:?]
	at com.st.microxplorer.plugins.filemanager.engine.MainFileManager.userLoadConfig(MainFileManager.java:364) ~[filemanager.jar:?]
	at com.st.microxplorer.plugins.filemanager.engine.MainFileManager.userLoadConfig(MainFileManager.java:342) ~[filemanager.jar:?]
	at com.st.microxplorer.plugins.filemanager.FileManagerView.getSpecificTask(FileManagerView.java:264) ~[filemanager.jar:?]
	at com.st.stm32cube.common.mx.editor.CubeMxEditor.getMxTabbedPaneInstance(CubeMxEditor.java:1198) ~[com.st.stm32cube.common.mx_6.15.0.202507011659/:?]
	at com.st.stm32cube.common.mx.editor.CubeMxEditor$12$1.createSwingComponent(CubeMxEditor.java:1068) ~[com.st.stm32cube.common.mx_6.15.0.202507011659/:?]
	at com.st.stm32cube.common.mx.oss.core.awtswtbridge.EmbeddedSwingComposite.doComponentCreation(EmbeddedSwingComposite.java:492) ~[com.st.stm32cube.common.mx.oss_6.15.0.202507011659/:?]
	at com.st.stm32cube.common.mx.oss.core.awtswtbridge.EmbeddedSwingComposite$4.run(EmbeddedSwingComposite.java:291) ~[com.st.stm32cube.common.mx.oss_6.15.0.202507011659/:?]
	at com.st.stm32cube.common.mx.oss.core.awtswtbridge.AwtEnvironment$2.run(AwtEnvironment.java:166) ~[com.st.stm32cube.common.mx.oss_6.15.0.202507011659/:?]
	at java.awt.event.InvocationEvent.dispatch(InvocationEvent.java:318) ~[?:?]
	at java.awt.EventQueue.dispatchEventImpl(EventQueue.java:773) ~[?:?]
	at java.awt.EventQueue$4.run(EventQueue.java:720) ~[?:?]
	at java.awt.EventQueue$4.run(EventQueue.java:714) ~[?:?]
	at java.security.AccessController.doPrivileged(AccessController.java:400) ~[?:?]
	at java.security.ProtectionDomain$JavaSecurityAccessImpl.doIntersectionPrivilege(ProtectionDomain.java:87) ~[?:?]
	at java.awt.EventQueue.dispatchEvent(EventQueue.java:742) ~[?:?]
	at java.awt.EventDispatchThread.pumpOneEventForFilters(EventDispatchThread.java:203) ~[?:?]
	at java.awt.EventDispatchThread.pumpEventsForFilter(EventDispatchThread.java:124) ~[?:?]
	at java.awt.EventDispatchThread.pumpEventsForHierarchy(EventDispatchThread.java:113) ~[?:?]
	at java.awt.EventDispatchThread.pumpEvents(EventDispatchThread.java:109) ~[?:?]
	at java.awt.EventDispatchThread.pumpEvents(EventDispatchThread.java:101) ~[?:?]
	at java.awt.EventDispatchThread.run(EventDispatchThread.java:90) ~[?:?]
2025-12-04 09:48:40,735 [WARN] ThirdParty:871 - waiting for thirdparty lock release [close project]
2025-12-04 09:48:40,735 [INFO] ThirdParty:873 - entering critical section [close project]
2025-12-04 09:48:40,735 [INFO] ThirdParty:883 - exiting critical section [close project]
2025-12-04 09:48:40,736 [INFO] PinOutPanel:1589 - setPackage(No Configuration,No Configuration)
2025-12-04 09:48:40,747 [WARN] IpParametersView:155 - Warning: This peripheral hasn't parameters
2025-12-04 09:48:40,755 [WARN] MainPanel:289 - <html><b><center>Warning: This peripheral has no parameters to be configured<br></b></html>
2025-12-04 09:48:40,761 [INFO] UtilMem:75 - Begin LoadConfig() Used Memory: 940583656 Bytes (1073741824)
2025-12-04 09:48:44,028 [INFO] MicroXplorer:468 - Change Database Path : 
2025-12-04 09:48:44,028 [INFO] MicroXplorer:498 - Change Database Version : DB.6.0.150
2025-12-04 09:48:44,028 [INFO] OpenFileManager:355 - Change cursor
2025-12-04 09:48:44,033 [INFO] Mcu:2029 - Initializing MCU STM32F411C(C-E)Ux STM32F411CEUx STM32F411CEU6
2025-12-04 09:48:44,614 [INFO] Context:786 - Trying to add GPIOservice into a context  which must be forbidden
2025-12-04 09:48:44,740 [INFO] Rule:233 - rule Adapt Old IOC before rework replace old CORTEX_M33/CORTEX_M55 attributes by the new one. is applicable
2025-12-04 09:48:44,740 [INFO] Rule:233 - rule Rename parametre of RCC RCC_APBDBG_DIV2 to RCC_TIMPRES_DIV2 is applicable
2025-12-04 09:48:44,740 [INFO] Rule:233 - rule Rename DIE493 pin PA10 [PA12] -> PA10 is applicable
2025-12-04 09:48:44,740 [INFO] Rule:233 - rule Rename DIE493 pin PA9 [PA11] -> PA9 is applicable
2025-12-04 09:48:44,740 [INFO] Rule:233 - rule Rename DIE492 PartNumber CPN STM32WBA5MJGHx -> STM32WBA5MMGHx is applicable
2025-12-04 09:48:44,741 [INFO] Rule:233 - rule Rename DIE492 PartNumber  Name STM32WBA5MJGHx -> STM32WBA5MMGHx is applicable
2025-12-04 09:48:44,741 [INFO] Rule:233 - rule Rename DIE492 PartNumber UserName STM32WBA5MJGHx -> STM32WBA5MMGHx is applicable
2025-12-04 09:48:44,741 [INFO] Rule:233 - rule Rename DIE492 PartNumber DeviceId STM32WBA5MJGHx -> STM32WBA5MMGHx is applicable
2025-12-04 09:48:44,741 [INFO] Rule:233 - rule Adapt Old IOC CSI. is applicable
2025-12-04 09:48:44,741 [INFO] Rule:233 - rule Adapt Old IOC DCMIPP. is applicable
2025-12-04 09:48:44,741 [INFO] Rule:233 - rule Adapt Old IOC DCMIPP Mode Parallel. is applicable
2025-12-04 09:48:44,741 [INFO] Rule:233 - rule Adapt Old IOC LTDC. is applicable
2025-12-04 09:48:44,741 [INFO] Rule:233 - rule Rename STM32MP2 RIF Peripheral LTDC RIF.RISUP.LTDC_L0L1.Privilege -> RIF.RISUP.LTDC_L1L2.Privilege is applicable
2025-12-04 09:48:44,741 [INFO] Rule:233 - rule Rename STM32MP2 RIF Peripheral LTDC RIF.RISUP.LTDC_L0L1.Privilege -> RIF.RISUP.LTDC_L1L2.Privilege is applicable
2025-12-04 09:48:44,741 [INFO] Rule:233 - rule Rename STM32MP2 RIF Peripheral LTDC RIF.RISUP.LTDC_L0L1.Lock -> RIF.RISUP.LTDC_L1L2.Lock is applicable
2025-12-04 09:48:44,741 [INFO] Rule:233 - rule Rename STM32MP2 RIF Peripheral LTDC RIF.RISUP.LTDC_L2.Lock -> RIF.RISUP.LTDC_L3.Lock is applicable
2025-12-04 09:48:44,741 [INFO] Rule:233 - rule Adapt the old IOC example for updating the SYS when it is misconfigured. is applicable
2025-12-04 09:48:44,741 [INFO] Rule:233 - rule Rename STM32C09 Mcu.Package LQFP64 -> LQFP48 is applicable
2025-12-04 09:48:44,741 [INFO] Rule:233 - rule Adapt the old IOC example for updating the SYS when it is misconfigured. is applicable
2025-12-04 09:48:44,741 [INFO] Rule:233 - rule Adapt the old IOC example for updating the SYS when it is misconfigured. is applicable
2025-12-04 09:48:44,742 [INFO] DbConfProperties:307 - Apply Compatibility (4/20 Rules)
2025-12-04 09:48:44,751 [INFO] ImportTextPane:234 - (OptionalMessage_ERROR) Pin13 (VP_RIF_VS_RIF1) cannot be retrieved for this MCU
2025-12-04 09:48:44,788 [INFO] RtosManager:558 - Registered RTOS mode: class=CMSIS, group=RTOS, mode=CMSIS_V1, owner=FREERTOS
2025-12-04 09:48:44,788 [INFO] RtosManager:558 - Registered RTOS mode: class=CMSIS, group=RTOS2, mode=CMSIS_V2, owner=FREERTOS
2025-12-04 09:48:44,789 [INFO] RtosManager:558 - Registered RTOS mode: class=RTOS, group=Core, mode=CMSIS_V1, owner=FREERTOS
2025-12-04 09:48:44,789 [INFO] RtosManager:558 - Registered RTOS mode: class=RTOS, group=Core, mode=CMSIS_V2, owner=FREERTOS
2025-12-04 09:48:44,789 [WARN] ModelIntegratedComponent:184 - Missing modes for component STMicroelectronics:FreeRTOS:0.0.1:STMicroelectronics:RTOS:FreeRTOS:Core:::10.2.0:
2025-12-04 09:48:44,790 [WARN] ModelIntegratedComponent:182 - Modes not found for component STMicroelectronics:USB_HOST:1.0.0:STMicroelectronics:USB::USB Host:Audio HS::1.0:USB_HOST_1_0_RESTRICTED_HS
2025-12-04 09:48:44,790 [WARN] ModelIntegratedComponent:188 - Modes not found for component STMicroelectronics:USB_HOST:1.0.0:STMicroelectronics:USB::USB Host:Audio HS::1.0:USB_HOST_1_0_RESTRICTED_HS
2025-12-04 09:48:44,791 [WARN] ModelIntegratedComponent:182 - Modes not found for component STMicroelectronics:USB_HOST:1.0.0:STMicroelectronics:USB::USB Host:CDC HS::1.0:USB_HOST_1_0_RESTRICTED_HS
2025-12-04 09:48:44,791 [WARN] ModelIntegratedComponent:188 - Modes not found for component STMicroelectronics:USB_HOST:1.0.0:STMicroelectronics:USB::USB Host:CDC HS::1.0:USB_HOST_1_0_RESTRICTED_HS
2025-12-04 09:48:44,791 [WARN] ModelIntegratedComponent:182 - Modes not found for component STMicroelectronics:USB_HOST:1.0.0:STMicroelectronics:USB::USB Host:MSC HS::1.0:USB_HOST_1_0_RESTRICTED_HS
2025-12-04 09:48:44,791 [WARN] ModelIntegratedComponent:188 - Modes not found for component STMicroelectronics:USB_HOST:1.0.0:STMicroelectronics:USB::USB Host:MSC HS::1.0:USB_HOST_1_0_RESTRICTED_HS
2025-12-04 09:48:44,791 [WARN] ModelIntegratedComponent:182 - Modes not found for component STMicroelectronics:USB_HOST:1.0.0:STMicroelectronics:USB::USB Host:HID HS::1.0:USB_HOST_1_0_RESTRICTED_HS
2025-12-04 09:48:44,791 [WARN] ModelIntegratedComponent:188 - Modes not found for component STMicroelectronics:USB_HOST:1.0.0:STMicroelectronics:USB::USB Host:HID HS::1.0:USB_HOST_1_0_RESTRICTED_HS
2025-12-04 09:48:44,791 [WARN] ModelIntegratedComponent:182 - Modes not found for component STMicroelectronics:USB_HOST:1.0.0:STMicroelectronics:USB::USB Host:MTP HS::1.0:USB_HOST_1_0_RESTRICTED_HS
2025-12-04 09:48:44,791 [WARN] ModelIntegratedComponent:188 - Modes not found for component STMicroelectronics:USB_HOST:1.0.0:STMicroelectronics:USB::USB Host:MTP HS::1.0:USB_HOST_1_0_RESTRICTED_HS
2025-12-04 09:48:44,793 [WARN] ModelIntegratedComponent:63 - No mode defined for component null
2025-12-04 09:48:44,793 [WARN] ModelIntegratedComponent:63 - No mode defined for component null
2025-12-04 09:48:44,793 [WARN] ModelIntegratedComponent:63 - No mode defined for component null
2025-12-04 09:48:44,793 [WARN] ModelIntegratedComponent:63 - No mode defined for component null
2025-12-04 09:48:44,793 [WARN] ModelIntegratedComponent:63 - No mode defined for component null
2025-12-04 09:48:44,793 [WARN] ModelIntegratedComponent:63 - No mode defined for component null
2025-12-04 09:48:44,793 [WARN] ModelIntegratedComponent:63 - No mode defined for component null
2025-12-04 09:48:44,793 [WARN] ModelIntegratedComponent:63 - No mode defined for component null
2025-12-04 09:48:44,794 [WARN] ModelIntegratedComponent:63 - No mode defined for component null
2025-12-04 09:48:44,794 [WARN] ModelIntegratedComponent:63 - No mode defined for component null
2025-12-04 09:48:44,794 [WARN] ModelIntegratedComponent:63 - No mode defined for component null
2025-12-04 09:48:44,794 [WARN] ModelIntegratedComponent:63 - No mode defined for component null
2025-12-04 09:48:44,794 [WARN] ModelIntegratedComponent:63 - No mode defined for component null
2025-12-04 09:48:44,794 [WARN] ModelIntegratedComponent:63 - No mode defined for component null
2025-12-04 09:48:44,794 [WARN] ModelIntegratedComponent:63 - No mode defined for component null
2025-12-04 09:48:44,794 [WARN] ModelIntegratedComponent:63 - No mode defined for component null
2025-12-04 09:48:44,794 [WARN] ModelIntegratedComponent:63 - No mode defined for component null
2025-12-04 09:48:44,794 [WARN] ModelIntegratedComponent:63 - No mode defined for component null
2025-12-04 09:48:44,794 [WARN] ModelIntegratedComponent:63 - No mode defined for component null
2025-12-04 09:48:44,794 [WARN] ModelIntegratedComponent:63 - No mode defined for component null
2025-12-04 09:48:44,794 [WARN] ModelIntegratedComponent:63 - No mode defined for component null
2025-12-04 09:48:44,794 [WARN] ModelIntegratedComponent:63 - No mode defined for component null
2025-12-04 09:48:44,794 [WARN] ModelIntegratedComponent:63 - No mode defined for component null
2025-12-04 09:48:44,794 [WARN] ModelIntegratedComponent:63 - No mode defined for component null
2025-12-04 09:48:44,794 [WARN] ModelIntegratedComponent:63 - No mode defined for component null
2025-12-04 09:48:44,794 [WARN] ModelIntegratedComponent:63 - No mode defined for component null
2025-12-04 09:48:44,794 [WARN] ModelIntegratedComponent:63 - No mode defined for component null
2025-12-04 09:48:44,794 [WARN] ModelIntegratedComponent:63 - No mode defined for component null
2025-12-04 09:48:44,794 [WARN] ModelIntegratedComponent:63 - No mode defined for component null
2025-12-04 09:48:44,794 [WARN] ModelIntegratedComponent:63 - No mode defined for component null
2025-12-04 09:48:44,794 [WARN] ModelIntegratedComponent:63 - No mode defined for component null
2025-12-04 09:48:44,794 [WARN] ModelIntegratedComponent:63 - No mode defined for component null
2025-12-04 09:48:44,794 [WARN] ModelIntegratedComponent:63 - No mode defined for component null
2025-12-04 09:48:44,794 [WARN] ModelIntegratedComponent:63 - No mode defined for component null
2025-12-04 09:48:44,794 [WARN] ModelIntegratedComponent:63 - No mode defined for component null
2025-12-04 09:48:44,794 [WARN] ModelPack:524 - Component already loaded: STMicroelectronics:HAL Drivers:0.0.0:STMicroelectronics:Device:STMicro_Driver:XSPI:HAL::0.0.1:HAL_XSPI
2025-12-04 09:48:44,798 [WARN] ModelIntegratedComponent:182 - Modes not found for component STMicroelectronics:USB_DEVICE:1.0.0:STMicroelectronics:USB::USB Device:Audio HS::1.0:USB_DEVICE_1_0_RESTRICTED_HS
2025-12-04 09:48:44,798 [WARN] ModelIntegratedComponent:188 - Modes not found for component STMicroelectronics:USB_DEVICE:1.0.0:STMicroelectronics:USB::USB Device:Audio HS::1.0:USB_DEVICE_1_0_RESTRICTED_HS
2025-12-04 09:48:44,798 [WARN] ModelIntegratedComponent:182 - Modes not found for component STMicroelectronics:USB_DEVICE:1.0.0:STMicroelectronics:USB::USB Device:CDC HS::1.0:USB_DEVICE_1_0_RESTRICTED_HS
2025-12-04 09:48:44,798 [WARN] ModelIntegratedComponent:188 - Modes not found for component STMicroelectronics:USB_DEVICE:1.0.0:STMicroelectronics:USB::USB Device:CDC HS::1.0:USB_DEVICE_1_0_RESTRICTED_HS
2025-12-04 09:48:44,798 [WARN] ModelIntegratedComponent:182 - Modes not found for component STMicroelectronics:USB_DEVICE:1.0.0:STMicroelectronics:USB::USB Device:DFU HS::1.0:USB_DEVICE_1_0_RESTRICTED_HS
2025-12-04 09:48:44,798 [WARN] ModelIntegratedComponent:188 - Modes not found for component STMicroelectronics:USB_DEVICE:1.0.0:STMicroelectronics:USB::USB Device:DFU HS::1.0:USB_DEVICE_1_0_RESTRICTED_HS
2025-12-04 09:48:44,798 [WARN] ModelIntegratedComponent:182 - Modes not found for component STMicroelectronics:USB_DEVICE:1.0.0:STMicroelectronics:USB::USB Device:HID HS::1.0:USB_DEVICE_1_0_RESTRICTED_HS
2025-12-04 09:48:44,798 [WARN] ModelIntegratedComponent:188 - Modes not found for component STMicroelectronics:USB_DEVICE:1.0.0:STMicroelectronics:USB::USB Device:HID HS::1.0:USB_DEVICE_1_0_RESTRICTED_HS
2025-12-04 09:48:44,798 [WARN] ModelIntegratedComponent:182 - Modes not found for component STMicroelectronics:USB_DEVICE:1.0.0:STMicroelectronics:USB::USB Device:Custom HID HS::1.0:USB_DEVICE_1_0_RESTRICTED_HS
2025-12-04 09:48:44,798 [WARN] ModelIntegratedComponent:188 - Modes not found for component STMicroelectronics:USB_DEVICE:1.0.0:STMicroelectronics:USB::USB Device:Custom HID HS::1.0:USB_DEVICE_1_0_RESTRICTED_HS
2025-12-04 09:48:44,798 [WARN] ModelIntegratedComponent:182 - Modes not found for component STMicroelectronics:USB_DEVICE:1.0.0:STMicroelectronics:USB::USB Device:MSC HS::1.0:USB_DEVICE_1_0_RESTRICTED_HS
2025-12-04 09:48:44,798 [WARN] ModelIntegratedComponent:188 - Modes not found for component STMicroelectronics:USB_DEVICE:1.0.0:STMicroelectronics:USB::USB Device:MSC HS::1.0:USB_DEVICE_1_0_RESTRICTED_HS
2025-12-04 09:48:44,804 [INFO] ThirdPartyModel:298 - Start build external matchings
2025-12-04 09:48:44,986 [INFO] ThirdPartyModel:316 - End build external matchings
2025-12-04 09:48:44,993 [INFO] ImportTextPane:234 - (OptionalMessage_ERROR) IP (RCC) : Parameter (RTCHSEDivFreq_Value) has invalid value (12500000)
2025-12-04 09:48:44,994 [WARN] IP:2250 - DEVICE_SERIAL0_CDC_FS not found: check if there is a RefParameter without a condition.
2025-12-04 09:48:44,994 [WARN] IP:2250 - DEVICE_SERIAL1_CDC_FS not found: check if there is a RefParameter without a condition.
2025-12-04 09:48:44,994 [WARN] IP:2250 - DEVICE_SERIAL2_CDC_FS not found: check if there is a RefParameter without a condition.
2025-12-04 09:48:45,202 [INFO] UtilMem:75 - End LoadConfig() Used Memory: 766063816 Bytes (1073741824)
2025-12-04 09:48:45,243 [WARN] ThirdParty:833 - waiting for thirdparty lock release [change project]
2025-12-04 09:48:45,244 [INFO] ThirdParty:835 - entering critical section [change project]
2025-12-04 09:48:45,244 [INFO] ThirdParty:1030 - CMSIS Pack Vendor :STMicroelectronics X-CUBE-PM33A1 1.0.0
2025-12-04 09:48:45,244 [INFO] ThirdParty:1030 - CMSIS Pack Vendor :STMicroelectronics USBPD 4.1
2025-12-04 09:48:45,244 [INFO] ThirdParty:1030 - CMSIS Pack Vendor :STMicroelectronics X-CUBE-NFC9 1.0.0
2025-12-04 09:48:45,244 [INFO] ThirdParty:1030 - CMSIS Pack Vendor :STMicroelectronics USB_HOST 2.0.0
2025-12-04 09:48:45,244 [INFO] ThirdParty:1030 - CMSIS Pack Vendor :STMicroelectronics FP-SNS-MOTENVWB1 1.4.0
2025-12-04 09:48:45,244 [INFO] ThirdParty:1030 - CMSIS Pack Vendor :STMicroelectronics X-CUBE-AZRTOS-F4 1.1.0
2025-12-04 09:48:45,244 [INFO] ThirdParty:1030 - CMSIS Pack Vendor :STMicroelectronics LIBJPEG 8.0.0
2025-12-04 09:48:45,244 [INFO] ThirdParty:1030 - CMSIS Pack Vendor :STMicroelectronics FP-ATR-ASTRA1 2.0.2
2025-12-04 09:48:45,244 [INFO] ThirdParty:1030 - CMSIS Pack Vendor :wolfSSL I-CUBE-wolfSSL 5.8.2
2025-12-04 09:48:45,244 [INFO] ThirdParty:1030 - CMSIS Pack Vendor :STMicroelectronics X-CUBE-BLE1 7.1.0
2025-12-04 09:48:45,244 [INFO] ThirdParty:1030 - CMSIS Pack Vendor :STMicroelectronics X-CUBE-SMBUS 2.1.0
2025-12-04 09:48:45,244 [INFO] ThirdParty:1030 - CMSIS Pack Vendor :wolfSSL I-CUBE-wolfMQTT 1.19.2
2025-12-04 09:48:45,244 [INFO] ThirdParty:1030 - CMSIS Pack Vendor :STMicroelectronics USB_DEVICE 3.0.0
2025-12-04 09:48:45,244 [INFO] ThirdParty:1030 - CMSIS Pack Vendor :STMicroelectronics X-CUBE-ISPU 2.1.0
2025-12-04 09:48:45,244 [INFO] ThirdParty:1030 - CMSIS Pack Vendor :STMicroelectronics X-CUBE-FREERTOS 1.4.0
2025-12-04 09:48:45,244 [INFO] ThirdParty:1030 - CMSIS Pack Vendor :STMicroelectronics X-CUBE-EEPRMA1 5.2.0
2025-12-04 09:48:45,244 [INFO] ThirdParty:1030 - CMSIS Pack Vendor :STMicroelectronics X-CUBE-IPS 3.2.0
2025-12-04 09:48:45,244 [INFO] ThirdParty:1030 - CMSIS Pack Vendor :STMicroelectronics X-CUBE-BLEMGR 4.1.0
2025-12-04 09:48:45,244 [INFO] ThirdParty:1030 - CMSIS Pack Vendor :STMicroelectronics X-CUBE-AZRTOS-WB 2.0.0
2025-12-04 09:48:45,244 [INFO] ThirdParty:1030 - CMSIS Pack Vendor :Cesanta I-CUBE-Mongoose 7.20.0
2025-12-04 09:48:45,244 [INFO] ThirdParty:1030 - CMSIS Pack Vendor :STMicroelectronics X-CUBE-NFC12 1.0.0
2025-12-04 09:48:45,244 [INFO] ThirdParty:1030 - CMSIS Pack Vendor :STMicroelectronics X-CUBE-AZRTOS-F7 1.1.0
2025-12-04 09:48:45,244 [INFO] ThirdParty:1030 - CMSIS Pack Vendor :STMicroelectronics X-CUBE-AZRTOS-L5 2.0.0
2025-12-04 09:48:45,244 [INFO] ThirdParty:1030 - CMSIS Pack Vendor :STMicroelectronics USB_DEVICE 2.0.0
2025-12-04 09:48:45,244 [INFO] ThirdParty:1030 - CMSIS Pack Vendor :STMicroelectronics X-CUBE-NFC6 3.1.0
2025-12-04 09:48:45,244 [INFO] ThirdParty:1030 - CMSIS Pack Vendor :STMicroelectronics X-CUBE-ST67W61 1.1.0
2025-12-04 09:48:45,244 [INFO] ThirdParty:1030 - CMSIS Pack Vendor :quantropi X-CUBE-qispace-sdk-base 2.1.0
2025-12-04 09:48:45,244 [INFO] ThirdParty:1030 - CMSIS Pack Vendor :STMicroelectronics X-CUBE-MEMS1 12.0.0
2025-12-04 09:48:45,244 [INFO] ThirdParty:1030 - CMSIS Pack Vendor :STMicroelectronics FP-SNS-MOTENV1 5.1.0
2025-12-04 09:48:45,244 [INFO] ThirdParty:1030 - CMSIS Pack Vendor :STMicroelectronics FreeRTOS 0.0.1
2025-12-04 09:48:45,244 [INFO] ThirdParty:1030 - CMSIS Pack Vendor :STMicroelectronics X-CUBE-AZRTOS-G0 1.1.0
2025-12-04 09:48:45,244 [INFO] ThirdParty:1030 - CMSIS Pack Vendor :STMicroelectronics X-CUBE-NFC4 3.0.0
2025-12-04 09:48:45,244 [INFO] ThirdParty:1030 - CMSIS Pack Vendor :STMicroelectronics X-CUBE-SUBG2 5.0.0
2025-12-04 09:48:45,244 [INFO] ThirdParty:1030 - CMSIS Pack Vendor :STMicroelectronics STM32_WPAN 1.0.0
2025-12-04 09:48:45,244 [INFO] ThirdParty:1030 - CMSIS Pack Vendor :EmbeddedOffice I-CUBE-FS-RTOS 1.0.1
2025-12-04 09:48:45,245 [INFO] ThirdParty:1030 - CMSIS Pack Vendor :STMicroelectronics lwIP 2.0.3
2025-12-04 09:48:45,245 [INFO] ThirdParty:1030 - CMSIS Pack Vendor :WES I-CUBE-Cesium 1.4.0
2025-12-04 09:48:45,245 [INFO] ThirdParty:1030 - CMSIS Pack Vendor :STMicroelectronics USB_HOST 1.0.0
2025-12-04 09:48:45,245 [INFO] ThirdParty:1030 - CMSIS Pack Vendor :STMicroelectronics X-CUBE-AZRTOS-G4 2.0.0
2025-12-04 09:48:45,245 [INFO] ThirdParty:1030 - CMSIS Pack Vendor :STMicroelectronics X-CUBE-WB05N 2.0.0
2025-12-04 09:48:45,245 [INFO] ThirdParty:1030 - CMSIS Pack Vendor :STMicroelectronics PDM2PCM 3.1.0
2025-12-04 09:48:45,245 [INFO] ThirdParty:1030 - CMSIS Pack Vendor :STMicroelectronics PDM2PCM 3.3.0
2025-12-04 09:48:45,245 [INFO] ThirdParty:1030 - CMSIS Pack Vendor :wolfSSL I-CUBE-wolfTPM 3.8.0
2025-12-04 09:48:45,245 [INFO] ThirdParty:1030 - CMSIS Pack Vendor :STMicroelectronics X-CUBE-AZRTOS-H7 3.4.0
2025-12-04 09:48:45,245 [INFO] ThirdParty:1030 - CMSIS Pack Vendor :STMicroelectronics X-CUBE-DISPLAY 3.0.0
2025-12-04 09:48:45,245 [INFO] ThirdParty:1030 - CMSIS Pack Vendor :wolfSSL I-CUBE-wolfSSH 1.4.20
2025-12-04 09:48:45,245 [INFO] ThirdParty:1030 - CMSIS Pack Vendor :STMicroelectronics X-CUBE-NFC7 2.0.0
2025-12-04 09:48:45,245 [INFO] ThirdParty:1030 - CMSIS Pack Vendor :STMicroelectronics X-CUBE-TCPP 4.2.0
2025-12-04 09:48:45,245 [INFO] ThirdParty:1030 - CMSIS Pack Vendor :RealThread X-CUBE-RT-Thread_Nano 4.1.1
2025-12-04 09:48:45,245 [INFO] ThirdParty:1030 - CMSIS Pack Vendor :STMicroelectronics FP-ATR-SIGFOX1 3.2.0
2025-12-04 09:48:45,245 [INFO] ThirdParty:1030 - CMSIS Pack Vendor :STMicroelectronics X-CUBE-NFC10 1.0.0
2025-12-04 09:48:45,245 [INFO] ThirdParty:1030 - CMSIS Pack Vendor :STMicroelectronics HAL Drivers 0.0.0
2025-12-04 09:48:45,245 [INFO] ThirdParty:1030 - CMSIS Pack Vendor :STMicroelectronics MBEDTLS 2.16.2
2025-12-04 09:48:45,245 [INFO] ThirdParty:1030 - CMSIS Pack Vendor :STMicroelectronics X-CUBE-ST60 1.1.0
2025-12-04 09:48:45,245 [INFO] ThirdParty:1030 - CMSIS Pack Vendor :STMicroelectronics X-CUBE-ALS 1.0.2
2025-12-04 09:48:45,245 [INFO] ThirdParty:1030 - CMSIS Pack Vendor :emotas I-CUBE-CANOPEN 1.3.0
2025-12-04 09:48:45,245 [INFO] ThirdParty:1030 - CMSIS Pack Vendor :STMicroelectronics MBEDTLS 2.14.1
2025-12-04 09:48:45,245 [INFO] ThirdParty:1030 - CMSIS Pack Vendor :STMicroelectronics X-CUBE-GNSS1 7.1.0
2025-12-04 09:48:45,245 [INFO] ThirdParty:1030 - CMSIS Pack Vendor :ITTIA_DB I-CUBE-ITTIADB 8.9.0
2025-12-04 09:48:45,245 [INFO] ThirdParty:1030 - CMSIS Pack Vendor :STMicroelectronics X-CUBE-TOUCHGFX 4.26.0
2025-12-04 09:48:45,245 [INFO] ThirdParty:1030 - CMSIS Pack Vendor :STMicroelectronics X-CUBE-STSE01 1.0.0
2025-12-04 09:48:45,245 [INFO] ThirdParty:1030 - CMSIS Pack Vendor :STMicroelectronics FP-SNS-STBOX1 2.1.0
2025-12-04 09:48:45,245 [INFO] ThirdParty:1030 - CMSIS Pack Vendor :STMicroelectronics X-CUBE-AI 10.2.0
2025-12-04 09:48:45,245 [INFO] ThirdParty:1030 - CMSIS Pack Vendor :STMicroelectronics FP-SNS-STAIOTCFT 1.0.0
2025-12-04 09:48:45,245 [INFO] ThirdParty:1030 - CMSIS Pack Vendor :STMicroelectronics ThreadX 1.0.0
2025-12-04 09:48:45,245 [INFO] ThirdParty:1030 - CMSIS Pack Vendor :STMicroelectronics FP-SNS-SMARTAG2 1.2.0
2025-12-04 09:48:45,245 [INFO] ThirdParty:1030 - CMSIS Pack Vendor :STMicroelectronics FP-SNS-FLIGHT1 5.1.0
2025-12-04 09:48:45,245 [INFO] ThirdParty:1030 - CMSIS Pack Vendor :STMicroelectronics X-CUBE-AZRTOS-WL 2.0.0
2025-12-04 09:48:45,245 [INFO] ThirdParty:1030 - CMSIS Pack Vendor :SEGGER I-CUBE-embOS 1.3.1
2025-12-04 09:48:45,245 [INFO] ThirdParty:1030 - CMSIS Pack Vendor :STMicroelectronics X-CUBE-ALGOBUILD 1.4.0
2025-12-04 09:48:45,245 [INFO] ThirdParty:1030 - CMSIS Pack Vendor :STMicroelectronics X-CUBE-DPower 1.3.0
2025-12-04 09:48:45,245 [INFO] ThirdParty:1030 - CMSIS Pack Vendor :STMicroelectronics USB_DEVICE 1.0.0
2025-12-04 09:48:45,245 [INFO] ThirdParty:1030 - CMSIS Pack Vendor :STMicroelectronics X-CUBE-AZRTOS-H7RS 1.2.0
2025-12-04 09:48:45,245 [INFO] ThirdParty:1030 - CMSIS Pack Vendor :STMicroelectronics X-CUBE-AZRTOS-L4 2.0.0
2025-12-04 09:48:45,245 [INFO] ThirdParty:1030 - CMSIS Pack Vendor :STMicroelectronics ThreadX 0.0.2
2025-12-04 09:48:45,245 [INFO] ThirdParty:1030 - CMSIS Pack Vendor :STMicroelectronics lwIP 2.1.2
2025-12-04 09:48:45,245 [INFO] ThirdParty:1030 - CMSIS Pack Vendor :STMicroelectronics X-CUBE-SFXS2LP1 4.0.0
2025-12-04 09:48:45,245 [INFO] ThirdParty:1030 - CMSIS Pack Vendor :STMicroelectronics X-CUBE-BLE2 3.3.0
2025-12-04 09:48:45,245 [INFO] ThirdParty:1030 - CMSIS Pack Vendor :Avnet-IOTCONNECT X-CUBE-iotc-st67-sdk 1.0.0
2025-12-04 09:48:45,245 [INFO] ThirdParty:1030 - CMSIS Pack Vendor :STMicroelectronics X-CUBE-TOF1 3.4.3
2025-12-04 09:48:45,245 [INFO] ThirdParty:1030 - CMSIS Pack Vendor :Infineon AIROC-Wi-Fi-Bluetooth-STM32 1.8.0
2025-12-04 09:48:45,245 [INFO] ThirdParty:1030 - CMSIS Pack Vendor :STMicroelectronics PDM2PCM 3.2.0
2025-12-04 09:48:45,245 [INFO] ThirdParty:841 - exiting critical section [change project]
2025-12-04 09:48:45,363 [INFO] PinOutPanel:1589 - setPackage(No Configuration,No Configuration)
2025-12-04 09:48:45,363 [INFO] PinOutPanel:1589 - setPackage(STM32F411CEUx,UFQFPN48)
2025-12-04 09:48:45,463 [INFO] UtilMem:75 - Before build in PCC Used Memory: 898157704 Bytes (1073741824)
2025-12-04 09:48:45,624 [INFO] UtilMem:75 - After build in PCC Used Memory: 942817224 Bytes (1073741824)
2025-12-04 09:48:45,630 [INFO] ApiDbMcu:532 - Load IP Config File for USB_DEVICE
2025-12-04 09:48:45,647 [INFO] IPUIPlugin:80 - create IPUIPlugin
2025-12-04 09:48:45,647 [INFO] IPUIPlugin:80 - create IPUIPlugin
2025-12-04 09:48:45,647 [INFO] IPUIPlugin:80 - create IPUIPlugin
2025-12-04 09:48:45,647 [INFO] IPUIPlugin:80 - create IPUIPlugin
2025-12-04 09:48:45,647 [INFO] IPUIPlugin:80 - create IPUIPlugin
2025-12-04 09:48:45,647 [INFO] IPUIPlugin:80 - create IPUIPlugin
2025-12-04 09:48:45,647 [INFO] IPUIPlugin:80 - create IPUIPlugin
2025-12-04 09:48:45,647 [INFO] IPUIPlugin:80 - create IPUIPlugin
2025-12-04 09:48:45,647 [INFO] IPUIPlugin:80 - create IPUIPlugin
2025-12-04 09:48:45,647 [INFO] IPUIPlugin:80 - create IPUIPlugin
2025-12-04 09:48:45,647 [INFO] IPUIPlugin:80 - create IPUIPlugin
2025-12-04 09:48:45,648 [INFO] IPUIPlugin:80 - create IPUIPlugin
2025-12-04 09:48:45,648 [INFO] IPUIPlugin:80 - create IPUIPlugin
2025-12-04 09:48:45,648 [INFO] IPUIPlugin:80 - create IPUIPlugin
2025-12-04 09:48:45,648 [INFO] IPUIPlugin:80 - create IPUIPlugin
2025-12-04 09:48:45,648 [INFO] IPUIPlugin:80 - create IPUIPlugin
2025-12-04 09:48:45,648 [INFO] IPUIPlugin:80 - create IPUIPlugin
2025-12-04 09:48:45,648 [INFO] IPUIPlugin:80 - create IPUIPlugin
2025-12-04 09:48:45,648 [INFO] IPUIPlugin:80 - create IPUIPlugin
2025-12-04 09:48:45,648 [INFO] IPUIPlugin:80 - create IPUIPlugin
2025-12-04 09:48:45,648 [INFO] IPUIPlugin:80 - create IPUIPlugin
2025-12-04 09:48:45,648 [INFO] IPUIPlugin:80 - create IPUIPlugin
2025-12-04 09:48:45,648 [INFO] IPUIPlugin:80 - create IPUIPlugin
2025-12-04 09:48:45,649 [INFO] IPUIPlugin:80 - create IPUIPlugin
2025-12-04 09:48:45,649 [INFO] IPUIPlugin:80 - create IPUIPlugin
2025-12-04 09:48:45,649 [INFO] IPUIPlugin:80 - create IPUIPlugin
2025-12-04 09:48:45,649 [INFO] IPUIPlugin:80 - create IPUIPlugin
2025-12-04 09:48:45,649 [INFO] IPUIPlugin:80 - create IPUIPlugin
2025-12-04 09:48:45,649 [INFO] IPUIPlugin:80 - create IPUIPlugin
2025-12-04 09:48:45,649 [INFO] IPUIPlugin:80 - create IPUIPlugin
2025-12-04 09:48:45,650 [INFO] IPUIPlugin:80 - create IPUIPlugin
2025-12-04 09:48:45,650 [INFO] IPUIPlugin:80 - create IPUIPlugin
2025-12-04 09:48:45,650 [INFO] IPUIPlugin:80 - create IPUIPlugin
2025-12-04 09:48:45,650 [INFO] IPUIPlugin:80 - create IPUIPlugin
2025-12-04 09:48:45,650 [INFO] IPUIPlugin:80 - create IPUIPlugin
2025-12-04 09:48:45,650 [INFO] IPUIPlugin:80 - create IPUIPlugin
2025-12-04 09:48:45,650 [INFO] IPUIPlugin:80 - create IPUIPlugin
2025-12-04 09:48:45,650 [INFO] IPUIPlugin:80 - create IPUIPlugin
2025-12-04 09:48:45,651 [INFO] IPUIPlugin:80 - create IPUIPlugin
2025-12-04 09:48:45,651 [INFO] IPUIPlugin:80 - create IPUIPlugin
2025-12-04 09:48:45,651 [INFO] IPUIPlugin:80 - create IPUIPlugin
2025-12-04 09:48:45,651 [INFO] IPUIPlugin:80 - create IPUIPlugin
2025-12-04 09:48:45,651 [INFO] IPUIPlugin:80 - create IPUIPlugin
2025-12-04 09:48:45,655 [INFO] ApiDbMcu:532 - Load IP Config File for PDM2PCM
2025-12-04 09:48:45,685 [INFO] CADModel:165 - CPN selected for project levelSTM32F411CEU6
2025-12-04 09:48:45,685 [INFO] CADModel:114 - Register for checkConnection events
2025-12-04 09:48:45,734 [INFO] OpenFileManager:386 - Restore cursor
2025-12-04 09:48:45,837 [WARN] IP:2250 - DEVICE_SERIAL0_CDC_FS not found: check if there is a RefParameter without a condition.
2025-12-04 09:48:45,837 [WARN] IP:2250 - DEVICE_SERIAL1_CDC_FS not found: check if there is a RefParameter without a condition.
2025-12-04 09:48:45,837 [WARN] IP:2250 - DEVICE_SERIAL2_CDC_FS not found: check if there is a RefParameter without a condition.
2025-12-04 09:48:45,838 [WARN] IP:2250 - DEVICE_SERIAL0_CDC_FS not found: check if there is a RefParameter without a condition.
2025-12-04 09:48:45,838 [WARN] IP:2250 - DEVICE_SERIAL1_CDC_FS not found: check if there is a RefParameter without a condition.
2025-12-04 09:48:45,838 [WARN] IP:2250 - DEVICE_SERIAL2_CDC_FS not found: check if there is a RefParameter without a condition.
2025-12-04 09:49:27,619 [INFO] Gpio:278 - dependency for GPIO [RCC, SYS, USART1, USB_OTG_FS]
2025-12-04 09:49:36,157 [INFO] Gpio:278 - dependency for GPIO [RCC, SYS, USART1, USB_OTG_FS]
2025-12-04 09:49:40,197 [WARN] IP:2250 - DEVICE_SERIAL0_CDC_FS not found: check if there is a RefParameter without a condition.
2025-12-04 09:49:40,197 [WARN] IP:2250 - DEVICE_SERIAL1_CDC_FS not found: check if there is a RefParameter without a condition.
2025-12-04 09:49:40,197 [WARN] IP:2250 - DEVICE_SERIAL2_CDC_FS not found: check if there is a RefParameter without a condition.
2025-12-04 09:56:03,489 [INFO] MainUpdater:2872 - connection check result : 10
2025-12-04 09:56:03,489 [INFO] MainUpdater:2872 - connection check result : 10
2025-12-04 09:56:03,668 [INFO] MicroXplorer:468 - Change Database Path : 
2025-12-04 09:56:03,668 [INFO] MicroXplorer:498 - Change Database Version : DB.6.0.150
2025-12-04 09:56:03,711 [ERROR] ProjectManagerView:395 - 
java.lang.NullPointerException: Cannot invoke "javax.swing.JTextField.getText()" because the return value of "java.util.List.get(int)" is null
	at com.st.microxplorer.plugins.projectmanager.gui.ProjectChoiceTab$9.caretUpdate(ProjectChoiceTab.java:2706) ~[filemanager.jar:?]
	at javax.swing.text.JTextComponent.fireCaretUpdate(JTextComponent.java:408) ~[?:?]
	at javax.swing.text.JTextComponent$MutableCaretEvent.fire(JTextComponent.java:4484) ~[?:?]
	at javax.swing.text.JTextComponent$MutableCaretEvent.stateChanged(JTextComponent.java:4506) ~[?:?]
	at javax.swing.text.DefaultCaret.fireStateChanged(DefaultCaret.java:857) ~[?:?]
	at javax.swing.text.DefaultCaret.changeCaretPosition(DefaultCaret.java:1343) ~[?:?]
	at javax.swing.text.DefaultCaret.handleSetDot(DefaultCaret.java:1242) ~[?:?]
	at javax.swing.text.DefaultCaret.setDot(DefaultCaret.java:1223) ~[?:?]
	at javax.swing.text.DefaultCaret$Handler.insertUpdate(DefaultCaret.java:1819) ~[?:?]
	at javax.swing.text.AbstractDocument.fireInsertUpdate(AbstractDocument.java:227) ~[?:?]
	at javax.swing.text.AbstractDocument.handleInsertString(AbstractDocument.java:781) ~[?:?]
	at javax.swing.text.AbstractDocument.insertString(AbstractDocument.java:740) ~[?:?]
	at javax.swing.text.PlainDocument.insertString(PlainDocument.java:131) ~[?:?]
	at javax.swing.text.AbstractDocument.replace(AbstractDocument.java:699) ~[?:?]
	at javax.swing.text.JTextComponent.setText(JTextComponent.java:1725) ~[?:?]
	at com.st.microxplorer.plugins.projectmanager.gui.ProjectChoiceTab.createHeapStackFields(ProjectChoiceTab.java:993) ~[filemanager.jar:?]
	at com.st.microxplorer.plugins.projectmanager.gui.ProjectChoiceTab.buildLinkSettingsPanel(ProjectChoiceTab.java:3813) ~[filemanager.jar:?]
	at com.st.microxplorer.plugins.projectmanager.gui.ProjectChoiceTab.defineWindowsFields(ProjectChoiceTab.java:1987) ~[filemanager.jar:?]
	at com.st.microxplorer.plugins.projectmanager.gui.ProjectChoiceTab.updateSettings(ProjectChoiceTab.java:558) ~[filemanager.jar:?]
	at com.st.microxplorer.plugins.projectmanager.gui.ProjectSettingsPanel.UpdateDialog(ProjectSettingsPanel.java:247) ~[filemanager.jar:?]
	at com.st.microxplorer.plugins.projectmanager.ProjectManagerView.propertyChange(ProjectManagerView.java:392) ~[filemanager.jar:?]
	at java.beans.PropertyChangeSupport.fire(PropertyChangeSupport.java:343) ~[?:?]
	at java.beans.PropertyChangeSupport.firePropertyChange(PropertyChangeSupport.java:335) ~[?:?]
	at java.beans.PropertyChangeSupport.firePropertyChange(PropertyChangeSupport.java:268) ~[?:?]
	at com.st.microxplorer.util.MXPropertyChangeSupport.firePropertyChange(MXPropertyChangeSupport.java:54) ~[STM32CubeMX.jar:?]
	at com.st.microxplorer.mxsystem.MxSystem.closeConfig(MxSystem.java:899) ~[STM32CubeMX.jar:?]
	at com.st.microxplorer.maingui.MainPanel.closeConfig(MainPanel.java:792) ~[STM32CubeMX.jar:?]
	at com.st.microxplorer.plugins.filemanager.engine.OpenFileManager.loadConfigurationFile(OpenFileManager.java:288) ~[filemanager.jar:?]
	at com.st.microxplorer.plugins.filemanager.engine.MainFileManager.userLoadConfig(MainFileManager.java:364) ~[filemanager.jar:?]
	at com.st.microxplorer.plugins.filemanager.engine.MainFileManager.userLoadConfig(MainFileManager.java:342) ~[filemanager.jar:?]
	at com.st.microxplorer.plugins.filemanager.FileManagerView.getSpecificTask(FileManagerView.java:264) ~[filemanager.jar:?]
	at com.st.stm32cube.common.mx.editor.CubeMxEditor.getMxTabbedPaneInstance(CubeMxEditor.java:1198) ~[com.st.stm32cube.common.mx_6.15.0.202507011659/:?]
	at com.st.stm32cube.common.mx.editor.CubeMxEditor$12$1.createSwingComponent(CubeMxEditor.java:1068) ~[com.st.stm32cube.common.mx_6.15.0.202507011659/:?]
	at com.st.stm32cube.common.mx.oss.core.awtswtbridge.EmbeddedSwingComposite.doComponentCreation(EmbeddedSwingComposite.java:492) ~[com.st.stm32cube.common.mx.oss_6.15.0.202507011659/:?]
	at com.st.stm32cube.common.mx.oss.core.awtswtbridge.EmbeddedSwingComposite$4.run(EmbeddedSwingComposite.java:291) ~[com.st.stm32cube.common.mx.oss_6.15.0.202507011659/:?]
	at com.st.stm32cube.common.mx.oss.core.awtswtbridge.AwtEnvironment$2.run(AwtEnvironment.java:166) ~[com.st.stm32cube.common.mx.oss_6.15.0.202507011659/:?]
	at java.awt.event.InvocationEvent.dispatch(InvocationEvent.java:318) ~[?:?]
	at java.awt.EventQueue.dispatchEventImpl(EventQueue.java:773) ~[?:?]
	at java.awt.EventQueue$4.run(EventQueue.java:720) ~[?:?]
	at java.awt.EventQueue$4.run(EventQueue.java:714) ~[?:?]
	at java.security.AccessController.doPrivileged(AccessController.java:400) ~[?:?]
	at java.security.ProtectionDomain$JavaSecurityAccessImpl.doIntersectionPrivilege(ProtectionDomain.java:87) ~[?:?]
	at java.awt.EventQueue.dispatchEvent(EventQueue.java:742) ~[?:?]
	at java.awt.EventDispatchThread.pumpOneEventForFilters(EventDispatchThread.java:203) ~[?:?]
	at java.awt.EventDispatchThread.pumpEventsForFilter(EventDispatchThread.java:124) ~[?:?]
	at java.awt.EventDispatchThread.pumpEventsForHierarchy(EventDispatchThread.java:113) ~[?:?]
	at java.awt.EventDispatchThread.pumpEvents(EventDispatchThread.java:109) ~[?:?]
	at java.awt.EventDispatchThread.pumpEvents(EventDispatchThread.java:101) ~[?:?]
	at java.awt.EventDispatchThread.run(EventDispatchThread.java:90) ~[?:?]
2025-12-04 09:56:03,714 [WARN] ThirdParty:871 - waiting for thirdparty lock release [close project]
2025-12-04 09:56:03,714 [INFO] ThirdParty:873 - entering critical section [close project]
2025-12-04 09:56:03,714 [INFO] ThirdParty:883 - exiting critical section [close project]
2025-12-04 09:56:03,717 [INFO] PinOutPanel:1589 - setPackage(No Configuration,No Configuration)
2025-12-04 09:56:03,736 [WARN] IpParametersView:155 - Warning: This peripheral hasn't parameters
2025-12-04 09:56:03,744 [WARN] MainPanel:289 - <html><b><center>Warning: This peripheral has no parameters to be configured<br></b></html>
2025-12-04 09:56:03,750 [INFO] UtilMem:75 - Begin LoadConfig() Used Memory: 786841160 Bytes (1073741824)
2025-12-04 09:56:03,751 [INFO] MicroXplorer:468 - Change Database Path : 
2025-12-04 09:56:03,751 [INFO] MicroXplorer:498 - Change Database Version : DB.6.0.150
2025-12-04 09:56:03,751 [INFO] OpenFileManager:355 - Change cursor
2025-12-04 09:56:03,773 [INFO] Mcu:2029 - Initializing MCU STM32F401C(D-E)Ux STM32F401CDUx STM32F401CDU6
2025-12-04 09:56:04,669 [INFO] Context:786 - Trying to add GPIOservice into a context  which must be forbidden
2025-12-04 09:56:04,987 [INFO] ImportTextPane:234 - (OptionalMessage_ERROR) Pin3 (VP_RIF_VS_RIF1) cannot be retrieved for this MCU
2025-12-04 09:56:05,109 [INFO] RtosManager:558 - Registered RTOS mode: class=CMSIS, group=RTOS, mode=CMSIS_V1, owner=FREERTOS
2025-12-04 09:56:05,109 [INFO] RtosManager:558 - Registered RTOS mode: class=CMSIS, group=RTOS2, mode=CMSIS_V2, owner=FREERTOS
2025-12-04 09:56:05,109 [INFO] RtosManager:558 - Registered RTOS mode: class=RTOS, group=Core, mode=CMSIS_V1, owner=FREERTOS
2025-12-04 09:56:05,109 [INFO] RtosManager:558 - Registered RTOS mode: class=RTOS, group=Core, mode=CMSIS_V2, owner=FREERTOS
2025-12-04 09:56:05,109 [WARN] ModelIntegratedComponent:184 - Missing modes for component STMicroelectronics:FreeRTOS:0.0.1:STMicroelectronics:RTOS:FreeRTOS:Core:::10.2.0:
2025-12-04 09:56:05,115 [WARN] ModelIntegratedComponent:63 - No mode defined for component null
2025-12-04 09:56:05,115 [WARN] ModelIntegratedComponent:63 - No mode defined for component null
2025-12-04 09:56:05,115 [WARN] ModelIntegratedComponent:63 - No mode defined for component null
2025-12-04 09:56:05,115 [WARN] ModelIntegratedComponent:63 - No mode defined for component null
2025-12-04 09:56:05,115 [WARN] ModelIntegratedComponent:63 - No mode defined for component null
2025-12-04 09:56:05,115 [WARN] ModelIntegratedComponent:63 - No mode defined for component null
2025-12-04 09:56:05,115 [WARN] ModelIntegratedComponent:63 - No mode defined for component null
2025-12-04 09:56:05,115 [WARN] ModelIntegratedComponent:63 - No mode defined for component null
2025-12-04 09:56:05,115 [WARN] ModelIntegratedComponent:63 - No mode defined for component null
2025-12-04 09:56:05,115 [WARN] ModelIntegratedComponent:63 - No mode defined for component null
2025-12-04 09:56:05,115 [WARN] ModelIntegratedComponent:63 - No mode defined for component null
2025-12-04 09:56:05,115 [WARN] ModelIntegratedComponent:63 - No mode defined for component null
2025-12-04 09:56:05,115 [WARN] ModelIntegratedComponent:63 - No mode defined for component null
2025-12-04 09:56:05,115 [WARN] ModelIntegratedComponent:63 - No mode defined for component null
2025-12-04 09:56:05,115 [WARN] ModelIntegratedComponent:63 - No mode defined for component null
2025-12-04 09:56:05,115 [WARN] ModelIntegratedComponent:63 - No mode defined for component null
2025-12-04 09:56:05,116 [WARN] ModelIntegratedComponent:63 - No mode defined for component null
2025-12-04 09:56:05,116 [WARN] ModelIntegratedComponent:63 - No mode defined for component null
2025-12-04 09:56:05,116 [WARN] ModelIntegratedComponent:63 - No mode defined for component null
2025-12-04 09:56:05,116 [WARN] ModelIntegratedComponent:63 - No mode defined for component null
2025-12-04 09:56:05,116 [WARN] ModelIntegratedComponent:63 - No mode defined for component null
2025-12-04 09:56:05,116 [WARN] ModelIntegratedComponent:63 - No mode defined for component null
2025-12-04 09:56:05,116 [WARN] ModelIntegratedComponent:63 - No mode defined for component null
2025-12-04 09:56:05,116 [WARN] ModelIntegratedComponent:63 - No mode defined for component null
2025-12-04 09:56:05,116 [WARN] ModelIntegratedComponent:63 - No mode defined for component null
2025-12-04 09:56:05,116 [WARN] ModelIntegratedComponent:63 - No mode defined for component null
2025-12-04 09:56:05,116 [WARN] ModelIntegratedComponent:63 - No mode defined for component null
2025-12-04 09:56:05,116 [WARN] ModelIntegratedComponent:63 - No mode defined for component null
2025-12-04 09:56:05,116 [WARN] ModelIntegratedComponent:63 - No mode defined for component null
2025-12-04 09:56:05,116 [WARN] ModelIntegratedComponent:63 - No mode defined for component null
2025-12-04 09:56:05,116 [WARN] ModelIntegratedComponent:63 - No mode defined for component null
2025-12-04 09:56:05,117 [WARN] ModelIntegratedComponent:63 - No mode defined for component null
2025-12-04 09:56:05,117 [WARN] ModelIntegratedComponent:63 - No mode defined for component null
2025-12-04 09:56:05,117 [WARN] ModelIntegratedComponent:63 - No mode defined for component null
2025-12-04 09:56:05,117 [WARN] ModelIntegratedComponent:63 - No mode defined for component null
2025-12-04 09:56:05,117 [WARN] ModelPack:524 - Component already loaded: STMicroelectronics:HAL Drivers:0.0.0:STMicroelectronics:Device:STMicro_Driver:XSPI:HAL::0.0.1:HAL_XSPI
2025-12-04 09:56:05,131 [INFO] ThirdPartyModel:298 - Start build external matchings
2025-12-04 09:56:05,375 [INFO] ThirdPartyModel:316 - End build external matchings
2025-12-04 09:56:05,614 [INFO] UtilMem:75 - End LoadConfig() Used Memory: 827752608 Bytes (1073741824)
2025-12-04 09:56:05,721 [WARN] ThirdParty:833 - waiting for thirdparty lock release [change project]
2025-12-04 09:56:05,722 [INFO] ThirdParty:835 - entering critical section [change project]
2025-12-04 09:56:05,722 [INFO] ThirdParty:1030 - CMSIS Pack Vendor :STMicroelectronics X-CUBE-PM33A1 1.0.0
2025-12-04 09:56:05,722 [INFO] ThirdParty:1030 - CMSIS Pack Vendor :STMicroelectronics USBPD 4.1
2025-12-04 09:56:05,722 [INFO] ThirdParty:1030 - CMSIS Pack Vendor :STMicroelectronics X-CUBE-NFC9 1.0.0
2025-12-04 09:56:05,722 [INFO] ThirdParty:1030 - CMSIS Pack Vendor :STMicroelectronics USB_HOST 2.0.0
2025-12-04 09:56:05,722 [INFO] ThirdParty:1030 - CMSIS Pack Vendor :STMicroelectronics FP-SNS-MOTENVWB1 1.4.0
2025-12-04 09:56:05,722 [INFO] ThirdParty:1030 - CMSIS Pack Vendor :STMicroelectronics X-CUBE-AZRTOS-F4 1.1.0
2025-12-04 09:56:05,722 [INFO] ThirdParty:1030 - CMSIS Pack Vendor :STMicroelectronics LIBJPEG 8.0.0
2025-12-04 09:56:05,722 [INFO] ThirdParty:1030 - CMSIS Pack Vendor :STMicroelectronics FP-ATR-ASTRA1 2.0.2
2025-12-04 09:56:05,722 [INFO] ThirdParty:1030 - CMSIS Pack Vendor :wolfSSL I-CUBE-wolfSSL 5.8.2
2025-12-04 09:56:05,722 [INFO] ThirdParty:1030 - CMSIS Pack Vendor :STMicroelectronics X-CUBE-BLE1 7.1.0
2025-12-04 09:56:05,722 [INFO] ThirdParty:1030 - CMSIS Pack Vendor :STMicroelectronics X-CUBE-SMBUS 2.1.0
2025-12-04 09:56:05,722 [INFO] ThirdParty:1030 - CMSIS Pack Vendor :wolfSSL I-CUBE-wolfMQTT 1.19.2
2025-12-04 09:56:05,722 [INFO] ThirdParty:1030 - CMSIS Pack Vendor :STMicroelectronics USB_DEVICE 3.0.0
2025-12-04 09:56:05,722 [INFO] ThirdParty:1030 - CMSIS Pack Vendor :STMicroelectronics X-CUBE-ISPU 2.1.0
2025-12-04 09:56:05,722 [INFO] ThirdParty:1030 - CMSIS Pack Vendor :STMicroelectronics X-CUBE-FREERTOS 1.4.0
2025-12-04 09:56:05,722 [INFO] ThirdParty:1030 - CMSIS Pack Vendor :STMicroelectronics X-CUBE-EEPRMA1 5.2.0
2025-12-04 09:56:05,723 [INFO] ThirdParty:1030 - CMSIS Pack Vendor :STMicroelectronics X-CUBE-IPS 3.2.0
2025-12-04 09:56:05,723 [INFO] ThirdParty:1030 - CMSIS Pack Vendor :STMicroelectronics X-CUBE-BLEMGR 4.1.0
2025-12-04 09:56:05,723 [INFO] ThirdParty:1030 - CMSIS Pack Vendor :STMicroelectronics X-CUBE-AZRTOS-WB 2.0.0
2025-12-04 09:56:05,723 [INFO] ThirdParty:1030 - CMSIS Pack Vendor :Cesanta I-CUBE-Mongoose 7.20.0
2025-12-04 09:56:05,723 [INFO] ThirdParty:1030 - CMSIS Pack Vendor :STMicroelectronics X-CUBE-NFC12 1.0.0
2025-12-04 09:56:05,723 [INFO] ThirdParty:1030 - CMSIS Pack Vendor :STMicroelectronics X-CUBE-AZRTOS-F7 1.1.0
2025-12-04 09:56:05,723 [INFO] ThirdParty:1030 - CMSIS Pack Vendor :STMicroelectronics X-CUBE-AZRTOS-L5 2.0.0
2025-12-04 09:56:05,723 [INFO] ThirdParty:1030 - CMSIS Pack Vendor :STMicroelectronics USB_DEVICE 2.0.0
2025-12-04 09:56:05,723 [INFO] ThirdParty:1030 - CMSIS Pack Vendor :STMicroelectronics X-CUBE-NFC6 3.1.0
2025-12-04 09:56:05,723 [INFO] ThirdParty:1030 - CMSIS Pack Vendor :STMicroelectronics X-CUBE-ST67W61 1.1.0
2025-12-04 09:56:05,723 [INFO] ThirdParty:1030 - CMSIS Pack Vendor :quantropi X-CUBE-qispace-sdk-base 2.1.0
2025-12-04 09:56:05,723 [INFO] ThirdParty:1030 - CMSIS Pack Vendor :STMicroelectronics X-CUBE-MEMS1 12.0.0
2025-12-04 09:56:05,723 [INFO] ThirdParty:1030 - CMSIS Pack Vendor :STMicroelectronics FP-SNS-MOTENV1 5.1.0
2025-12-04 09:56:05,723 [INFO] ThirdParty:1030 - CMSIS Pack Vendor :STMicroelectronics FreeRTOS 0.0.1
2025-12-04 09:56:05,723 [INFO] ThirdParty:1030 - CMSIS Pack Vendor :STMicroelectronics X-CUBE-AZRTOS-G0 1.1.0
2025-12-04 09:56:05,723 [INFO] ThirdParty:1030 - CMSIS Pack Vendor :STMicroelectronics X-CUBE-NFC4 3.0.0
2025-12-04 09:56:05,723 [INFO] ThirdParty:1030 - CMSIS Pack Vendor :STMicroelectronics X-CUBE-SUBG2 5.0.0
2025-12-04 09:56:05,723 [INFO] ThirdParty:1030 - CMSIS Pack Vendor :STMicroelectronics STM32_WPAN 1.0.0
2025-12-04 09:56:05,723 [INFO] ThirdParty:1030 - CMSIS Pack Vendor :EmbeddedOffice I-CUBE-FS-RTOS 1.0.1
2025-12-04 09:56:05,723 [INFO] ThirdParty:1030 - CMSIS Pack Vendor :STMicroelectronics lwIP 2.0.3
2025-12-04 09:56:05,723 [INFO] ThirdParty:1030 - CMSIS Pack Vendor :WES I-CUBE-Cesium 1.4.0
2025-12-04 09:56:05,724 [INFO] ThirdParty:1030 - CMSIS Pack Vendor :STMicroelectronics USB_HOST 1.0.0
2025-12-04 09:56:05,724 [INFO] ThirdParty:1030 - CMSIS Pack Vendor :STMicroelectronics X-CUBE-AZRTOS-G4 2.0.0
2025-12-04 09:56:05,724 [INFO] ThirdParty:1030 - CMSIS Pack Vendor :STMicroelectronics X-CUBE-WB05N 2.0.0
2025-12-04 09:56:05,724 [INFO] ThirdParty:1030 - CMSIS Pack Vendor :STMicroelectronics PDM2PCM 3.1.0
2025-12-04 09:56:05,724 [INFO] ThirdParty:1030 - CMSIS Pack Vendor :STMicroelectronics PDM2PCM 3.3.0
2025-12-04 09:56:05,724 [INFO] ThirdParty:1030 - CMSIS Pack Vendor :wolfSSL I-CUBE-wolfTPM 3.8.0
2025-12-04 09:56:05,724 [INFO] ThirdParty:1030 - CMSIS Pack Vendor :STMicroelectronics X-CUBE-AZRTOS-H7 3.4.0
2025-12-04 09:56:05,724 [INFO] ThirdParty:1030 - CMSIS Pack Vendor :STMicroelectronics X-CUBE-DISPLAY 3.0.0
2025-12-04 09:56:05,724 [INFO] ThirdParty:1030 - CMSIS Pack Vendor :wolfSSL I-CUBE-wolfSSH 1.4.20
2025-12-04 09:56:05,724 [INFO] ThirdParty:1030 - CMSIS Pack Vendor :STMicroelectronics X-CUBE-NFC7 2.0.0
2025-12-04 09:56:05,724 [INFO] ThirdParty:1030 - CMSIS Pack Vendor :STMicroelectronics X-CUBE-TCPP 4.2.0
2025-12-04 09:56:05,724 [INFO] ThirdParty:1030 - CMSIS Pack Vendor :RealThread X-CUBE-RT-Thread_Nano 4.1.1
2025-12-04 09:56:05,724 [INFO] ThirdParty:1030 - CMSIS Pack Vendor :STMicroelectronics FP-ATR-SIGFOX1 3.2.0
2025-12-04 09:56:05,724 [INFO] ThirdParty:1030 - CMSIS Pack Vendor :STMicroelectronics X-CUBE-NFC10 1.0.0
2025-12-04 09:56:05,724 [INFO] ThirdParty:1030 - CMSIS Pack Vendor :STMicroelectronics HAL Drivers 0.0.0
2025-12-04 09:56:05,724 [INFO] ThirdParty:1030 - CMSIS Pack Vendor :STMicroelectronics MBEDTLS 2.16.2
2025-12-04 09:56:05,724 [INFO] ThirdParty:1030 - CMSIS Pack Vendor :STMicroelectronics X-CUBE-ST60 1.1.0
2025-12-04 09:56:05,724 [INFO] ThirdParty:1030 - CMSIS Pack Vendor :STMicroelectronics X-CUBE-ALS 1.0.2
2025-12-04 09:56:05,724 [INFO] ThirdParty:1030 - CMSIS Pack Vendor :emotas I-CUBE-CANOPEN 1.3.0
2025-12-04 09:56:05,724 [INFO] ThirdParty:1030 - CMSIS Pack Vendor :STMicroelectronics MBEDTLS 2.14.1
2025-12-04 09:56:05,724 [INFO] ThirdParty:1030 - CMSIS Pack Vendor :STMicroelectronics X-CUBE-GNSS1 7.1.0
2025-12-04 09:56:05,724 [INFO] ThirdParty:1030 - CMSIS Pack Vendor :ITTIA_DB I-CUBE-ITTIADB 8.9.0
2025-12-04 09:56:05,724 [INFO] ThirdParty:1030 - CMSIS Pack Vendor :STMicroelectronics X-CUBE-TOUCHGFX 4.26.0
2025-12-04 09:56:05,724 [INFO] ThirdParty:1030 - CMSIS Pack Vendor :STMicroelectronics X-CUBE-STSE01 1.0.0
2025-12-04 09:56:05,724 [INFO] ThirdParty:1030 - CMSIS Pack Vendor :STMicroelectronics FP-SNS-STBOX1 2.1.0
2025-12-04 09:56:05,724 [INFO] ThirdParty:1030 - CMSIS Pack Vendor :STMicroelectronics X-CUBE-AI 10.2.0
2025-12-04 09:56:05,724 [INFO] ThirdParty:1030 - CMSIS Pack Vendor :STMicroelectronics FP-SNS-STAIOTCFT 1.0.0
2025-12-04 09:56:05,724 [INFO] ThirdParty:1030 - CMSIS Pack Vendor :STMicroelectronics ThreadX 1.0.0
2025-12-04 09:56:05,724 [INFO] ThirdParty:1030 - CMSIS Pack Vendor :STMicroelectronics FP-SNS-SMARTAG2 1.2.0
2025-12-04 09:56:05,724 [INFO] ThirdParty:1030 - CMSIS Pack Vendor :STMicroelectronics FP-SNS-FLIGHT1 5.1.0
2025-12-04 09:56:05,724 [INFO] ThirdParty:1030 - CMSIS Pack Vendor :STMicroelectronics X-CUBE-AZRTOS-WL 2.0.0
2025-12-04 09:56:05,724 [INFO] ThirdParty:1030 - CMSIS Pack Vendor :SEGGER I-CUBE-embOS 1.3.1
2025-12-04 09:56:05,725 [INFO] ThirdParty:1030 - CMSIS Pack Vendor :STMicroelectronics X-CUBE-ALGOBUILD 1.4.0
2025-12-04 09:56:05,725 [INFO] ThirdParty:1030 - CMSIS Pack Vendor :STMicroelectronics X-CUBE-DPower 1.3.0
2025-12-04 09:56:05,725 [INFO] ThirdParty:1030 - CMSIS Pack Vendor :STMicroelectronics USB_DEVICE 1.0.0
2025-12-04 09:56:05,725 [INFO] ThirdParty:1030 - CMSIS Pack Vendor :STMicroelectronics X-CUBE-AZRTOS-H7RS 1.2.0
2025-12-04 09:56:05,725 [INFO] ThirdParty:1030 - CMSIS Pack Vendor :STMicroelectronics X-CUBE-AZRTOS-L4 2.0.0
2025-12-04 09:56:05,725 [INFO] ThirdParty:1030 - CMSIS Pack Vendor :STMicroelectronics ThreadX 0.0.2
2025-12-04 09:56:05,725 [INFO] ThirdParty:1030 - CMSIS Pack Vendor :STMicroelectronics lwIP 2.1.2
2025-12-04 09:56:05,725 [INFO] ThirdParty:1030 - CMSIS Pack Vendor :STMicroelectronics X-CUBE-SFXS2LP1 4.0.0
2025-12-04 09:56:05,725 [INFO] ThirdParty:1030 - CMSIS Pack Vendor :STMicroelectronics X-CUBE-BLE2 3.3.0
2025-12-04 09:56:05,725 [INFO] ThirdParty:1030 - CMSIS Pack Vendor :Avnet-IOTCONNECT X-CUBE-iotc-st67-sdk 1.0.0
2025-12-04 09:56:05,725 [INFO] ThirdParty:1030 - CMSIS Pack Vendor :STMicroelectronics X-CUBE-TOF1 3.4.3
2025-12-04 09:56:05,725 [INFO] ThirdParty:1030 - CMSIS Pack Vendor :Infineon AIROC-Wi-Fi-Bluetooth-STM32 1.8.0
2025-12-04 09:56:05,725 [INFO] ThirdParty:1030 - CMSIS Pack Vendor :STMicroelectronics PDM2PCM 3.2.0
2025-12-04 09:56:05,725 [INFO] ThirdParty:841 - exiting critical section [change project]
2025-12-04 09:56:05,816 [INFO] PinOutPanel:1589 - setPackage(No Configuration,No Configuration)
2025-12-04 09:56:05,817 [INFO] PinOutPanel:1589 - setPackage(STM32F401CDUx,UFQFPN48)
2025-12-04 09:56:06,031 [INFO] UtilMem:75 - Before build in PCC Used Memory: 941926560 Bytes (1073741824)
2025-12-04 09:56:06,203 [INFO] UtilMem:75 - After build in PCC Used Memory: 989112576 Bytes (1073741824)
2025-12-04 09:56:06,227 [INFO] IPUIPlugin:80 - create IPUIPlugin
2025-12-04 09:56:06,228 [INFO] IPUIPlugin:80 - create IPUIPlugin
2025-12-04 09:56:06,228 [INFO] IPUIPlugin:80 - create IPUIPlugin
2025-12-04 09:56:06,228 [INFO] IPUIPlugin:80 - create IPUIPlugin
2025-12-04 09:56:06,228 [INFO] IPUIPlugin:80 - create IPUIPlugin
2025-12-04 09:56:06,228 [INFO] IPUIPlugin:80 - create IPUIPlugin
2025-12-04 09:56:06,228 [INFO] IPUIPlugin:80 - create IPUIPlugin
2025-12-04 09:56:06,228 [INFO] IPUIPlugin:80 - create IPUIPlugin
2025-12-04 09:56:06,228 [INFO] IPUIPlugin:80 - create IPUIPlugin
2025-12-04 09:56:06,228 [INFO] IPUIPlugin:80 - create IPUIPlugin
2025-12-04 09:56:06,228 [INFO] IPUIPlugin:80 - create IPUIPlugin
2025-12-04 09:56:06,229 [INFO] IPUIPlugin:80 - create IPUIPlugin
2025-12-04 09:56:06,229 [INFO] IPUIPlugin:80 - create IPUIPlugin
2025-12-04 09:56:06,229 [INFO] IPUIPlugin:80 - create IPUIPlugin
2025-12-04 09:56:06,229 [INFO] IPUIPlugin:80 - create IPUIPlugin
2025-12-04 09:56:06,229 [INFO] IPUIPlugin:80 - create IPUIPlugin
2025-12-04 09:56:06,229 [INFO] IPUIPlugin:80 - create IPUIPlugin
2025-12-04 09:56:06,229 [INFO] IPUIPlugin:80 - create IPUIPlugin
2025-12-04 09:56:06,230 [INFO] IPUIPlugin:80 - create IPUIPlugin
2025-12-04 09:56:06,230 [INFO] IPUIPlugin:80 - create IPUIPlugin
2025-12-04 09:56:06,230 [INFO] IPUIPlugin:80 - create IPUIPlugin
2025-12-04 09:56:06,230 [INFO] IPUIPlugin:80 - create IPUIPlugin
2025-12-04 09:56:06,230 [INFO] IPUIPlugin:80 - create IPUIPlugin
2025-12-04 09:56:06,230 [INFO] IPUIPlugin:80 - create IPUIPlugin
2025-12-04 09:56:06,230 [INFO] IPUIPlugin:80 - create IPUIPlugin
2025-12-04 09:56:06,230 [INFO] IPUIPlugin:80 - create IPUIPlugin
2025-12-04 09:56:06,231 [INFO] IPUIPlugin:80 - create IPUIPlugin
2025-12-04 09:56:06,231 [INFO] IPUIPlugin:80 - create IPUIPlugin
2025-12-04 09:56:06,231 [INFO] IPUIPlugin:80 - create IPUIPlugin
2025-12-04 09:56:06,231 [INFO] IPUIPlugin:80 - create IPUIPlugin
2025-12-04 09:56:06,231 [INFO] IPUIPlugin:80 - create IPUIPlugin
2025-12-04 09:56:06,231 [INFO] IPUIPlugin:80 - create IPUIPlugin
2025-12-04 09:56:06,231 [INFO] IPUIPlugin:80 - create IPUIPlugin
2025-12-04 09:56:06,232 [INFO] IPUIPlugin:80 - create IPUIPlugin
2025-12-04 09:56:06,232 [INFO] IPUIPlugin:80 - create IPUIPlugin
2025-12-04 09:56:06,232 [INFO] IPUIPlugin:80 - create IPUIPlugin
2025-12-04 09:56:06,232 [INFO] IPUIPlugin:80 - create IPUIPlugin
2025-12-04 09:56:06,238 [INFO] ApiDbMcu:532 - Load IP Config File for PDM2PCM
2025-12-04 09:56:06,269 [INFO] CADModel:165 - CPN selected for project levelSTM32F401CDU6
2025-12-04 09:56:06,269 [INFO] CADModel:114 - Register for checkConnection events
2025-12-04 09:56:06,324 [INFO] OpenFileManager:386 - Restore cursor
2025-12-04 10:13:15,772 [INFO] ApiDbMcu:532 - Load IP Config File for USB_DEVICE
2025-12-04 10:13:15,855 [WARN] IP:2250 - DEVICE_SERIAL0_CDC_FS not found: check if there is a RefParameter without a condition.
2025-12-04 10:13:15,855 [WARN] IP:2250 - DEVICE_SERIAL1_CDC_FS not found: check if there is a RefParameter without a condition.
2025-12-04 10:13:15,855 [WARN] IP:2250 - DEVICE_SERIAL2_CDC_FS not found: check if there is a RefParameter without a condition.
2025-12-04 10:13:15,856 [WARN] IP:2250 - DEVICE_SERIAL0_CDC_FS not found: check if there is a RefParameter without a condition.
2025-12-04 10:13:15,856 [WARN] IP:2250 - DEVICE_SERIAL1_CDC_FS not found: check if there is a RefParameter without a condition.
2025-12-04 10:13:15,856 [WARN] IP:2250 - DEVICE_SERIAL2_CDC_FS not found: check if there is a RefParameter without a condition.
2025-12-04 10:13:15,892 [WARN] IP:2250 - DEVICE_SERIAL0_CDC_FS not found: check if there is a RefParameter without a condition.
2025-12-04 10:13:15,892 [WARN] IP:2250 - DEVICE_SERIAL1_CDC_FS not found: check if there is a RefParameter without a condition.
2025-12-04 10:13:15,892 [WARN] IP:2250 - DEVICE_SERIAL2_CDC_FS not found: check if there is a RefParameter without a condition.
2025-12-04 10:13:48,191 [WARN] IP:2250 - DEVICE_SERIAL0_CDC_FS not found: check if there is a RefParameter without a condition.
2025-12-04 10:13:48,192 [WARN] IP:2250 - DEVICE_SERIAL1_CDC_FS not found: check if there is a RefParameter without a condition.
2025-12-04 10:13:48,192 [WARN] IP:2250 - DEVICE_SERIAL2_CDC_FS not found: check if there is a RefParameter without a condition.
2025-12-04 10:13:48,192 [WARN] IP:2250 - DEVICE_SERIAL0_CDC_FS not found: check if there is a RefParameter without a condition.
2025-12-04 10:13:48,192 [WARN] IP:2250 - DEVICE_SERIAL1_CDC_FS not found: check if there is a RefParameter without a condition.
2025-12-04 10:13:48,192 [WARN] IP:2250 - DEVICE_SERIAL2_CDC_FS not found: check if there is a RefParameter without a condition.
2025-12-04 10:13:48,266 [WARN] IP:2250 - DEVICE_SERIAL0_CDC_FS not found: check if there is a RefParameter without a condition.
2025-12-04 10:13:48,266 [WARN] IP:2250 - DEVICE_SERIAL1_CDC_FS not found: check if there is a RefParameter without a condition.
2025-12-04 10:13:48,267 [WARN] IP:2250 - DEVICE_SERIAL2_CDC_FS not found: check if there is a RefParameter without a condition.
2025-12-04 10:13:48,267 [WARN] IP:2250 - DEVICE_SERIAL0_CDC_FS not found: check if there is a RefParameter without a condition.
2025-12-04 10:13:48,267 [WARN] IP:2250 - DEVICE_SERIAL1_CDC_FS not found: check if there is a RefParameter without a condition.
2025-12-04 10:13:48,267 [WARN] IP:2250 - DEVICE_SERIAL2_CDC_FS not found: check if there is a RefParameter without a condition.
2025-12-04 10:13:51,480 [WARN] IP:2250 - DEVICE_SERIAL0_CDC_FS not found: check if there is a RefParameter without a condition.
2025-12-04 10:13:51,480 [WARN] IP:2250 - DEVICE_SERIAL1_CDC_FS not found: check if there is a RefParameter without a condition.
2025-12-04 10:13:51,480 [WARN] IP:2250 - DEVICE_SERIAL2_CDC_FS not found: check if there is a RefParameter without a condition.
2025-12-04 10:13:51,481 [WARN] IP:2250 - DEVICE_SERIAL0_CDC_FS not found: check if there is a RefParameter without a condition.
2025-12-04 10:13:51,481 [WARN] IP:2250 - DEVICE_SERIAL1_CDC_FS not found: check if there is a RefParameter without a condition.
2025-12-04 10:13:51,481 [WARN] IP:2250 - DEVICE_SERIAL2_CDC_FS not found: check if there is a RefParameter without a condition.
2025-12-04 10:13:51,555 [WARN] IP:2250 - DEVICE_SERIAL0_CDC_FS not found: check if there is a RefParameter without a condition.
2025-12-04 10:13:51,555 [WARN] IP:2250 - DEVICE_SERIAL1_CDC_FS not found: check if there is a RefParameter without a condition.
2025-12-04 10:13:51,555 [WARN] IP:2250 - DEVICE_SERIAL2_CDC_FS not found: check if there is a RefParameter without a condition.
2025-12-04 10:13:51,555 [WARN] IP:2250 - DEVICE_SERIAL0_CDC_FS not found: check if there is a RefParameter without a condition.
2025-12-04 10:13:51,555 [WARN] IP:2250 - DEVICE_SERIAL1_CDC_FS not found: check if there is a RefParameter without a condition.
2025-12-04 10:13:51,555 [WARN] IP:2250 - DEVICE_SERIAL2_CDC_FS not found: check if there is a RefParameter without a condition.
2025-12-04 10:14:27,132 [WARN] IP:2250 - DEVICE_SERIAL0_CDC_FS not found: check if there is a RefParameter without a condition.
2025-12-04 10:14:27,133 [WARN] IP:2250 - DEVICE_SERIAL1_CDC_FS not found: check if there is a RefParameter without a condition.
2025-12-04 10:14:27,133 [WARN] IP:2250 - DEVICE_SERIAL2_CDC_FS not found: check if there is a RefParameter without a condition.
2025-12-04 10:14:27,133 [WARN] IP:2250 - DEVICE_SERIAL0_CDC_FS not found: check if there is a RefParameter without a condition.
2025-12-04 10:14:27,133 [WARN] IP:2250 - DEVICE_SERIAL1_CDC_FS not found: check if there is a RefParameter without a condition.
2025-12-04 10:14:27,133 [WARN] IP:2250 - DEVICE_SERIAL2_CDC_FS not found: check if there is a RefParameter without a condition.
2025-12-04 10:14:27,207 [WARN] IP:2250 - DEVICE_SERIAL0_CDC_FS not found: check if there is a RefParameter without a condition.
2025-12-04 10:14:27,207 [WARN] IP:2250 - DEVICE_SERIAL1_CDC_FS not found: check if there is a RefParameter without a condition.
2025-12-04 10:14:27,207 [WARN] IP:2250 - DEVICE_SERIAL2_CDC_FS not found: check if there is a RefParameter without a condition.
2025-12-04 10:14:27,208 [WARN] IP:2250 - DEVICE_SERIAL0_CDC_FS not found: check if there is a RefParameter without a condition.
2025-12-04 10:14:27,208 [WARN] IP:2250 - DEVICE_SERIAL1_CDC_FS not found: check if there is a RefParameter without a condition.
2025-12-04 10:14:27,208 [WARN] IP:2250 - DEVICE_SERIAL2_CDC_FS not found: check if there is a RefParameter without a condition.
2025-12-04 10:14:44,861 [WARN] IP:2250 - DEVICE_SERIAL0_CDC_FS not found: check if there is a RefParameter without a condition.
2025-12-04 10:14:44,861 [WARN] IP:2250 - DEVICE_SERIAL1_CDC_FS not found: check if there is a RefParameter without a condition.
2025-12-04 10:14:44,861 [WARN] IP:2250 - DEVICE_SERIAL2_CDC_FS not found: check if there is a RefParameter without a condition.
2025-12-04 10:14:44,862 [WARN] IP:2250 - DEVICE_SERIAL0_CDC_FS not found: check if there is a RefParameter without a condition.
2025-12-04 10:14:44,862 [WARN] IP:2250 - DEVICE_SERIAL1_CDC_FS not found: check if there is a RefParameter without a condition.
2025-12-04 10:14:44,862 [WARN] IP:2250 - DEVICE_SERIAL2_CDC_FS not found: check if there is a RefParameter without a condition.
2025-12-04 10:15:43,014 [WARN] IP:2250 - DEVICE_SERIAL0_CDC_FS not found: check if there is a RefParameter without a condition.
2025-12-04 10:15:43,014 [WARN] IP:2250 - DEVICE_SERIAL1_CDC_FS not found: check if there is a RefParameter without a condition.
2025-12-04 10:15:43,014 [WARN] IP:2250 - DEVICE_SERIAL2_CDC_FS not found: check if there is a RefParameter without a condition.
2025-12-04 10:15:43,015 [WARN] IP:2250 - DEVICE_SERIAL0_CDC_FS not found: check if there is a RefParameter without a condition.
2025-12-04 10:15:43,015 [WARN] IP:2250 - DEVICE_SERIAL1_CDC_FS not found: check if there is a RefParameter without a condition.
2025-12-04 10:15:43,015 [WARN] IP:2250 - DEVICE_SERIAL2_CDC_FS not found: check if there is a RefParameter without a condition.
2025-12-04 10:15:43,108 [WARN] IP:2250 - DEVICE_SERIAL0_CDC_FS not found: check if there is a RefParameter without a condition.
2025-12-04 10:15:43,108 [WARN] IP:2250 - DEVICE_SERIAL1_CDC_FS not found: check if there is a RefParameter without a condition.
2025-12-04 10:15:43,108 [WARN] IP:2250 - DEVICE_SERIAL2_CDC_FS not found: check if there is a RefParameter without a condition.
2025-12-04 10:15:43,108 [WARN] IP:2250 - DEVICE_SERIAL0_CDC_FS not found: check if there is a RefParameter without a condition.
2025-12-04 10:15:43,108 [WARN] IP:2250 - DEVICE_SERIAL1_CDC_FS not found: check if there is a RefParameter without a condition.
2025-12-04 10:15:43,108 [WARN] IP:2250 - DEVICE_SERIAL2_CDC_FS not found: check if there is a RefParameter without a condition.
2025-12-04 10:15:52,042 [WARN] IP:2250 - DEVICE_SERIAL0_CDC_FS not found: check if there is a RefParameter without a condition.
2025-12-04 10:15:52,042 [WARN] IP:2250 - DEVICE_SERIAL1_CDC_FS not found: check if there is a RefParameter without a condition.
2025-12-04 10:15:52,042 [WARN] IP:2250 - DEVICE_SERIAL2_CDC_FS not found: check if there is a RefParameter without a condition.
2025-12-04 10:15:52,042 [WARN] IP:2250 - DEVICE_SERIAL0_CDC_FS not found: check if there is a RefParameter without a condition.
2025-12-04 10:15:52,043 [WARN] IP:2250 - DEVICE_SERIAL1_CDC_FS not found: check if there is a RefParameter without a condition.
2025-12-04 10:15:52,043 [WARN] IP:2250 - DEVICE_SERIAL2_CDC_FS not found: check if there is a RefParameter without a condition.
2025-12-04 10:15:52,109 [WARN] IP:2250 - DEVICE_SERIAL0_CDC_FS not found: check if there is a RefParameter without a condition.
2025-12-04 10:15:52,110 [WARN] IP:2250 - DEVICE_SERIAL1_CDC_FS not found: check if there is a RefParameter without a condition.
2025-12-04 10:15:52,110 [WARN] IP:2250 - DEVICE_SERIAL2_CDC_FS not found: check if there is a RefParameter without a condition.
2025-12-04 10:15:52,110 [WARN] IP:2250 - DEVICE_SERIAL0_CDC_FS not found: check if there is a RefParameter without a condition.
2025-12-04 10:15:52,110 [WARN] IP:2250 - DEVICE_SERIAL1_CDC_FS not found: check if there is a RefParameter without a condition.
2025-12-04 10:15:52,110 [WARN] IP:2250 - DEVICE_SERIAL2_CDC_FS not found: check if there is a RefParameter without a condition.
2025-12-04 10:15:56,165 [WARN] IP:2250 - DEVICE_SERIAL0_CDC_FS not found: check if there is a RefParameter without a condition.
2025-12-04 10:15:56,165 [WARN] IP:2250 - DEVICE_SERIAL1_CDC_FS not found: check if there is a RefParameter without a condition.
2025-12-04 10:15:56,165 [WARN] IP:2250 - DEVICE_SERIAL2_CDC_FS not found: check if there is a RefParameter without a condition.
2025-12-04 10:15:56,166 [WARN] IP:2250 - DEVICE_SERIAL0_CDC_FS not found: check if there is a RefParameter without a condition.
2025-12-04 10:15:56,166 [WARN] IP:2250 - DEVICE_SERIAL1_CDC_FS not found: check if there is a RefParameter without a condition.
2025-12-04 10:15:56,166 [WARN] IP:2250 - DEVICE_SERIAL2_CDC_FS not found: check if there is a RefParameter without a condition.
2025-12-04 10:15:56,222 [WARN] IP:2250 - DEVICE_SERIAL0_CDC_FS not found: check if there is a RefParameter without a condition.
2025-12-04 10:15:56,222 [WARN] IP:2250 - DEVICE_SERIAL1_CDC_FS not found: check if there is a RefParameter without a condition.
2025-12-04 10:15:56,222 [WARN] IP:2250 - DEVICE_SERIAL2_CDC_FS not found: check if there is a RefParameter without a condition.
2025-12-04 10:15:56,223 [WARN] IP:2250 - DEVICE_SERIAL0_CDC_FS not found: check if there is a RefParameter without a condition.
2025-12-04 10:15:56,223 [WARN] IP:2250 - DEVICE_SERIAL1_CDC_FS not found: check if there is a RefParameter without a condition.
2025-12-04 10:15:56,223 [WARN] IP:2250 - DEVICE_SERIAL2_CDC_FS not found: check if there is a RefParameter without a condition.
2025-12-04 10:15:59,332 [WARN] IP:2250 - DEVICE_SERIAL0_CDC_FS not found: check if there is a RefParameter without a condition.
2025-12-04 10:15:59,332 [WARN] IP:2250 - DEVICE_SERIAL1_CDC_FS not found: check if there is a RefParameter without a condition.
2025-12-04 10:15:59,332 [WARN] IP:2250 - DEVICE_SERIAL2_CDC_FS not found: check if there is a RefParameter without a condition.
2025-12-04 10:15:59,334 [WARN] IP:2250 - DEVICE_SERIAL0_CDC_FS not found: check if there is a RefParameter without a condition.
2025-12-04 10:15:59,334 [WARN] IP:2250 - DEVICE_SERIAL1_CDC_FS not found: check if there is a RefParameter without a condition.
2025-12-04 10:15:59,334 [WARN] IP:2250 - DEVICE_SERIAL2_CDC_FS not found: check if there is a RefParameter without a condition.
2025-12-04 10:15:59,394 [WARN] IP:2250 - DEVICE_SERIAL0_CDC_FS not found: check if there is a RefParameter without a condition.
2025-12-04 10:15:59,395 [WARN] IP:2250 - DEVICE_SERIAL1_CDC_FS not found: check if there is a RefParameter without a condition.
2025-12-04 10:15:59,395 [WARN] IP:2250 - DEVICE_SERIAL2_CDC_FS not found: check if there is a RefParameter without a condition.
2025-12-04 10:15:59,395 [WARN] IP:2250 - DEVICE_SERIAL0_CDC_FS not found: check if there is a RefParameter without a condition.
2025-12-04 10:15:59,395 [WARN] IP:2250 - DEVICE_SERIAL1_CDC_FS not found: check if there is a RefParameter without a condition.
2025-12-04 10:15:59,395 [WARN] IP:2250 - DEVICE_SERIAL2_CDC_FS not found: check if there is a RefParameter without a condition.
2025-12-04 10:16:44,855 [WARN] IP:2250 - DEVICE_SERIAL0_CDC_FS not found: check if there is a RefParameter without a condition.
2025-12-04 10:16:44,855 [WARN] IP:2250 - DEVICE_SERIAL1_CDC_FS not found: check if there is a RefParameter without a condition.
2025-12-04 10:16:44,855 [WARN] IP:2250 - DEVICE_SERIAL2_CDC_FS not found: check if there is a RefParameter without a condition.
2025-12-04 10:16:44,856 [WARN] IP:2250 - DEVICE_SERIAL0_CDC_FS not found: check if there is a RefParameter without a condition.
2025-12-04 10:16:44,856 [WARN] IP:2250 - DEVICE_SERIAL1_CDC_FS not found: check if there is a RefParameter without a condition.
2025-12-04 10:16:44,856 [WARN] IP:2250 - DEVICE_SERIAL2_CDC_FS not found: check if there is a RefParameter without a condition.
2025-12-04 10:16:44,932 [WARN] IP:2250 - DEVICE_SERIAL0_CDC_FS not found: check if there is a RefParameter without a condition.
2025-12-04 10:16:44,932 [WARN] IP:2250 - DEVICE_SERIAL1_CDC_FS not found: check if there is a RefParameter without a condition.
2025-12-04 10:16:44,932 [WARN] IP:2250 - DEVICE_SERIAL2_CDC_FS not found: check if there is a RefParameter without a condition.
2025-12-04 10:16:44,932 [WARN] IP:2250 - DEVICE_SERIAL0_CDC_FS not found: check if there is a RefParameter without a condition.
2025-12-04 10:16:44,932 [WARN] IP:2250 - DEVICE_SERIAL1_CDC_FS not found: check if there is a RefParameter without a condition.
2025-12-04 10:16:44,934 [WARN] IP:2250 - DEVICE_SERIAL2_CDC_FS not found: check if there is a RefParameter without a condition.
2025-12-04 10:16:48,850 [WARN] IP:2250 - DEVICE_SERIAL0_CDC_FS not found: check if there is a RefParameter without a condition.
2025-12-04 10:16:48,851 [WARN] IP:2250 - DEVICE_SERIAL1_CDC_FS not found: check if there is a RefParameter without a condition.
2025-12-04 10:16:48,851 [WARN] IP:2250 - DEVICE_SERIAL2_CDC_FS not found: check if there is a RefParameter without a condition.
2025-12-04 10:16:48,851 [WARN] IP:2250 - DEVICE_SERIAL0_CDC_FS not found: check if there is a RefParameter without a condition.
2025-12-04 10:16:48,851 [WARN] IP:2250 - DEVICE_SERIAL1_CDC_FS not found: check if there is a RefParameter without a condition.
2025-12-04 10:16:48,851 [WARN] IP:2250 - DEVICE_SERIAL2_CDC_FS not found: check if there is a RefParameter without a condition.
2025-12-04 10:16:48,924 [WARN] IP:2250 - DEVICE_SERIAL0_CDC_FS not found: check if there is a RefParameter without a condition.
2025-12-04 10:16:48,924 [WARN] IP:2250 - DEVICE_SERIAL1_CDC_FS not found: check if there is a RefParameter without a condition.
2025-12-04 10:16:48,924 [WARN] IP:2250 - DEVICE_SERIAL2_CDC_FS not found: check if there is a RefParameter without a condition.
2025-12-04 10:16:48,925 [WARN] IP:2250 - DEVICE_SERIAL0_CDC_FS not found: check if there is a RefParameter without a condition.
2025-12-04 10:16:48,925 [WARN] IP:2250 - DEVICE_SERIAL1_CDC_FS not found: check if there is a RefParameter without a condition.
2025-12-04 10:16:48,925 [WARN] IP:2250 - DEVICE_SERIAL2_CDC_FS not found: check if there is a RefParameter without a condition.
2025-12-04 10:16:51,960 [WARN] IP:2250 - DEVICE_SERIAL0_CDC_FS not found: check if there is a RefParameter without a condition.
2025-12-04 10:16:51,960 [WARN] IP:2250 - DEVICE_SERIAL1_CDC_FS not found: check if there is a RefParameter without a condition.
2025-12-04 10:16:51,960 [WARN] IP:2250 - DEVICE_SERIAL2_CDC_FS not found: check if there is a RefParameter without a condition.
2025-12-04 10:16:51,960 [WARN] IP:2250 - DEVICE_SERIAL0_CDC_FS not found: check if there is a RefParameter without a condition.
2025-12-04 10:16:51,960 [WARN] IP:2250 - DEVICE_SERIAL1_CDC_FS not found: check if there is a RefParameter without a condition.
2025-12-04 10:16:51,960 [WARN] IP:2250 - DEVICE_SERIAL2_CDC_FS not found: check if there is a RefParameter without a condition.
2025-12-04 10:16:52,038 [WARN] IP:2250 - DEVICE_SERIAL0_CDC_FS not found: check if there is a RefParameter without a condition.
2025-12-04 10:16:52,038 [WARN] IP:2250 - DEVICE_SERIAL1_CDC_FS not found: check if there is a RefParameter without a condition.
2025-12-04 10:16:52,038 [WARN] IP:2250 - DEVICE_SERIAL2_CDC_FS not found: check if there is a RefParameter without a condition.
2025-12-04 10:16:52,039 [WARN] IP:2250 - DEVICE_SERIAL0_CDC_FS not found: check if there is a RefParameter without a condition.
2025-12-04 10:16:52,039 [WARN] IP:2250 - DEVICE_SERIAL1_CDC_FS not found: check if there is a RefParameter without a condition.
2025-12-04 10:16:52,039 [WARN] IP:2250 - DEVICE_SERIAL2_CDC_FS not found: check if there is a RefParameter without a condition.
2025-12-04 10:16:56,722 [WARN] IP:2250 - DEVICE_SERIAL0_CDC_FS not found: check if there is a RefParameter without a condition.
2025-12-04 10:16:56,722 [WARN] IP:2250 - DEVICE_SERIAL1_CDC_FS not found: check if there is a RefParameter without a condition.
2025-12-04 10:16:56,722 [WARN] IP:2250 - DEVICE_SERIAL2_CDC_FS not found: check if there is a RefParameter without a condition.
2025-12-04 10:16:56,722 [WARN] IP:2250 - DEVICE_SERIAL0_CDC_FS not found: check if there is a RefParameter without a condition.
2025-12-04 10:16:56,722 [WARN] IP:2250 - DEVICE_SERIAL1_CDC_FS not found: check if there is a RefParameter without a condition.
2025-12-04 10:16:56,722 [WARN] IP:2250 - DEVICE_SERIAL2_CDC_FS not found: check if there is a RefParameter without a condition.
2025-12-04 10:16:57,748 [WARN] IP:2250 - DEVICE_SERIAL0_CDC_FS not found: check if there is a RefParameter without a condition.
2025-12-04 10:16:57,748 [WARN] IP:2250 - DEVICE_SERIAL1_CDC_FS not found: check if there is a RefParameter without a condition.
2025-12-04 10:16:57,748 [WARN] IP:2250 - DEVICE_SERIAL2_CDC_FS not found: check if there is a RefParameter without a condition.
2025-12-04 10:16:57,748 [WARN] IP:2250 - DEVICE_SERIAL0_CDC_FS not found: check if there is a RefParameter without a condition.
2025-12-04 10:16:57,748 [WARN] IP:2250 - DEVICE_SERIAL1_CDC_FS not found: check if there is a RefParameter without a condition.
2025-12-04 10:16:57,748 [WARN] IP:2250 - DEVICE_SERIAL2_CDC_FS not found: check if there is a RefParameter without a condition.
2025-12-04 10:17:01,279 [WARN] IP:2250 - DEVICE_SERIAL0_CDC_FS not found: check if there is a RefParameter without a condition.
2025-12-04 10:17:01,280 [WARN] IP:2250 - DEVICE_SERIAL1_CDC_FS not found: check if there is a RefParameter without a condition.
2025-12-04 10:17:01,280 [WARN] IP:2250 - DEVICE_SERIAL2_CDC_FS not found: check if there is a RefParameter without a condition.
2025-12-04 10:17:01,280 [WARN] IP:2250 - DEVICE_SERIAL0_CDC_FS not found: check if there is a RefParameter without a condition.
2025-12-04 10:17:01,280 [WARN] IP:2250 - DEVICE_SERIAL1_CDC_FS not found: check if there is a RefParameter without a condition.
2025-12-04 10:17:01,280 [WARN] IP:2250 - DEVICE_SERIAL2_CDC_FS not found: check if there is a RefParameter without a condition.
2025-12-04 10:17:19,171 [ERROR] LogOutputStream:75 - [STDERR_REDIRECT] Exception in thread "AWT-EventQueue-0" java.lang.ClassCastException: class sun.awt.windows.WEmbeddedFrame cannot be cast to class javax.swing.JFrame (sun.awt.windows.WEmbeddedFrame and javax.swing.JFrame are in module java.desktop of loader 'bootstrap')
2025-12-04 10:17:19,172 [ERROR] LogOutputStream:75 - [STDERR_REDIRECT] 	at com.st.microxplorer.plugins.clock.ClockConfigurationView.activatePlugin(ClockConfigurationView.java:424)
2025-12-04 10:17:19,173 [ERROR] LogOutputStream:75 - [STDERR_REDIRECT] 	at com.st.microxplorer.maingui.MainPanel$1.stateChanged(MainPanel.java:385)
2025-12-04 10:17:19,174 [ERROR] LogOutputStream:75 - [STDERR_REDIRECT] 	at java.desktop/javax.swing.JTabbedPane.fireStateChanged(JTabbedPane.java:446)
2025-12-04 10:17:19,175 [ERROR] LogOutputStream:75 - [STDERR_REDIRECT] 	at java.desktop/javax.swing.JTabbedPane$ModelListener.stateChanged(JTabbedPane.java:297)
2025-12-04 10:17:19,176 [ERROR] LogOutputStream:75 - [STDERR_REDIRECT] 	at java.desktop/javax.swing.DefaultSingleSelectionModel.fireStateChanged(DefaultSingleSelectionModel.java:148)
2025-12-04 10:17:19,177 [ERROR] LogOutputStream:75 - [STDERR_REDIRECT] 	at java.desktop/javax.swing.DefaultSingleSelectionModel.setSelectedIndex(DefaultSingleSelectionModel.java:79)
2025-12-04 10:17:19,178 [ERROR] LogOutputStream:75 - [STDERR_REDIRECT] 	at java.desktop/javax.swing.JTabbedPane.setSelectedIndexImpl(JTabbedPane.java:650)
2025-12-04 10:17:19,179 [ERROR] LogOutputStream:75 - [STDERR_REDIRECT] 	at java.desktop/javax.swing.JTabbedPane.setSelectedIndex(JTabbedPane.java:625)
2025-12-04 10:17:19,180 [ERROR] LogOutputStream:75 - [STDERR_REDIRECT] 	at java.desktop/javax.swing.plaf.basic.BasicTabbedPaneUI$Handler.mousePressed(BasicTabbedPaneUI.java:4140)
2025-12-04 10:17:19,180 [ERROR] LogOutputStream:75 - [STDERR_REDIRECT] 	at java.desktop/java.awt.Component.processMouseEvent(Component.java:6618)
2025-12-04 10:17:19,182 [ERROR] LogOutputStream:75 - [STDERR_REDIRECT] 	at java.desktop/javax.swing.JComponent.processMouseEvent(JComponent.java:3398)
2025-12-04 10:17:19,182 [ERROR] LogOutputStream:75 - [STDERR_REDIRECT] 	at java.desktop/java.awt.Component.processEvent(Component.java:6386)
2025-12-04 10:17:19,183 [ERROR] LogOutputStream:75 - [STDERR_REDIRECT] 	at java.desktop/java.awt.Container.processEvent(Container.java:2266)
2025-12-04 10:17:19,184 [ERROR] LogOutputStream:75 - [STDERR_REDIRECT] 	at java.desktop/java.awt.Component.dispatchEventImpl(Component.java:4996)
2025-12-04 10:17:19,184 [ERROR] LogOutputStream:75 - [STDERR_REDIRECT] 	at java.desktop/java.awt.Container.dispatchEventImpl(Container.java:2324)
2025-12-04 10:17:19,185 [ERROR] LogOutputStream:75 - [STDERR_REDIRECT] 	at java.desktop/java.awt.Component.dispatchEvent(Component.java:4828)
2025-12-04 10:17:19,186 [ERROR] LogOutputStream:75 - [STDERR_REDIRECT] 	at java.desktop/java.awt.LightweightDispatcher.retargetMouseEvent(Container.java:4948)
2025-12-04 10:17:19,187 [ERROR] LogOutputStream:75 - [STDERR_REDIRECT] 	at java.desktop/java.awt.LightweightDispatcher.processMouseEvent(Container.java:4572)
2025-12-04 10:17:19,188 [ERROR] LogOutputStream:75 - [STDERR_REDIRECT] 	at java.desktop/java.awt.LightweightDispatcher.dispatchEvent(Container.java:4516)
2025-12-04 10:17:19,189 [ERROR] LogOutputStream:75 - [STDERR_REDIRECT] 	at java.desktop/java.awt.Container.dispatchEventImpl(Container.java:2310)
2025-12-04 10:17:19,189 [ERROR] LogOutputStream:75 - [STDERR_REDIRECT] 	at java.desktop/java.awt.Component.dispatchEvent(Component.java:4828)
2025-12-04 10:17:19,190 [ERROR] LogOutputStream:75 - [STDERR_REDIRECT] 	at java.desktop/java.awt.EventQueue.dispatchEventImpl(EventQueue.java:775)
2025-12-04 10:17:19,190 [ERROR] LogOutputStream:75 - [STDERR_REDIRECT] 	at java.desktop/java.awt.EventQueue$4.run(EventQueue.java:720)
2025-12-04 10:17:19,192 [ERROR] LogOutputStream:75 - [STDERR_REDIRECT] 	at java.desktop/java.awt.EventQueue$4.run(EventQueue.java:714)
2025-12-04 10:17:19,193 [ERROR] LogOutputStream:75 - [STDERR_REDIRECT] 	at java.base/java.security.AccessController.doPrivileged(AccessController.java:400)
2025-12-04 10:17:19,193 [ERROR] LogOutputStream:75 - [STDERR_REDIRECT] 	at java.base/java.security.ProtectionDomain$JavaSecurityAccessImpl.doIntersectionPrivilege(ProtectionDomain.java:87)
2025-12-04 10:17:19,194 [ERROR] LogOutputStream:75 - [STDERR_REDIRECT] 	at java.base/java.security.ProtectionDomain$JavaSecurityAccessImpl.doIntersectionPrivilege(ProtectionDomain.java:98)
2025-12-04 10:17:19,195 [ERROR] LogOutputStream:75 - [STDERR_REDIRECT] 	at java.desktop/java.awt.EventQueue$5.run(EventQueue.java:747)
2025-12-04 10:17:19,196 [ERROR] LogOutputStream:75 - [STDERR_REDIRECT] 	at java.desktop/java.awt.EventQueue$5.run(EventQueue.java:745)
2025-12-04 10:17:19,196 [ERROR] LogOutputStream:75 - [STDERR_REDIRECT] 	at java.base/java.security.AccessController.doPrivileged(AccessController.java:400)
2025-12-04 10:17:19,197 [ERROR] LogOutputStream:75 - [STDERR_REDIRECT] 	at java.base/java.security.ProtectionDomain$JavaSecurityAccessImpl.doIntersectionPrivilege(ProtectionDomain.java:87)
2025-12-04 10:17:19,198 [ERROR] LogOutputStream:75 - [STDERR_REDIRECT] 	at java.desktop/java.awt.EventQueue.dispatchEvent(EventQueue.java:744)
2025-12-04 10:17:19,199 [ERROR] LogOutputStream:75 - [STDERR_REDIRECT] 	at java.desktop/java.awt.EventDispatchThread.pumpOneEventForFilters(EventDispatchThread.java:203)
2025-12-04 10:17:19,200 [ERROR] LogOutputStream:75 - [STDERR_REDIRECT] 	at java.desktop/java.awt.EventDispatchThread.pumpEventsForFilter(EventDispatchThread.java:124)
2025-12-04 10:17:19,200 [ERROR] LogOutputStream:75 - [STDERR_REDIRECT] 	at java.desktop/java.awt.EventDispatchThread.pumpEventsForHierarchy(EventDispatchThread.java:113)
2025-12-04 10:17:19,202 [ERROR] LogOutputStream:75 - [STDERR_REDIRECT] 	at java.desktop/java.awt.EventDispatchThread.pumpEvents(EventDispatchThread.java:109)
2025-12-04 10:17:19,203 [ERROR] LogOutputStream:75 - [STDERR_REDIRECT] 	at java.desktop/java.awt.EventDispatchThread.pumpEvents(EventDispatchThread.java:101)
2025-12-04 10:17:19,203 [ERROR] LogOutputStream:75 - [STDERR_REDIRECT] 	at java.desktop/java.awt.EventDispatchThread.run(EventDispatchThread.java:90)
2025-12-04 10:17:28,303 [WARN] IP:2250 - DEVICE_SERIAL0_CDC_FS not found: check if there is a RefParameter without a condition.
2025-12-04 10:17:28,303 [WARN] IP:2250 - DEVICE_SERIAL1_CDC_FS not found: check if there is a RefParameter without a condition.
2025-12-04 10:17:28,303 [WARN] IP:2250 - DEVICE_SERIAL2_CDC_FS not found: check if there is a RefParameter without a condition.
2025-12-04 10:17:28,306 [WARN] IP:2250 - DEVICE_SERIAL0_CDC_FS not found: check if there is a RefParameter without a condition.
2025-12-04 10:17:28,306 [WARN] IP:2250 - DEVICE_SERIAL1_CDC_FS not found: check if there is a RefParameter without a condition.
2025-12-04 10:17:28,306 [WARN] IP:2250 - DEVICE_SERIAL2_CDC_FS not found: check if there is a RefParameter without a condition.
2025-12-04 10:17:28,380 [WARN] IP:2250 - DEVICE_SERIAL0_CDC_FS not found: check if there is a RefParameter without a condition.
2025-12-04 10:17:28,380 [WARN] IP:2250 - DEVICE_SERIAL1_CDC_FS not found: check if there is a RefParameter without a condition.
2025-12-04 10:17:28,380 [WARN] IP:2250 - DEVICE_SERIAL2_CDC_FS not found: check if there is a RefParameter without a condition.
2025-12-04 10:17:28,380 [WARN] IP:2250 - DEVICE_SERIAL0_CDC_FS not found: check if there is a RefParameter without a condition.
2025-12-04 10:17:28,380 [WARN] IP:2250 - DEVICE_SERIAL1_CDC_FS not found: check if there is a RefParameter without a condition.
2025-12-04 10:17:28,380 [WARN] IP:2250 - DEVICE_SERIAL2_CDC_FS not found: check if there is a RefParameter without a condition.
2025-12-04 10:17:46,810 [WARN] IP:2250 - DEVICE_SERIAL0_CDC_FS not found: check if there is a RefParameter without a condition.
2025-12-04 10:17:46,811 [WARN] IP:2250 - DEVICE_SERIAL1_CDC_FS not found: check if there is a RefParameter without a condition.
2025-12-04 10:17:46,811 [WARN] IP:2250 - DEVICE_SERIAL2_CDC_FS not found: check if there is a RefParameter without a condition.
2025-12-04 10:17:46,811 [WARN] IP:2250 - DEVICE_SERIAL0_CDC_FS not found: check if there is a RefParameter without a condition.
2025-12-04 10:17:46,811 [WARN] IP:2250 - DEVICE_SERIAL1_CDC_FS not found: check if there is a RefParameter without a condition.
2025-12-04 10:17:46,811 [WARN] IP:2250 - DEVICE_SERIAL2_CDC_FS not found: check if there is a RefParameter without a condition.
2025-12-04 10:18:07,391 [WARN] IP:2250 - DEVICE_SERIAL0_CDC_FS not found: check if there is a RefParameter without a condition.
2025-12-04 10:18:07,391 [WARN] IP:2250 - DEVICE_SERIAL1_CDC_FS not found: check if there is a RefParameter without a condition.
2025-12-04 10:18:07,391 [WARN] IP:2250 - DEVICE_SERIAL2_CDC_FS not found: check if there is a RefParameter without a condition.
2025-12-04 10:18:07,391 [WARN] IP:2250 - DEVICE_SERIAL0_CDC_FS not found: check if there is a RefParameter without a condition.
2025-12-04 10:18:07,391 [WARN] IP:2250 - DEVICE_SERIAL1_CDC_FS not found: check if there is a RefParameter without a condition.
2025-12-04 10:18:07,391 [WARN] IP:2250 - DEVICE_SERIAL2_CDC_FS not found: check if there is a RefParameter without a condition.
2025-12-04 10:18:20,713 [WARN] IP:2250 - DEVICE_SERIAL0_CDC_FS not found: check if there is a RefParameter without a condition.
2025-12-04 10:18:20,713 [WARN] IP:2250 - DEVICE_SERIAL1_CDC_FS not found: check if there is a RefParameter without a condition.
2025-12-04 10:18:20,713 [WARN] IP:2250 - DEVICE_SERIAL2_CDC_FS not found: check if there is a RefParameter without a condition.
2025-12-04 10:18:20,713 [WARN] IP:2250 - DEVICE_SERIAL0_CDC_FS not found: check if there is a RefParameter without a condition.
2025-12-04 10:18:20,713 [WARN] IP:2250 - DEVICE_SERIAL1_CDC_FS not found: check if there is a RefParameter without a condition.
2025-12-04 10:18:20,713 [WARN] IP:2250 - DEVICE_SERIAL2_CDC_FS not found: check if there is a RefParameter without a condition.
2025-12-04 10:18:31,898 [INFO] UtilMem:75 - End SaveConfig() Used Memory: 900236848 Bytes (1073741824)
2025-12-04 10:18:33,272 [INFO] UtilMem:75 - End SaveConfig() Used Memory: 920132136 Bytes (1073741824)
2025-12-04 10:18:35,140 [INFO] UtilMem:75 - End SaveConfig() Used Memory: 1000038640 Bytes (1073741824)
2025-12-04 10:18:35,716 [INFO] ProjectBuilder:2380 - IP not ready for code generation: Clock
2025-12-04 10:18:51,161 [ERROR] LogOutputStream:75 - [STDERR_REDIRECT] Exception in thread "AWT-EventQueue-0" java.lang.ClassCastException: class sun.awt.windows.WEmbeddedFrame cannot be cast to class javax.swing.JFrame (sun.awt.windows.WEmbeddedFrame and javax.swing.JFrame are in module java.desktop of loader 'bootstrap')
2025-12-04 10:18:51,163 [ERROR] LogOutputStream:75 - [STDERR_REDIRECT] 	at com.st.microxplorer.plugins.clock.ClockConfigurationView.activatePlugin(ClockConfigurationView.java:424)
2025-12-04 10:18:51,164 [ERROR] LogOutputStream:75 - [STDERR_REDIRECT] 	at com.st.microxplorer.maingui.MainPanel$1.stateChanged(MainPanel.java:385)
2025-12-04 10:18:51,164 [ERROR] LogOutputStream:75 - [STDERR_REDIRECT] 	at java.desktop/javax.swing.JTabbedPane.fireStateChanged(JTabbedPane.java:446)
2025-12-04 10:18:51,165 [ERROR] LogOutputStream:75 - [STDERR_REDIRECT] 	at java.desktop/javax.swing.JTabbedPane$ModelListener.stateChanged(JTabbedPane.java:297)
2025-12-04 10:18:51,166 [ERROR] LogOutputStream:75 - [STDERR_REDIRECT] 	at java.desktop/javax.swing.DefaultSingleSelectionModel.fireStateChanged(DefaultSingleSelectionModel.java:148)
2025-12-04 10:18:51,167 [ERROR] LogOutputStream:75 - [STDERR_REDIRECT] 	at java.desktop/javax.swing.DefaultSingleSelectionModel.setSelectedIndex(DefaultSingleSelectionModel.java:79)
2025-12-04 10:18:51,168 [ERROR] LogOutputStream:75 - [STDERR_REDIRECT] 	at java.desktop/javax.swing.JTabbedPane.setSelectedIndexImpl(JTabbedPane.java:650)
2025-12-04 10:18:51,168 [ERROR] LogOutputStream:75 - [STDERR_REDIRECT] 	at java.desktop/javax.swing.JTabbedPane.setSelectedIndex(JTabbedPane.java:625)
2025-12-04 10:18:51,169 [ERROR] LogOutputStream:75 - [STDERR_REDIRECT] 	at java.desktop/javax.swing.plaf.basic.BasicTabbedPaneUI$Handler.mousePressed(BasicTabbedPaneUI.java:4140)
2025-12-04 10:18:51,170 [ERROR] LogOutputStream:75 - [STDERR_REDIRECT] 	at java.desktop/java.awt.Component.processMouseEvent(Component.java:6618)
2025-12-04 10:18:51,170 [ERROR] LogOutputStream:75 - [STDERR_REDIRECT] 	at java.desktop/javax.swing.JComponent.processMouseEvent(JComponent.java:3398)
2025-12-04 10:18:51,171 [ERROR] LogOutputStream:75 - [STDERR_REDIRECT] 	at java.desktop/java.awt.Component.processEvent(Component.java:6386)
2025-12-04 10:18:51,171 [ERROR] LogOutputStream:75 - [STDERR_REDIRECT] 	at java.desktop/java.awt.Container.processEvent(Container.java:2266)
2025-12-04 10:18:51,173 [ERROR] LogOutputStream:75 - [STDERR_REDIRECT] 	at java.desktop/java.awt.Component.dispatchEventImpl(Component.java:4996)
2025-12-04 10:18:51,173 [ERROR] LogOutputStream:75 - [STDERR_REDIRECT] 	at java.desktop/java.awt.Container.dispatchEventImpl(Container.java:2324)
2025-12-04 10:18:51,174 [ERROR] LogOutputStream:75 - [STDERR_REDIRECT] 	at java.desktop/java.awt.Component.dispatchEvent(Component.java:4828)
2025-12-04 10:18:51,175 [ERROR] LogOutputStream:75 - [STDERR_REDIRECT] 	at java.desktop/java.awt.LightweightDispatcher.retargetMouseEvent(Container.java:4948)
2025-12-04 10:18:51,176 [ERROR] LogOutputStream:75 - [STDERR_REDIRECT] 	at java.desktop/java.awt.LightweightDispatcher.processMouseEvent(Container.java:4572)
2025-12-04 10:18:51,176 [ERROR] LogOutputStream:75 - [STDERR_REDIRECT] 	at java.desktop/java.awt.LightweightDispatcher.dispatchEvent(Container.java:4516)
2025-12-04 10:18:51,177 [ERROR] LogOutputStream:75 - [STDERR_REDIRECT] 	at java.desktop/java.awt.Container.dispatchEventImpl(Container.java:2310)
2025-12-04 10:18:51,177 [ERROR] LogOutputStream:75 - [STDERR_REDIRECT] 	at java.desktop/java.awt.Component.dispatchEvent(Component.java:4828)
2025-12-04 10:18:51,178 [ERROR] LogOutputStream:75 - [STDERR_REDIRECT] 	at java.desktop/java.awt.EventQueue.dispatchEventImpl(EventQueue.java:775)
2025-12-04 10:18:51,178 [ERROR] LogOutputStream:75 - [STDERR_REDIRECT] 	at java.desktop/java.awt.EventQueue$4.run(EventQueue.java:720)
2025-12-04 10:18:51,179 [ERROR] LogOutputStream:75 - [STDERR_REDIRECT] 	at java.desktop/java.awt.EventQueue$4.run(EventQueue.java:714)
2025-12-04 10:18:51,180 [ERROR] LogOutputStream:75 - [STDERR_REDIRECT] 	at java.base/java.security.AccessController.doPrivileged(AccessController.java:400)
2025-12-04 10:18:51,181 [ERROR] LogOutputStream:75 - [STDERR_REDIRECT] 	at java.base/java.security.ProtectionDomain$JavaSecurityAccessImpl.doIntersectionPrivilege(ProtectionDomain.java:87)
2025-12-04 10:18:51,182 [ERROR] LogOutputStream:75 - [STDERR_REDIRECT] 	at java.base/java.security.ProtectionDomain$JavaSecurityAccessImpl.doIntersectionPrivilege(ProtectionDomain.java:98)
2025-12-04 10:18:51,183 [ERROR] LogOutputStream:75 - [STDERR_REDIRECT] 	at java.desktop/java.awt.EventQueue$5.run(EventQueue.java:747)
2025-12-04 10:18:51,183 [ERROR] LogOutputStream:75 - [STDERR_REDIRECT] 	at java.desktop/java.awt.EventQueue$5.run(EventQueue.java:745)
2025-12-04 10:18:51,184 [ERROR] LogOutputStream:75 - [STDERR_REDIRECT] 	at java.base/java.security.AccessController.doPrivileged(AccessController.java:400)
2025-12-04 10:18:51,186 [ERROR] LogOutputStream:75 - [STDERR_REDIRECT] 	at java.base/java.security.ProtectionDomain$JavaSecurityAccessImpl.doIntersectionPrivilege(ProtectionDomain.java:87)
2025-12-04 10:18:51,186 [ERROR] LogOutputStream:75 - [STDERR_REDIRECT] 	at java.desktop/java.awt.EventQueue.dispatchEvent(EventQueue.java:744)
2025-12-04 10:18:51,187 [ERROR] LogOutputStream:75 - [STDERR_REDIRECT] 	at java.desktop/java.awt.EventDispatchThread.pumpOneEventForFilters(EventDispatchThread.java:203)
2025-12-04 10:18:51,188 [ERROR] LogOutputStream:75 - [STDERR_REDIRECT] 	at java.desktop/java.awt.EventDispatchThread.pumpEventsForFilter(EventDispatchThread.java:124)
2025-12-04 10:18:51,189 [ERROR] LogOutputStream:75 - [STDERR_REDIRECT] 	at java.desktop/java.awt.EventDispatchThread.pumpEventsForHierarchy(EventDispatchThread.java:113)
2025-12-04 10:18:51,190 [ERROR] LogOutputStream:75 - [STDERR_REDIRECT] 	at java.desktop/java.awt.EventDispatchThread.pumpEvents(EventDispatchThread.java:109)
2025-12-04 10:18:51,190 [ERROR] LogOutputStream:75 - [STDERR_REDIRECT] 	at java.desktop/java.awt.EventDispatchThread.pumpEvents(EventDispatchThread.java:101)
2025-12-04 10:18:51,191 [ERROR] LogOutputStream:75 - [STDERR_REDIRECT] 	at java.desktop/java.awt.EventDispatchThread.run(EventDispatchThread.java:90)
2025-12-04 10:19:02,700 [WARN] IP:2250 - DEVICE_SERIAL0_CDC_FS not found: check if there is a RefParameter without a condition.
2025-12-04 10:19:02,700 [WARN] IP:2250 - DEVICE_SERIAL1_CDC_FS not found: check if there is a RefParameter without a condition.
2025-12-04 10:19:02,700 [WARN] IP:2250 - DEVICE_SERIAL2_CDC_FS not found: check if there is a RefParameter without a condition.
2025-12-04 10:19:02,700 [WARN] IP:2250 - DEVICE_SERIAL0_CDC_FS not found: check if there is a RefParameter without a condition.
2025-12-04 10:19:02,700 [WARN] IP:2250 - DEVICE_SERIAL1_CDC_FS not found: check if there is a RefParameter without a condition.
2025-12-04 10:19:02,700 [WARN] IP:2250 - DEVICE_SERIAL2_CDC_FS not found: check if there is a RefParameter without a condition.
2025-12-04 10:19:07,225 [WARN] IP:2250 - DEVICE_SERIAL0_CDC_FS not found: check if there is a RefParameter without a condition.
2025-12-04 10:19:07,225 [WARN] IP:2250 - DEVICE_SERIAL1_CDC_FS not found: check if there is a RefParameter without a condition.
2025-12-04 10:19:07,225 [WARN] IP:2250 - DEVICE_SERIAL2_CDC_FS not found: check if there is a RefParameter without a condition.
2025-12-04 10:19:07,225 [WARN] IP:2250 - DEVICE_SERIAL0_CDC_FS not found: check if there is a RefParameter without a condition.
2025-12-04 10:19:07,226 [WARN] IP:2250 - DEVICE_SERIAL1_CDC_FS not found: check if there is a RefParameter without a condition.
2025-12-04 10:19:07,226 [WARN] IP:2250 - DEVICE_SERIAL2_CDC_FS not found: check if there is a RefParameter without a condition.
2025-12-04 10:19:07,296 [WARN] IP:2250 - DEVICE_SERIAL0_CDC_FS not found: check if there is a RefParameter without a condition.
2025-12-04 10:19:07,296 [WARN] IP:2250 - DEVICE_SERIAL1_CDC_FS not found: check if there is a RefParameter without a condition.
2025-12-04 10:19:07,296 [WARN] IP:2250 - DEVICE_SERIAL2_CDC_FS not found: check if there is a RefParameter without a condition.
2025-12-04 10:19:07,297 [WARN] IP:2250 - DEVICE_SERIAL0_CDC_FS not found: check if there is a RefParameter without a condition.
2025-12-04 10:19:07,297 [WARN] IP:2250 - DEVICE_SERIAL1_CDC_FS not found: check if there is a RefParameter without a condition.
2025-12-04 10:19:07,297 [WARN] IP:2250 - DEVICE_SERIAL2_CDC_FS not found: check if there is a RefParameter without a condition.
2025-12-04 10:19:07,686 [WARN] IP:2250 - DEVICE_SERIAL0_CDC_FS not found: check if there is a RefParameter without a condition.
2025-12-04 10:19:07,687 [WARN] IP:2250 - DEVICE_SERIAL1_CDC_FS not found: check if there is a RefParameter without a condition.
2025-12-04 10:19:07,687 [WARN] IP:2250 - DEVICE_SERIAL2_CDC_FS not found: check if there is a RefParameter without a condition.
2025-12-04 10:19:07,687 [WARN] IP:2250 - DEVICE_SERIAL0_CDC_FS not found: check if there is a RefParameter without a condition.
2025-12-04 10:19:07,687 [WARN] IP:2250 - DEVICE_SERIAL1_CDC_FS not found: check if there is a RefParameter without a condition.
2025-12-04 10:19:07,687 [WARN] IP:2250 - DEVICE_SERIAL2_CDC_FS not found: check if there is a RefParameter without a condition.
2025-12-04 10:19:07,757 [WARN] IP:2250 - DEVICE_SERIAL0_CDC_FS not found: check if there is a RefParameter without a condition.
2025-12-04 10:19:07,757 [WARN] IP:2250 - DEVICE_SERIAL1_CDC_FS not found: check if there is a RefParameter without a condition.
2025-12-04 10:19:07,757 [WARN] IP:2250 - DEVICE_SERIAL2_CDC_FS not found: check if there is a RefParameter without a condition.
2025-12-04 10:19:07,757 [WARN] IP:2250 - DEVICE_SERIAL0_CDC_FS not found: check if there is a RefParameter without a condition.
2025-12-04 10:19:07,757 [WARN] IP:2250 - DEVICE_SERIAL1_CDC_FS not found: check if there is a RefParameter without a condition.
2025-12-04 10:19:07,757 [WARN] IP:2250 - DEVICE_SERIAL2_CDC_FS not found: check if there is a RefParameter without a condition.
2025-12-04 10:19:10,452 [WARN] IP:2250 - DEVICE_SERIAL0_CDC_FS not found: check if there is a RefParameter without a condition.
2025-12-04 10:19:10,452 [WARN] IP:2250 - DEVICE_SERIAL1_CDC_FS not found: check if there is a RefParameter without a condition.
2025-12-04 10:19:10,452 [WARN] IP:2250 - DEVICE_SERIAL2_CDC_FS not found: check if there is a RefParameter without a condition.
2025-12-04 10:19:10,452 [WARN] IP:2250 - DEVICE_SERIAL0_CDC_FS not found: check if there is a RefParameter without a condition.
2025-12-04 10:19:10,452 [WARN] IP:2250 - DEVICE_SERIAL1_CDC_FS not found: check if there is a RefParameter without a condition.
2025-12-04 10:19:10,452 [WARN] IP:2250 - DEVICE_SERIAL2_CDC_FS not found: check if there is a RefParameter without a condition.
2025-12-04 10:19:10,526 [WARN] IP:2250 - DEVICE_SERIAL0_CDC_FS not found: check if there is a RefParameter without a condition.
2025-12-04 10:19:10,526 [WARN] IP:2250 - DEVICE_SERIAL1_CDC_FS not found: check if there is a RefParameter without a condition.
2025-12-04 10:19:10,526 [WARN] IP:2250 - DEVICE_SERIAL2_CDC_FS not found: check if there is a RefParameter without a condition.
2025-12-04 10:19:10,526 [WARN] IP:2250 - DEVICE_SERIAL0_CDC_FS not found: check if there is a RefParameter without a condition.
2025-12-04 10:19:10,526 [WARN] IP:2250 - DEVICE_SERIAL1_CDC_FS not found: check if there is a RefParameter without a condition.
2025-12-04 10:19:10,526 [WARN] IP:2250 - DEVICE_SERIAL2_CDC_FS not found: check if there is a RefParameter without a condition.
2025-12-04 10:19:12,814 [WARN] IP:2250 - DEVICE_SERIAL0_CDC_FS not found: check if there is a RefParameter without a condition.
2025-12-04 10:19:12,814 [WARN] IP:2250 - DEVICE_SERIAL1_CDC_FS not found: check if there is a RefParameter without a condition.
2025-12-04 10:19:12,814 [WARN] IP:2250 - DEVICE_SERIAL2_CDC_FS not found: check if there is a RefParameter without a condition.
2025-12-04 10:19:12,814 [WARN] IP:2250 - DEVICE_SERIAL0_CDC_FS not found: check if there is a RefParameter without a condition.
2025-12-04 10:19:12,814 [WARN] IP:2250 - DEVICE_SERIAL1_CDC_FS not found: check if there is a RefParameter without a condition.
2025-12-04 10:19:12,814 [WARN] IP:2250 - DEVICE_SERIAL2_CDC_FS not found: check if there is a RefParameter without a condition.
2025-12-04 10:19:13,843 [WARN] IP:2250 - DEVICE_SERIAL0_CDC_FS not found: check if there is a RefParameter without a condition.
2025-12-04 10:19:13,843 [WARN] IP:2250 - DEVICE_SERIAL1_CDC_FS not found: check if there is a RefParameter without a condition.
2025-12-04 10:19:13,843 [WARN] IP:2250 - DEVICE_SERIAL2_CDC_FS not found: check if there is a RefParameter without a condition.
2025-12-04 10:19:13,844 [WARN] IP:2250 - DEVICE_SERIAL0_CDC_FS not found: check if there is a RefParameter without a condition.
2025-12-04 10:19:13,844 [WARN] IP:2250 - DEVICE_SERIAL1_CDC_FS not found: check if there is a RefParameter without a condition.
2025-12-04 10:19:13,844 [WARN] IP:2250 - DEVICE_SERIAL2_CDC_FS not found: check if there is a RefParameter without a condition.
2025-12-04 10:19:15,288 [INFO] UtilMem:75 - End SaveConfig() Used Memory: 762986984 Bytes (1073741824)
2025-12-04 10:19:22,807 [WARN] IP:2250 - DEVICE_SERIAL0_CDC_FS not found: check if there is a RefParameter without a condition.
2025-12-04 10:19:22,807 [WARN] IP:2250 - DEVICE_SERIAL1_CDC_FS not found: check if there is a RefParameter without a condition.
2025-12-04 10:19:22,807 [WARN] IP:2250 - DEVICE_SERIAL2_CDC_FS not found: check if there is a RefParameter without a condition.
2025-12-04 10:19:22,808 [WARN] IP:2250 - DEVICE_SERIAL0_CDC_FS not found: check if there is a RefParameter without a condition.
2025-12-04 10:19:22,808 [WARN] IP:2250 - DEVICE_SERIAL1_CDC_FS not found: check if there is a RefParameter without a condition.
2025-12-04 10:19:22,808 [WARN] IP:2250 - DEVICE_SERIAL2_CDC_FS not found: check if there is a RefParameter without a condition.
2025-12-04 10:19:32,318 [ERROR] LogOutputStream:75 - [STDERR_REDIRECT] Exception in thread "AWT-EventQueue-0" java.lang.ClassCastException: class sun.awt.windows.WEmbeddedFrame cannot be cast to class javax.swing.JFrame (sun.awt.windows.WEmbeddedFrame and javax.swing.JFrame are in module java.desktop of loader 'bootstrap')
2025-12-04 10:19:32,319 [ERROR] LogOutputStream:75 - [STDERR_REDIRECT] 	at com.st.microxplorer.plugins.clock.ClockConfigurationView.activatePlugin(ClockConfigurationView.java:424)
2025-12-04 10:19:32,320 [ERROR] LogOutputStream:75 - [STDERR_REDIRECT] 	at com.st.microxplorer.maingui.MainPanel$1.stateChanged(MainPanel.java:385)
2025-12-04 10:19:32,321 [ERROR] LogOutputStream:75 - [STDERR_REDIRECT] 	at java.desktop/javax.swing.JTabbedPane.fireStateChanged(JTabbedPane.java:446)
2025-12-04 10:19:32,321 [ERROR] LogOutputStream:75 - [STDERR_REDIRECT] 	at java.desktop/javax.swing.JTabbedPane$ModelListener.stateChanged(JTabbedPane.java:297)
2025-12-04 10:19:32,322 [ERROR] LogOutputStream:75 - [STDERR_REDIRECT] 	at java.desktop/javax.swing.DefaultSingleSelectionModel.fireStateChanged(DefaultSingleSelectionModel.java:148)
2025-12-04 10:19:32,323 [ERROR] LogOutputStream:75 - [STDERR_REDIRECT] 	at java.desktop/javax.swing.DefaultSingleSelectionModel.setSelectedIndex(DefaultSingleSelectionModel.java:79)
2025-12-04 10:19:32,324 [ERROR] LogOutputStream:75 - [STDERR_REDIRECT] 	at java.desktop/javax.swing.JTabbedPane.setSelectedIndexImpl(JTabbedPane.java:650)
2025-12-04 10:19:32,324 [ERROR] LogOutputStream:75 - [STDERR_REDIRECT] 	at java.desktop/javax.swing.JTabbedPane.setSelectedIndex(JTabbedPane.java:625)
2025-12-04 10:19:32,325 [ERROR] LogOutputStream:75 - [STDERR_REDIRECT] 	at java.desktop/javax.swing.plaf.basic.BasicTabbedPaneUI$Handler.mousePressed(BasicTabbedPaneUI.java:4140)
2025-12-04 10:19:32,326 [ERROR] LogOutputStream:75 - [STDERR_REDIRECT] 	at java.desktop/java.awt.Component.processMouseEvent(Component.java:6618)
2025-12-04 10:19:32,327 [ERROR] LogOutputStream:75 - [STDERR_REDIRECT] 	at java.desktop/javax.swing.JComponent.processMouseEvent(JComponent.java:3398)
2025-12-04 10:19:32,327 [ERROR] LogOutputStream:75 - [STDERR_REDIRECT] 	at java.desktop/java.awt.Component.processEvent(Component.java:6386)
2025-12-04 10:19:32,328 [ERROR] LogOutputStream:75 - [STDERR_REDIRECT] 	at java.desktop/java.awt.Container.processEvent(Container.java:2266)
2025-12-04 10:19:32,328 [ERROR] LogOutputStream:75 - [STDERR_REDIRECT] 	at java.desktop/java.awt.Component.dispatchEventImpl(Component.java:4996)
2025-12-04 10:19:32,329 [ERROR] LogOutputStream:75 - [STDERR_REDIRECT] 	at java.desktop/java.awt.Container.dispatchEventImpl(Container.java:2324)
2025-12-04 10:19:32,330 [ERROR] LogOutputStream:75 - [STDERR_REDIRECT] 	at java.desktop/java.awt.Component.dispatchEvent(Component.java:4828)
2025-12-04 10:19:32,331 [ERROR] LogOutputStream:75 - [STDERR_REDIRECT] 	at java.desktop/java.awt.LightweightDispatcher.retargetMouseEvent(Container.java:4948)
2025-12-04 10:19:32,332 [ERROR] LogOutputStream:75 - [STDERR_REDIRECT] 	at java.desktop/java.awt.LightweightDispatcher.processMouseEvent(Container.java:4572)
2025-12-04 10:19:32,332 [ERROR] LogOutputStream:75 - [STDERR_REDIRECT] 	at java.desktop/java.awt.LightweightDispatcher.dispatchEvent(Container.java:4516)
2025-12-04 10:19:32,333 [ERROR] LogOutputStream:75 - [STDERR_REDIRECT] 	at java.desktop/java.awt.Container.dispatchEventImpl(Container.java:2310)
2025-12-04 10:19:32,333 [ERROR] LogOutputStream:75 - [STDERR_REDIRECT] 	at java.desktop/java.awt.Component.dispatchEvent(Component.java:4828)
2025-12-04 10:19:32,334 [ERROR] LogOutputStream:75 - [STDERR_REDIRECT] 	at java.desktop/java.awt.EventQueue.dispatchEventImpl(EventQueue.java:775)
2025-12-04 10:19:32,334 [ERROR] LogOutputStream:75 - [STDERR_REDIRECT] 	at java.desktop/java.awt.EventQueue$4.run(EventQueue.java:720)
2025-12-04 10:19:32,335 [ERROR] LogOutputStream:75 - [STDERR_REDIRECT] 	at java.desktop/java.awt.EventQueue$4.run(EventQueue.java:714)
2025-12-04 10:19:32,336 [ERROR] LogOutputStream:75 - [STDERR_REDIRECT] 	at java.base/java.security.AccessController.doPrivileged(AccessController.java:400)
2025-12-04 10:19:32,337 [ERROR] LogOutputStream:75 - [STDERR_REDIRECT] 	at java.base/java.security.ProtectionDomain$JavaSecurityAccessImpl.doIntersectionPrivilege(ProtectionDomain.java:87)
2025-12-04 10:19:32,338 [ERROR] LogOutputStream:75 - [STDERR_REDIRECT] 	at java.base/java.security.ProtectionDomain$JavaSecurityAccessImpl.doIntersectionPrivilege(ProtectionDomain.java:98)
2025-12-04 10:19:32,339 [ERROR] LogOutputStream:75 - [STDERR_REDIRECT] 	at java.desktop/java.awt.EventQueue$5.run(EventQueue.java:747)
2025-12-04 10:19:32,339 [ERROR] LogOutputStream:75 - [STDERR_REDIRECT] 	at java.desktop/java.awt.EventQueue$5.run(EventQueue.java:745)
2025-12-04 10:19:32,340 [ERROR] LogOutputStream:75 - [STDERR_REDIRECT] 	at java.base/java.security.AccessController.doPrivileged(AccessController.java:400)
2025-12-04 10:19:32,342 [ERROR] LogOutputStream:75 - [STDERR_REDIRECT] 	at java.base/java.security.ProtectionDomain$JavaSecurityAccessImpl.doIntersectionPrivilege(ProtectionDomain.java:87)
2025-12-04 10:19:32,343 [ERROR] LogOutputStream:75 - [STDERR_REDIRECT] 	at java.desktop/java.awt.EventQueue.dispatchEvent(EventQueue.java:744)
2025-12-04 10:19:32,344 [ERROR] LogOutputStream:75 - [STDERR_REDIRECT] 	at java.desktop/java.awt.EventDispatchThread.pumpOneEventForFilters(EventDispatchThread.java:203)
2025-12-04 10:19:32,345 [ERROR] LogOutputStream:75 - [STDERR_REDIRECT] 	at java.desktop/java.awt.EventDispatchThread.pumpEventsForFilter(EventDispatchThread.java:124)
2025-12-04 10:19:32,346 [ERROR] LogOutputStream:75 - [STDERR_REDIRECT] 	at java.desktop/java.awt.EventDispatchThread.pumpEventsForHierarchy(EventDispatchThread.java:113)
2025-12-04 10:19:32,346 [ERROR] LogOutputStream:75 - [STDERR_REDIRECT] 	at java.desktop/java.awt.EventDispatchThread.pumpEvents(EventDispatchThread.java:109)
2025-12-04 10:19:32,347 [ERROR] LogOutputStream:75 - [STDERR_REDIRECT] 	at java.desktop/java.awt.EventDispatchThread.pumpEvents(EventDispatchThread.java:101)
2025-12-04 10:19:32,347 [ERROR] LogOutputStream:75 - [STDERR_REDIRECT] 	at java.desktop/java.awt.EventDispatchThread.run(EventDispatchThread.java:90)
2025-12-04 10:19:34,960 [WARN] IP:2250 - DEVICE_SERIAL0_CDC_FS not found: check if there is a RefParameter without a condition.
2025-12-04 10:19:34,960 [WARN] IP:2250 - DEVICE_SERIAL1_CDC_FS not found: check if there is a RefParameter without a condition.
2025-12-04 10:19:34,962 [WARN] IP:2250 - DEVICE_SERIAL2_CDC_FS not found: check if there is a RefParameter without a condition.
2025-12-04 10:19:34,962 [WARN] IP:2250 - DEVICE_SERIAL0_CDC_FS not found: check if there is a RefParameter without a condition.
2025-12-04 10:19:34,962 [WARN] IP:2250 - DEVICE_SERIAL1_CDC_FS not found: check if there is a RefParameter without a condition.
2025-12-04 10:19:34,962 [WARN] IP:2250 - DEVICE_SERIAL2_CDC_FS not found: check if there is a RefParameter without a condition.
2025-12-04 10:19:35,034 [WARN] IP:2250 - DEVICE_SERIAL0_CDC_FS not found: check if there is a RefParameter without a condition.
2025-12-04 10:19:35,034 [WARN] IP:2250 - DEVICE_SERIAL1_CDC_FS not found: check if there is a RefParameter without a condition.
2025-12-04 10:19:35,034 [WARN] IP:2250 - DEVICE_SERIAL2_CDC_FS not found: check if there is a RefParameter without a condition.
2025-12-04 10:19:35,034 [WARN] IP:2250 - DEVICE_SERIAL0_CDC_FS not found: check if there is a RefParameter without a condition.
2025-12-04 10:19:35,034 [WARN] IP:2250 - DEVICE_SERIAL1_CDC_FS not found: check if there is a RefParameter without a condition.
2025-12-04 10:19:35,034 [WARN] IP:2250 - DEVICE_SERIAL2_CDC_FS not found: check if there is a RefParameter without a condition.
2025-12-04 10:20:03,129 [WARN] IP:2250 - DEVICE_SERIAL0_CDC_FS not found: check if there is a RefParameter without a condition.
2025-12-04 10:20:03,129 [WARN] IP:2250 - DEVICE_SERIAL1_CDC_FS not found: check if there is a RefParameter without a condition.
2025-12-04 10:20:03,129 [WARN] IP:2250 - DEVICE_SERIAL2_CDC_FS not found: check if there is a RefParameter without a condition.
2025-12-04 10:20:03,130 [WARN] IP:2250 - DEVICE_SERIAL0_CDC_FS not found: check if there is a RefParameter without a condition.
2025-12-04 10:20:03,130 [WARN] IP:2250 - DEVICE_SERIAL1_CDC_FS not found: check if there is a RefParameter without a condition.
2025-12-04 10:20:03,130 [WARN] IP:2250 - DEVICE_SERIAL2_CDC_FS not found: check if there is a RefParameter without a condition.
2025-12-04 10:20:03,204 [WARN] IP:2250 - DEVICE_SERIAL0_CDC_FS not found: check if there is a RefParameter without a condition.
2025-12-04 10:20:03,204 [WARN] IP:2250 - DEVICE_SERIAL1_CDC_FS not found: check if there is a RefParameter without a condition.
2025-12-04 10:20:03,205 [WARN] IP:2250 - DEVICE_SERIAL2_CDC_FS not found: check if there is a RefParameter without a condition.
2025-12-04 10:20:03,205 [WARN] IP:2250 - DEVICE_SERIAL0_CDC_FS not found: check if there is a RefParameter without a condition.
2025-12-04 10:20:03,205 [WARN] IP:2250 - DEVICE_SERIAL1_CDC_FS not found: check if there is a RefParameter without a condition.
2025-12-04 10:20:03,205 [WARN] IP:2250 - DEVICE_SERIAL2_CDC_FS not found: check if there is a RefParameter without a condition.
2025-12-04 10:20:14,402 [INFO] UtilMem:75 - End SaveConfig() Used Memory: 981975216 Bytes (1073741824)
2025-12-04 10:20:15,247 [INFO] UtilMem:75 - End SaveConfig() Used Memory: 1001909520 Bytes (1073741824)
2025-12-04 10:20:16,472 [INFO] UtilMem:75 - End SaveConfig() Used Memory: 1072043576 Bytes (1073741824)
2025-12-04 10:20:16,675 [INFO] BlockDiagram:2775 - set Specific Code input for plugin: USB_OTG_FS
2025-12-04 10:20:16,675 [INFO] BlockDiagram:2775 - set Specific Code input for plugin: NVIC
2025-12-04 10:20:16,675 [INFO] BlockDiagram:2775 - set Specific Code input for plugin: USB_DEVICE
2025-12-04 10:20:16,675 [INFO] BlockDiagram:2775 - set Specific Code input for plugin: SYS
2025-12-04 10:20:16,675 [INFO] BlockDiagram:2775 - set Specific Code input for plugin: GPIO
2025-12-04 10:20:16,676 [INFO] BlockDiagram:2775 - set Specific Code input for plugin: RCC
2025-12-04 10:20:16,677 [INFO] CodeGenerator:892 - code generatio: config db path: C:\ST\STM32CubeIDE_1.19.0\STM32CubeIDE\plugins\com.st.stm32cube.common.mx_6.15.0.202507011659\\db\
2025-12-04 10:20:16,684 [WARN] IP:2250 - DEVICE_SERIAL0_CDC_FS not found: check if there is a RefParameter without a condition.
2025-12-04 10:20:16,685 [WARN] IP:2250 - DEVICE_SERIAL1_CDC_FS not found: check if there is a RefParameter without a condition.
2025-12-04 10:20:16,685 [WARN] IP:2250 - DEVICE_SERIAL2_CDC_FS not found: check if there is a RefParameter without a condition.
2025-12-04 10:20:16,804 [INFO] CodeEngine:265 - oldGeneratedFile, C:\Users\Matyas\STM32CubeIDE\workspace_1.19.0\SecureBoot-1\MXTmpFiles\license.tmp_save
2025-12-04 10:20:17,289 [INFO] CodeEngine:289 - Generated code: C:\Users\Matyas\STM32CubeIDE\workspace_1.19.0\SecureBoot-1\MXTmpFiles\license.tmp
2025-12-04 10:20:17,365 [INFO] CodeEngine:265 - oldGeneratedFile, C:\Users\Matyas\STM32CubeIDE\workspace_1.19.0\SecureBoot-1\MXTmpFiles\gpio.tmp_save
2025-12-04 10:20:17,546 [INFO] CodeEngine:289 - Generated code: C:\Users\Matyas\STM32CubeIDE\workspace_1.19.0\SecureBoot-1\MXTmpFiles\gpio.tmp
2025-12-04 10:20:17,608 [WARN] IPConfigManager:3238 - Warning: the RefConfig PWREx_EnableUSBVoltageDetector is not available in your config.xml file
2025-12-04 10:20:17,619 [INFO] CodeEngine:265 - oldGeneratedFile, C:\Users\Matyas\STM32CubeIDE\workspace_1.19.0\SecureBoot-1\MXTmpFiles\usb_otg_fs_vars.tmp_save
2025-12-04 10:20:17,729 [INFO] CodeEngine:289 - Generated code: C:\Users\Matyas\STM32CubeIDE\workspace_1.19.0\SecureBoot-1\MXTmpFiles\usb_otg_fs_vars.tmp
2025-12-04 10:20:17,739 [INFO] CodeEngine:265 - oldGeneratedFile, C:\Users\Matyas\STM32CubeIDE\workspace_1.19.0\SecureBoot-1\MXTmpFiles\usb_otg_fs_inc.tmp_save
2025-12-04 10:20:17,815 [INFO] CodeEngine:289 - Generated code: C:\Users\Matyas\STM32CubeIDE\workspace_1.19.0\SecureBoot-1\MXTmpFiles\usb_otg_fs_inc.tmp
2025-12-04 10:20:17,827 [INFO] CodeEngine:265 - oldGeneratedFile, C:\Users\Matyas\STM32CubeIDE\workspace_1.19.0\SecureBoot-1\MXTmpFiles\usb_otg_fs_HalInit.tmp_save
2025-12-04 10:20:17,922 [INFO] CodeEngine:289 - Generated code: C:\Users\Matyas\STM32CubeIDE\workspace_1.19.0\SecureBoot-1\MXTmpFiles\usb_otg_fs_HalInit.tmp
2025-12-04 10:20:17,933 [INFO] CodeEngine:265 - oldGeneratedFile, C:\Users\Matyas\STM32CubeIDE\workspace_1.19.0\SecureBoot-1\MXTmpFiles\usb_otg_fs_Msp.tmp_save
2025-12-04 10:20:18,028 [INFO] CodeEngine:289 - Generated code: C:\Users\Matyas\STM32CubeIDE\workspace_1.19.0\SecureBoot-1\MXTmpFiles\usb_otg_fs_Msp.tmp
2025-12-04 10:20:18,115 [INFO] Middleware:1452 - No code input for Bsp Dependency
2025-12-04 10:20:18,132 [INFO] Middleware:1452 - No code input for Bsp Dependency
2025-12-04 10:20:18,139 [INFO] CodeEngine:265 - oldGeneratedFile, C:\Users\Matyas\STM32CubeIDE\workspace_1.19.0\SecureBoot-1\USB_DEVICE\App\usb_device.c_save
2025-12-04 10:20:18,295 [INFO] CodeEngine:289 - Generated code: C:\Users\Matyas\STM32CubeIDE\workspace_1.19.0\SecureBoot-1\USB_DEVICE\App\usb_device.c
2025-12-04 10:20:18,309 [INFO] CodeEngine:265 - oldGeneratedFile, C:\Users\Matyas\STM32CubeIDE\workspace_1.19.0\SecureBoot-1\USB_DEVICE\App\usb_device.h_save
2025-12-04 10:20:18,398 [INFO] CodeEngine:289 - Generated code: C:\Users\Matyas\STM32CubeIDE\workspace_1.19.0\SecureBoot-1\USB_DEVICE\App\usb_device.h
2025-12-04 10:20:18,410 [INFO] CodeEngine:265 - oldGeneratedFile, C:\Users\Matyas\STM32CubeIDE\workspace_1.19.0\SecureBoot-1\USB_DEVICE\Target\usbd_conf.h_save
2025-12-04 10:20:18,513 [INFO] CodeEngine:289 - Generated code: C:\Users\Matyas\STM32CubeIDE\workspace_1.19.0\SecureBoot-1\USB_DEVICE\Target\usbd_conf.h
2025-12-04 10:20:18,527 [INFO] CodeEngine:265 - oldGeneratedFile, C:\Users\Matyas\STM32CubeIDE\workspace_1.19.0\SecureBoot-1\USB_DEVICE\Target\usbd_conf.c_save
2025-12-04 10:20:18,614 [INFO] CodeEngine:289 - Generated code: C:\Users\Matyas\STM32CubeIDE\workspace_1.19.0\SecureBoot-1\USB_DEVICE\Target\usbd_conf.c
2025-12-04 10:20:18,626 [INFO] CodeEngine:265 - oldGeneratedFile, C:\Users\Matyas\STM32CubeIDE\workspace_1.19.0\SecureBoot-1\USB_DEVICE\App\usbd_desc.h_save
2025-12-04 10:20:18,707 [INFO] CodeEngine:289 - Generated code: C:\Users\Matyas\STM32CubeIDE\workspace_1.19.0\SecureBoot-1\USB_DEVICE\App\usbd_desc.h
2025-12-04 10:20:18,719 [INFO] CodeEngine:265 - oldGeneratedFile, C:\Users\Matyas\STM32CubeIDE\workspace_1.19.0\SecureBoot-1\USB_DEVICE\App\usbd_desc.c_save
2025-12-04 10:20:18,809 [INFO] CodeEngine:289 - Generated code: C:\Users\Matyas\STM32CubeIDE\workspace_1.19.0\SecureBoot-1\USB_DEVICE\App\usbd_desc.c
2025-12-04 10:20:18,822 [INFO] CodeEngine:265 - oldGeneratedFile, C:\Users\Matyas\STM32CubeIDE\workspace_1.19.0\SecureBoot-1\USB_DEVICE\App\usbd_cdc_if.h_save
2025-12-04 10:20:18,890 [INFO] CodeEngine:289 - Generated code: C:\Users\Matyas\STM32CubeIDE\workspace_1.19.0\SecureBoot-1\USB_DEVICE\App\usbd_cdc_if.h
2025-12-04 10:20:18,902 [INFO] CodeEngine:265 - oldGeneratedFile, C:\Users\Matyas\STM32CubeIDE\workspace_1.19.0\SecureBoot-1\USB_DEVICE\App\usbd_cdc_if.c_save
2025-12-04 10:20:18,989 [INFO] CodeEngine:289 - Generated code: C:\Users\Matyas\STM32CubeIDE\workspace_1.19.0\SecureBoot-1\USB_DEVICE\App\usbd_cdc_if.c
2025-12-04 10:20:19,009 [INFO] CodeEngine:265 - oldGeneratedFile, C:\Users\Matyas\STM32CubeIDE\workspace_1.19.0\SecureBoot-1\Core\Src\stm32f4xx_it.c_save
2025-12-04 10:20:19,161 [INFO] CodeEngine:289 - Generated code: C:\Users\Matyas\STM32CubeIDE\workspace_1.19.0\SecureBoot-1\Core\Src\stm32f4xx_it.c
2025-12-04 10:20:19,168 [INFO] CodeEngine:265 - oldGeneratedFile, C:\Users\Matyas\STM32CubeIDE\workspace_1.19.0\SecureBoot-1\Core\Inc\stm32f4xx_it.h_save
2025-12-04 10:20:19,243 [INFO] CodeEngine:289 - Generated code: C:\Users\Matyas\STM32CubeIDE\workspace_1.19.0\SecureBoot-1\Core\Inc\stm32f4xx_it.h
2025-12-04 10:20:19,264 [INFO] CodeEngine:265 - oldGeneratedFile, C:\Users\Matyas\STM32CubeIDE\workspace_1.19.0\SecureBoot-1\Core\Src\stm32f4xx_hal_msp.c_save
2025-12-04 10:20:19,424 [INFO] CodeEngine:289 - Generated code: C:\Users\Matyas\STM32CubeIDE\workspace_1.19.0\SecureBoot-1\Core\Src\stm32f4xx_hal_msp.c
2025-12-04 10:20:19,430 [INFO] CodeEngine:265 - oldGeneratedFile, C:\Users\Matyas\STM32CubeIDE\workspace_1.19.0\SecureBoot-1\MXTmpFiles\system.tmp_save
2025-12-04 10:20:19,486 [INFO] CodeEngine:289 - Generated code: C:\Users\Matyas\STM32CubeIDE\workspace_1.19.0\SecureBoot-1\MXTmpFiles\system.tmp
2025-12-04 10:20:19,502 [INFO] CodeEngine:321 - oldGeneratedFile, C:\Users\Matyas\STM32CubeIDE\workspace_1.19.0\SecureBoot-1\Core\Inc\stm32f4xx_hal_conf.h_save
2025-12-04 10:20:19,618 [INFO] CodeEngine:345 - Generated code: C:\Users\Matyas\STM32CubeIDE\workspace_1.19.0\SecureBoot-1\Core\Inc\stm32f4xx_hal_conf.h
2025-12-04 10:20:19,661 [INFO] ApiDbMcu:532 - Load IP Config File for RCC
2025-12-04 10:20:19,674 [INFO] CodeEngine:265 - oldGeneratedFile, C:\Users\Matyas\STM32CubeIDE\workspace_1.19.0\SecureBoot-1\Core\Inc\main.h_save
2025-12-04 10:20:19,820 [INFO] CodeEngine:289 - Generated code: C:\Users\Matyas\STM32CubeIDE\workspace_1.19.0\SecureBoot-1\Core\Inc\main.h
2025-12-04 10:20:19,827 [INFO] CodeEngine:265 - oldGeneratedFile, C:\Users\Matyas\STM32CubeIDE\workspace_1.19.0\SecureBoot-1\Core\Src\main.c_save
2025-12-04 10:20:19,980 [INFO] CodeEngine:289 - Generated code: C:\Users\Matyas\STM32CubeIDE\workspace_1.19.0\SecureBoot-1\Core\Src\main.c
2025-12-04 10:20:20,403 [INFO] ProjectBuilder:3606 - Time for Copy HAL[1] : 284mS.
2025-12-04 10:20:20,414 [INFO] ProjectBuilder:5216 - Project Generator version: 4.7.0-B52
2025-12-04 10:20:20,499 [INFO] ConfigFileManager:1595 - The Die is : DIE433
2025-12-04 10:20:20,513 [INFO] ApiDbMcu:532 - Load IP Config File for FATFS
2025-12-04 10:20:20,525 [INFO] ApiDbMcu:532 - Load IP Config File for FREERTOS
2025-12-04 10:20:20,534 [INFO] ApiDbMcu:532 - Load IP Config File for LIBJPEG
2025-12-04 10:20:20,546 [INFO] ApiDbMcu:532 - Load IP Config File for MBEDTLS
2025-12-04 10:20:20,556 [INFO] ApiDbMcu:532 - Load IP Config File for USB_HOST
2025-12-04 10:20:21,199 [INFO] LogOutputStream:77 - [STDOUT_REDIRECT] 
2025-12-04 10:20:23,499 [INFO] ProjectBuilder:5496 - Time for Generating toolchain IDE Files: 3082mS.
2025-12-04 10:20:23,500 [INFO] ProjectBuilder:3463 - Time for Copy CMSIS : 1mS.
2025-12-04 10:20:23,508 [INFO] ProjectBuilder:3463 - Time for Copy CMSIS : 0mS.
2025-12-04 10:30:36,251 [WARN] IP:2250 - DEVICE_SERIAL0_CDC_FS not found: check if there is a RefParameter without a condition.
2025-12-04 10:30:36,251 [WARN] IP:2250 - DEVICE_SERIAL1_CDC_FS not found: check if there is a RefParameter without a condition.
2025-12-04 10:30:36,251 [WARN] IP:2250 - DEVICE_SERIAL2_CDC_FS not found: check if there is a RefParameter without a condition.
2025-12-04 10:30:36,252 [WARN] IP:2250 - DEVICE_SERIAL0_CDC_FS not found: check if there is a RefParameter without a condition.
2025-12-04 10:30:36,252 [WARN] IP:2250 - DEVICE_SERIAL1_CDC_FS not found: check if there is a RefParameter without a condition.
2025-12-04 10:30:36,252 [WARN] IP:2250 - DEVICE_SERIAL2_CDC_FS not found: check if there is a RefParameter without a condition.
2025-12-04 10:49:24,258 [INFO] MainUpdater:2872 - connection check result : 10
2025-12-04 10:49:24,267 [INFO] McuFinderGlobals:76 - Set McuFinderConnectedMode to true
2025-12-04 10:49:24,556 [INFO] ServerAccessManage:452 - Complete download http(s) 200
2025-12-04 10:49:24,558 [INFO] ServerAccessManage:509 - Download File mcusAds.json._tmp_
2025-12-04 10:49:24,682 [INFO] LoadUrlFilesThread:156 - End of LoadUrlFiles Thread
2025-12-04 10:49:24,917 [INFO] ServerAccessManage:452 - Complete download http(s) 200
2025-12-04 10:49:24,918 [INFO] ServerAccessManage:509 - Download File cube-finder-db.zip
2025-12-04 10:49:25,414 [INFO] FileExtend:248 - Unzip File : cube-finder-db.zip
2025-12-04 10:49:25,414 [INFO] FileExtend:263 - Standard Zip Deflate
2025-12-04 10:49:26,107 [INFO] LoadUrlFilesThread:156 - End of LoadUrlFiles Thread
2025-12-04 10:49:26,411 [INFO] ServerAccessManage:452 - Complete download http(s) 200
2025-12-04 10:49:26,412 [INFO] ServerAccessManage:509 - Download File crdb.zip
2025-12-04 10:49:26,541 [INFO] FileExtend:248 - Unzip File : crdb.zip
2025-12-04 10:49:26,541 [INFO] FileExtend:263 - Standard Zip Deflate
2025-12-04 10:49:26,680 [INFO] LoadUrlFilesThread:156 - End of LoadUrlFiles Thread
2025-12-04 10:49:26,815 [INFO] ServerAccessManage:452 - Complete download http(s) 200
2025-12-04 10:49:26,815 [INFO] ServerAccessManage:509 - Download File tutoVideoDB.zip
2025-12-04 10:49:26,874 [INFO] FileExtend:248 - Unzip File : tutoVideoDB.zip
2025-12-04 10:49:26,874 [INFO] FileExtend:263 - Standard Zip Deflate
2025-12-04 10:49:27,003 [INFO] LoadUrlFilesThread:156 - End of LoadUrlFiles Thread
2025-12-04 10:49:27,007 [WARN] DbFile:41 - Overriding database path with different value: C:\Users\Matyas\.stmcufinder\plugins\mcufinder/ => C:\Users\Matyas\.stmcufinder\plugins\mcufinder
2025-12-04 10:49:27,126 [INFO] ServerAccessManage:452 - Complete download http(s) 200
2025-12-04 10:49:27,126 [INFO] ServerAccessManage:509 - Download File api_config.json
2025-12-04 10:49:27,243 [INFO] LoadUrlFilesThread:156 - End of LoadUrlFiles Thread
2025-12-04 10:49:27,246 [INFO] DbMcusAds:53 - JSON generation date=Tue Nov 25 15:08:32 CET 2025 (1764079712835)
2025-12-04 10:49:27,251 [INFO] ApiDb:448 - Save user favorites file C:\Users\Matyas/.stm32cubeide/favorites.mcus.txt: 0 item(s)
2025-12-04 10:49:27,251 [INFO] ApiDb:452 - User favorites MCUs=[]
2025-12-04 10:49:27,255 [INFO] ApiDb:581 - Connected to CubeFinder SQLite database (C:\Users\Matyas\.stmcufinder\plugins\mcufinder\mcu\cube-finder-db.db)
2025-12-04 10:49:27,313 [INFO] ApiDb:668 - CubeFinder database Data Model version=2.1
2025-12-04 10:49:27,313 [INFO] ApiDb:669 - CubeFinder database Configuration version=3.0.39
2025-12-04 10:49:27,313 [INFO] ApiDb:670 - CubeFinder database generation date=2025-11-05 (1762334721)
2025-12-04 10:49:27,313 [INFO] ApiDb:671 - CubeFinder database FW Pack versions=[FP-ATR-ASTRA1_V2.0.0, FP-SNS-FLIGHT1_V5.1.0, FP-SNS-MOTENV1_V5.1.0, FP-SNS-MOTENVWB1_V1.4.0, FP-SNS-SMARTAG2_V1.2.0, FP-SNS-STBOX1_V2.1.0, STM32Cube_FW_C0_V1.4.0, STM32Cube_FW_F4_V1.28.3, STM32Cube_FW_F7_V1.17.4, STM32Cube_FW_G0_V1.6.2, STM32Cube_FW_G4_V1.6.1, STM32Cube_FW_H5_V1.5.1, STM32Cube_FW_H7RS_V1.3.0, STM32Cube_FW_H7_V1.12.1, STM32Cube_FW_L0_V1.12.2, STM32Cube_FW_L4_V1.18.1, STM32Cube_FW_L5_V1.6.0, STM32Cube_FW_N6_V1.3.0, STM32Cube_FW_U0_V1.3.0, STM32Cube_FW_U3_V1.2.1, STM32Cube_FW_U5_V1.8.0, STM32Cube_FW_WB0_V1.4.0, STM32Cube_FW_WBA_V1.8.0, STM32Cube_FW_WB_V1.24.0, STM32Cube_FW_WL3_V1.3.0, STM32Cube_FW_WL_V1.4.0, X-CUBE-ALGOBUILD_V1.4.0, X-CUBE-ALS_V1.0.2, X-CUBE-AZRTOS-F4_V1.1.0, X-CUBE-AZRTOS-F7_V1.1.0, X-CUBE-AZRTOS-G0_V1.1.0, X-CUBE-AZRTOS-G4_V2.0.0, X-CUBE-AZRTOS-H7RS_V1.1.0, X-CUBE-AZRTOS-H7_V3.4.0, X-CUBE-AZRTOS-L4_V2.0.0, X-CUBE-AZRTOS-L5_V2.0.0, X-CUBE-AZRTOS-WB_V2.0.0, X-CUBE-AZRTOS-WL_V2.0.0, X-CUBE-BLE1_V7.1.0, X-CUBE-BLE2_V3.3.0, X-CUBE-BLEMGR_V4.1.0, X-CUBE-EEPRMA1_V5.2.0, X-CUBE-FREERTOS_V1.3.1, X-CUBE-GNSS1_V6.0.0, X-CUBE-MEMS1_V11.3.0, X-CUBE-NFC4_V3.0.0, X-CUBE-NFC7_V2.0.0, X-CUBE-SFXS2LP1_V4.0.0, X-CUBE-ST67W61_V1.1.0, X-CUBE-SUBG2_V5.0.0, X-CUBE-TOF1_V3.4.3]
2025-12-04 10:49:29,346 [INFO] ApiDb:240 - Found 880 in-development CPN: [B-G473E-ZEST1S, B-WB1M-WPAN1, B-WBA5M-WPAN, B-WL5M-SUBG1, NUCLEO-C031C6, NUCLEO-C051C8, NUCLEO-C071RB, NUCLEO-C092RC, NUCLEO-H503RB, NUCLEO-H533RE, NUCLEO-H563ZI, NUCLEO-H7S3L8, NUCLEO-N657X0-Q, NUCLEO-U031R8, NUCLEO-U083RC, NUCLEO-U385RG-Q, NUCLEO-U545RE-Q, NUCLEO-U5A5ZJ-Q, NUCLEO-WB05KZ, NUCLEO-WB07CC, NUCLEO-WB09KE, NUCLEO-WBA52CG, NUCLEO-WBA55CG, NUCLEO-WL33CC1, NUCLEO-WL33CC2, STEVAL-PROTEUS1, STEVAL-SMARTAG2, STEVAL-STWINBX1, STM320518-EVAL, STM32C0116-DK, STM32C011D6Y3TR, STM32C011D6Y6TR, STM32C011F4P3, STM32C011F4P6, STM32C011F4U3, STM32C011F4U6TR, STM32C011F6P3, STM32C011F6P6, STM32C011F6U3, STM32C011F6U6TR, STM32C011J4M3, STM32C011J4M6, STM32C011J6M3, STM32C011J6M6, STM32C0316-DK, STM32C031C4T3, STM32C031C4T6, STM32C031C4U3, STM32C031C4U6, STM32C031C6T3, STM32C031C6T6, STM32C031C6U3, STM32C031C6U6, STM32C031F4P3, STM32C031F4P6, STM32C031F6P3, STM32C031F6P6, STM32C031G4U3, STM32C031G4U6, STM32C031G6U3, STM32C031G6U6, STM32C031K4T3, STM32C031K4T6, STM32C031K4U3, STM32C031K4U6, STM32C031K6T3, STM32C031K6T6, STM32C031K6U3, STM32C031K6U6, STM32C051C6T6, STM32C051C6U6, STM32C051C8T6, STM32C051C8U6, STM32C051D8Y6TR, STM32C051F6P6, STM32C051F8P6, STM32C051G6U6, STM32C051G8U6, STM32C051K6T6, STM32C051K6U6, STM32C051K8T6, STM32C071C8T6, STM32C071C8T6N, STM32C071C8U6, STM32C071C8U6N, STM32C071CBT6, STM32C071CBT6N, STM32C071CBU6, STM32C071CBU6N, STM32C071F8P6, STM32C071F8P6N, STM32C071FBP6, STM32C071FBP6N, STM32C071FBY6TR, STM32C071G8U6, STM32C071G8U6N, STM32C071GBU6, STM32C071GBU6N, STM32C071K8T6, STM32C071K8T6N, STM32C071K8U6, STM32C071K8U6N, STM32C071KBT6, STM32C071KBT6N, STM32C071KBU6, STM32C071KBU6N, STM32C071R8T6, STM32C071R8T6N, STM32C071RBI6N, STM32C071RBT6, STM32C071RBT6N, STM32C091CBT6, STM32C091CBU6, STM32C091CCT6, STM32C091CCU6, STM32C091ECY6TR, STM32C091FBP6, STM32C091FCP6, STM32C091GBU6, STM32C091GCU6, STM32C091KBT6, STM32C091KBU6, STM32C091KCT6, STM32C091KCU6, STM32C091RBT6, STM32C091RCI6, STM32C091RCT6, STM32C092CBT6, STM32C092CBU6, STM32C092CCT6, STM32C092CCU6, STM32C092ECY6TR, STM32C092FBP6, STM32C092FCP6, STM32C092GBU6, STM32C092GCU6, STM32C092KBT6, STM32C092KBU6, STM32C092KCT6, STM32C092KCU6, STM32C092RBT6, STM32C092RCI6, STM32C092RCT6, STM32G071K8TXN, STM32G071K8UXN, STM32G081GBU6N, STM32G081KBT6N, STM32G081KBUXN, STM32G0B1CCT6N, STM32G0B1KCT6, STM32G0B1NEY6TR, STM32G0B1RCT6N, STM32G0C1CCT6, STM32G0C1CCT6N, STM32G0C1CCU6N, STM32G0C1CET6N, STM32G0C1CEU6N, STM32G0C1KCT6, STM32G0C1NEY6TR, STM32G0C1RCI6N, STM32G0C1RCT6N, STM32G0C1REI6N, STM32G0C1RET6N, STM32G0C1VCI6, STM32G0C1VEI6, STM32G411C6T3, STM32G411C6T6, STM32G411C6U3, STM32G411C6U6, STM32G411C8T3, STM32G411C8T6, STM32G411C8U3, STM32G411C8U6, STM32G411CBT3, STM32G411CBT6, STM32G411CBU3, STM32G411CBU6, STM32G411K6T3, STM32G411K6T6, STM32G411K6U3, STM32G411K6U6, STM32G411K8T3, STM32G411K8T6, STM32G411K8U3, STM32G411K8U6, STM32G411KBT3, STM32G411KBT6, STM32G411KBU3, STM32G411KBU6, STM32G411M6T3, STM32G411M6T6, STM32G411M8T3, STM32G411M8T6, STM32G411MBT3, STM32G411MBT6, STM32G411R6T3, STM32G411R6T6, STM32G411R8T3, STM32G411R8T6, STM32G411RBT3, STM32G411RBT6, STM32G414CBT3, STM32G414CBT6, STM32G414CBU3, STM32G414CBU6, STM32G414CCT3, STM32G414CCT6, STM32G414CCU3, STM32G414CCU6, STM32G414MBT3, STM32G414MBT6, STM32G414MCT3, STM32G414MCT6, STM32G414RBT3, STM32G414RBT6, STM32G414RCT3, STM32G414RCT6, STM32G414VBT3, STM32G414VBT6, STM32G414VCT3, STM32G414VCT6, STM32G431CBT3Z, STM32G431RBT3Z, STM32G471CCT6, STM32G471CCU6, STM32G471CET3, STM32G471CET6, STM32G471CEU3, STM32G471CEU6, STM32G471MCT6, STM32G471MET3, STM32G471MET6, STM32G471MEY6TR, STM32G471QCT6, STM32G471QET3, STM32G471RCT6, STM32G471RET3, STM32G471RET6, STM32G471VCH6, STM32G471VCI6, STM32G471VCT6, STM32G471VEH3, STM32G471VEH6, STM32G471VEI3, STM32G471VEI6, STM32G471VET3, STM32G471VET6, STM32G473QET3Z, STM32G473RET3Z, STM32G474CCT6, STM32G491RET3Z, STM32H503CBT6, STM32H503CBU6, STM32H503EBY6TR, STM32H503KBU6, STM32H503RBT6, STM32H523CCT6, STM32H523CCU6, STM32H523CET6, STM32H523CEU6, STM32H523HEY6TR, STM32H523RCT6, STM32H523RET6, STM32H523VCI6, STM32H523VCT6, STM32H523VEI6, STM32H523VET6, STM32H523ZCJ6, STM32H523ZCT6, STM32H523ZEJ6, STM32H523ZET6, STM32H533CET6, STM32H533CEU6, STM32H533HEY6TR, STM32H533RET6, STM32H533VEI6, STM32H533VET6, STM32H533ZEJ6, STM32H533ZET6, STM32H562AGI6, STM32H562AII6, STM32H562IGK6, STM32H562IGT6, STM32H562IIK6, STM32H562IIT6, STM32H562RGT6, STM32H562RGV6, STM32H562RIT6, STM32H562RIV6, STM32H562VGT6, STM32H562VIT6, STM32H562ZGT6, STM32H562ZIT6, STM32H563AGI6, STM32H563AII3Q, STM32H563AII6, STM32H563IGK6, STM32H563IGT6, STM32H563IIK3Q, STM32H563IIK6, STM32H563IIT3Q, STM32H563IIT6, STM32H563MIY3QTR, STM32H563RGT6, STM32H563RGV6, STM32H563RIT6, STM32H563RIV6, STM32H563VGT6, STM32H563VIT3Q, STM32H563VIT6, STM32H563ZGT6, STM32H563ZIT3Q, STM32H563ZIT6, STM32H573AII3Q, STM32H573AII6, STM32H573I-DK, STM32H573IIK3Q, STM32H573IIK6, STM32H573IIT3Q, STM32H573IIT6, STM32H573MIY3QTR, STM32H573RIT6, STM32H573RIV6, STM32H573VIT3Q, STM32H573VIT6, STM32H573ZIT3Q, STM32H573ZIT6, STM32H7R3A8I6, STM32H7R3I8K6, STM32H7R3I8T6, STM32H7R3L8H6, STM32H7R3L8H6H, STM32H7R3R8V6, STM32H7R3V8H6, STM32H7R3V8T6, STM32H7R3V8Y6TR, STM32H7R3Z8J6, STM32H7R3Z8T6, STM32H7R7A8I6, STM32H7R7I8K6, STM32H7R7I8T6, STM32H7R7L8H6, STM32H7R7L8H6H, STM32H7R7Z8J6, STM32H7S3A8I6, STM32H7S3I8K6, STM32H7S3I8T6, STM32H7S3L8H6, STM32H7S3L8H6H, STM32H7S3R8V6, STM32H7S3V8H6, STM32H7S3V8T6, STM32H7S3V8Y6TR, STM32H7S3Z8J6, STM32H7S3Z8T6, STM32H7S78-DK, STM32H7S7A8I6, STM32H7S7I8K6, STM32H7S7I8T6, STM32H7S7L8H6, STM32H7S7L8H6H, STM32H7S7Z8J6, STM32L4R5QGI6STR, STM32MP131AAE3, STM32MP131AAF3, STM32MP131AAG3, STM32MP131CAE3, STM32MP131CAF3, STM32MP131CAG3, STM32MP131DAE7, STM32MP131DAF7, STM32MP131DAG7, STM32MP131FAE7, STM32MP131FAF7, STM32MP131FAG7, STM32MP133AAE3, STM32MP133AAF3, STM32MP133AAG3, STM32MP133CAE3, STM32MP133CAF3, STM32MP133CAG3, STM32MP133DAE7, STM32MP133DAF7, STM32MP133DAG7, STM32MP133FAE7, STM32MP133FAF7, STM32MP133FAG7, STM32MP135AAE3, STM32MP135AAF3, STM32MP135AAG3, STM32MP135CAE3, STM32MP135CAF3, STM32MP135CAG3, STM32MP135DAE7, STM32MP135DAF7, STM32MP135DAG7, STM32MP135F-DK, STM32MP135FAE7, STM32MP135FAF7, STM32MP135FAF7T, STM32MP135FAF7U, STM32MP135FAG7, STM32MP211AAL3, STM32MP211AAM3, STM32MP211AAN3, STM32MP211AAO3, STM32MP211CAL3, STM32MP211CAM3, STM32MP211CAN3, STM32MP211CAO3, STM32MP211DAL3, STM32MP211DAM3, STM32MP211DAN3, STM32MP211DAO3, STM32MP211FAL3, STM32MP211FAM3, STM32MP211FAN3, STM32MP211FAO3, STM32MP213AAL3, STM32MP213AAM3, STM32MP213AAN3, STM32MP213AAO3, STM32MP213CAL3, STM32MP213CAM3, STM32MP213CAN3, STM32MP213CAO3, STM32MP213DAL3, STM32MP213DAM3, STM32MP213DAN3, STM32MP213DAO3, STM32MP213FAL3, STM32MP213FAM3, STM32MP213FAN3, STM32MP213FAO3, STM32MP215AAL3, STM32MP215AAM3, STM32MP215AAN3, STM32MP215AAO3, STM32MP215CAL3, STM32MP215CAM3, STM32MP215CAN3, STM32MP215CAO3, STM32MP215DAL3, STM32MP215DAM3, STM32MP215DAN3, STM32MP215DAO3, STM32MP215F-DK, STM32MP215FAL3, STM32MP215FAM3, STM32MP215FAN3, STM32MP215FAO3, STM32MP231AAJ3, STM32MP231AAK3, STM32MP231AAL3, STM32MP231CAJ3, STM32MP231CAK3, STM32MP231CAL3, STM32MP231DAJ3, STM32MP231DAK3, STM32MP231DAL3, STM32MP231FAJ3, STM32MP231FAK3, STM32MP231FAL3, STM32MP233AAJ3, STM32MP233AAK3, STM32MP233AAL3, STM32MP233CAJ3, STM32MP233CAK3, STM32MP233CAL3, STM32MP233DAJ3, STM32MP233DAK3, STM32MP233DAL3, STM32MP233FAJ3, STM32MP233FAK3, STM32MP233FAL3, STM32MP235AAJ3, STM32MP235AAK3, STM32MP235AAL3, STM32MP235CAJ3, STM32MP235CAK3, STM32MP235CAL3, STM32MP235DAJ3, STM32MP235DAK3, STM32MP235DAL3, STM32MP235FAJ3, STM32MP235FAK3, STM32MP235FAL3, STM32MP251AAI3, STM32MP251AAK3, STM32MP251AAL3, STM32MP251CAI3, STM32MP251CAK3, STM32MP251CAL3, STM32MP251DAI3, STM32MP251DAK3, STM32MP251DAL3, STM32MP251FAI3, STM32MP251FAK3, STM32MP251FAL3, STM32MP253AAI3, STM32MP253AAK3, STM32MP253AAL3, STM32MP253CAI3, STM32MP253CAK3, STM32MP253CAL3, STM32MP253DAI3, STM32MP253DAK3, STM32MP253DAL3, STM32MP253FAI3, STM32MP253FAK3, STM32MP253FAL3, STM32MP255AAI3, STM32MP255AAK3, STM32MP255AAL3, STM32MP255CAI3, STM32MP255CAK3, STM32MP255CAL3, STM32MP255DAI3, STM32MP255DAK3, STM32MP255DAL3, STM32MP255FAI3, STM32MP255FAK3, STM32MP255FAL3, STM32MP257AAI3, STM32MP257AAK3, STM32MP257AAL3, STM32MP257CAI3, STM32MP257CAK3, STM32MP257CAL3, STM32MP257DAI3, STM32MP257DAK3, STM32MP257DAL3, STM32MP257F-DK, STM32MP257F-EV1, STM32MP257FAI3, STM32MP257FAK3, STM32MP257FAL3, STM32N645A0H3Q, STM32N645B0H3Q, STM32N645I0H3Q, STM32N645L0H3Q, STM32N645X0H3Q, STM32N645Z0H3Q, STM32N647A0H3Q, STM32N647B0H3Q, STM32N647I0H3Q, STM32N647L0H3Q, STM32N647X0H3Q, STM32N647Z0H3Q, STM32N655A0H3Q, STM32N655B0H3Q, STM32N655I0H3Q, STM32N655L0H3Q, STM32N655X0H3Q, STM32N655Z0H3Q, STM32N6570-DK, STM32N657A0H3Q, STM32N657B0H3Q, STM32N657I0H3Q, STM32N657L0H3Q, STM32N657X0H3Q, STM32N657Z0H3Q, STM32U031C6T6, STM32U031C6U6, STM32U031C8T6, STM32U031C8U6, STM32U031F4P6, STM32U031F6P6, STM32U031F8P6, STM32U031G6Y6TR, STM32U031G8Y6TR, STM32U031K4U6, STM32U031K6U6, STM32U031K8U6, STM32U031R6I6, STM32U031R6T6, STM32U031R8I6, STM32U031R8T6, STM32U073C8T6, STM32U073C8U6, STM32U073CBT6, STM32U073CBU6, STM32U073CCT6, STM32U073CCU6, STM32U073H8Y6TR, STM32U073HBY6TR, STM32U073HCY6TR, STM32U073K8U6, STM32U073KBU6, STM32U073KCU6, STM32U073M8I6, STM32U073M8T6, STM32U073MBI6, STM32U073MBT6, STM32U073MCI6, STM32U073MCT6, STM32U073R8I6, STM32U073R8T6, STM32U073RBI6, STM32U073RBT6, STM32U073RCI6, STM32U073RCT6, STM32U083C-DK, STM32U083CCT6, STM32U083CCU6, STM32U083HCY6TR, STM32U083KCU6, STM32U083MCI6, STM32U083MCT6, STM32U083RCI6, STM32U083RCT6, STM32U375CET6, STM32U375CET6Q, STM32U375CEU6, STM32U375CEU6Q, STM32U375CEY6QTR, STM32U375CGT6, STM32U375CGT6Q, STM32U375CGU6, STM32U375CGU6Q, STM32U375CGY6QTR, STM32U375KEU6, STM32U375KGU6, STM32U375REI6, STM32U375REI6Q, STM32U375RET6, STM32U375RET6Q, STM32U375REY6GTR, STM32U375REY6QTR, STM32U375RGI6, STM32U375RGI6Q, STM32U375RGT6, STM32U375RGT6Q, STM32U375RGY6GTR, STM32U375RGY6QTR, STM32U375VEI6, STM32U375VEI6Q, STM32U375VET6, STM32U375VET6Q, STM32U375VGI6, STM32U375VGI6Q, STM32U375VGT6, STM32U375VGT6Q, STM32U385CGT6, STM32U385CGT6Q, STM32U385CGU6, STM32U385CGU6Q, STM32U385CGY6QTR, STM32U385KGU6, STM32U385RGI6, STM32U385RGI6Q, STM32U385RGT6, STM32U385RGT6Q, STM32U385RGY6GTR, STM32U385RGY6QTR, STM32U385VGI6, STM32U385VGI6Q, STM32U385VGT6, STM32U385VGT6Q, STM32U535CBT6, STM32U535CBT6Q, STM32U535CBU6, STM32U535CBU6Q, STM32U535CCT6, STM32U535CCT6Q, STM32U535CCU6, STM32U535CCU6Q, STM32U535CET6, STM32U535CET6Q, STM32U535CEU6, STM32U535CEU6Q, STM32U535JEY6QTR, STM32U535NCY6QTR, STM32U535NEY6QTR, STM32U535RBI6, STM32U535RBI6Q, STM32U535RBT6, STM32U535RBT6Q, STM32U535RCI6, STM32U535RCI6Q, STM32U535RCT6, STM32U535RCT6Q, STM32U535REI6, STM32U535REI6Q, STM32U535RET6, STM32U535RET6Q, STM32U535VCI6, STM32U535VCI6Q, STM32U535VCT6, STM32U535VCT6Q, STM32U535VEI6, STM32U535VEI6Q, STM32U535VET6, STM32U535VET6Q, STM32U545CET6, STM32U545CET6Q, STM32U545CEU6, STM32U545CEU6Q, STM32U545JEY6QTR, STM32U545NEY6QTR, STM32U545REI6, STM32U545REI6Q, STM32U545RET6, STM32U545RET6Q, STM32U545VEI6, STM32U545VEI6Q, STM32U545VET6, STM32U545VET6Q, STM32U595AIH6, STM32U595AIH6Q, STM32U595AJH6, STM32U595AJH6Q, STM32U595QII6, STM32U595QII6Q, STM32U595QJI6, STM32U595QJI6Q, STM32U595RIT6, STM32U595RIT6Q, STM32U595RJT6, STM32U595RJT6Q, STM32U595VIT6, STM32U595VIT6Q, STM32U595VJT6, STM32U595VJT6Q, STM32U595ZIT6, STM32U595ZIT6Q, STM32U595ZIY6QTR, STM32U595ZJT6, STM32U595ZJT6Q, STM32U595ZJY6QTR, STM32U599BJY6QTR, STM32U599NIH6Q, STM32U599NJH6Q, STM32U599VIT6Q, STM32U599VJT6, STM32U599VJT6Q, STM32U599ZIT6Q, STM32U599ZIY6QTR, STM32U599ZJT6Q, STM32U599ZJY6QTR, STM32U5A5AJH6, STM32U5A5AJH6Q, STM32U5A5QII3Q , STM32U5A5QJI6, STM32U5A5QJI6Q, STM32U5A5RJT6, STM32U5A5RJT6Q, STM32U5A5VJT6, STM32U5A5VJT6Q, STM32U5A5ZJT6, STM32U5A5ZJT6Q, STM32U5A5ZJY6QTR, STM32U5A9BJY6QTR, STM32U5A9J-DK, STM32U5A9NJH6Q, STM32U5A9VJT6Q, STM32U5A9ZJT6Q, STM32U5A9ZJY6QTR, STM32U5F7VIT6, STM32U5F7VIT6Q, STM32U5F7VJT6, STM32U5F7VJT6Q, STM32U5F9BJY6QTR, STM32U5F9NJH6Q, STM32U5F9VIT6Q, STM32U5F9VJT6Q, STM32U5F9ZIJ6QTR, STM32U5F9ZIT6Q, STM32U5F9ZJJ6QTR, STM32U5F9ZJT6Q, STM32U5G7VJT6, STM32U5G7VJT6Q, STM32U5G9BJY6QTR, STM32U5G9J-DK1, STM32U5G9J-DK2, STM32U5G9NJH6Q, STM32U5G9VJT6Q, STM32U5G9ZJJ6QTR, STM32U5G9ZJT6Q, STM32WB05KZV6TR, STM32WB05KZV7TR, STM32WB05TZF6TR, STM32WB05TZF7TR, STM32WB06CCF6TR, STM32WB06CCF7TR, STM32WB06CCV6TR, STM32WB06CCV7TR, STM32WB06KCV6TR, STM32WB06KCV7TR, STM32WB07CCF6TR, STM32WB07CCF7TR, STM32WB07CCV6TR, STM32WB07CCV7TR, STM32WB07KCV6TR, STM32WB07KCV7TR, STM32WB09KEV6TR, STM32WB09KEV7TR, STM32WB09TEF6TR, STM32WB09TEF7TR, STM32WB1MMCH6, STM32WBA50KGU6, STM32WBA50KGU6TR, STM32WBA52CEU6, STM32WBA52CEU6TR, STM32WBA52CEU7, STM32WBA52CEU7TR, STM32WBA52CGU6, STM32WBA52CGU6TR, STM32WBA52CGU6U, STM32WBA52CGU7, STM32WBA52CGU7TR, STM32WBA52KEU6, STM32WBA52KEU6TR, STM32WBA52KGU6, STM32WBA52KGU6TR, STM32WBA54CEU6, STM32WBA54CEU6TR, STM32WBA54CEU7, STM32WBA54CEU7TR, STM32WBA54CGU6, STM32WBA54CGU6TR, STM32WBA54CGU7, STM32WBA54CGU7TR, STM32WBA54KEU6, STM32WBA54KEU6TR, STM32WBA54KEU7, STM32WBA54KEU7TR, STM32WBA54KGU6, STM32WBA54KGU6TR, STM32WBA54KGU7, STM32WBA54KGU7TR, STM32WBA55CEU6, STM32WBA55CEU6TR, STM32WBA55CEU7, STM32WBA55CEU7TR, STM32WBA55CGU6, STM32WBA55CGU6TR, STM32WBA55CGU6U, STM32WBA55CGU7, STM32WBA55CGU7TR, STM32WBA55G-DK1, STM32WBA55HEF6, STM32WBA55HEF7, STM32WBA55HGF6, STM32WBA55HGF7, STM32WBA55UEI6, STM32WBA55UEI6TR, STM32WBA55UEI7, STM32WBA55UEI7TR, STM32WBA55UGI6, STM32WBA55UGI6TR, STM32WBA55UGI7, STM32WBA55UGI7TR, STM32WBA5MMGH6TR, STM32WBA62MGF6, STM32WBA62MIF6, STM32WBA65MGF7, STM32WBA65MIF6, STM32WBA65MIF7, STM32WL30K8V6, STM32WL30KBV6, STM32WL31C8V6, STM32WL31CBV6, STM32WL31K8V6, STM32WL31KBV6, STM32WL33C8V6, STM32WL33C8V6X, STM32WL33CBV6, STM32WL33CBV6X, STM32WL33CCV6, STM32WL33CCV6A, STM32WL33CCV6X, STM32WL33K8V7, STM32WL33K8V7X, STM32WL33KBV7 , STM32WL33KBV7X, STM32WL33KCV7, STM32WL33KCV7X, STM32WL5MOCH6, STM32WL5MOCH6TR]
2025-12-04 10:49:29,348 [INFO] DbMcus:218 - Found 4876 MCUs, 4876 are supported
2025-12-04 10:49:29,349 [INFO] ApiDb:423 - Load user favorites file C:\Users\Matyas/.stm32cubeide/favorites.mcus.txt: 0 item(s)
2025-12-04 10:49:29,349 [INFO] ApiDb:427 - User favorites MCUs=[]
2025-12-04 10:49:29,349 [INFO] DbMcus:224 - Set 0 / 0 favorites MCUs
2025-12-04 10:49:29,658 [INFO] ApiDb:448 - Save user favorites file C:\Users\Matyas/.stm32cubeide/favorites.boards.txt: 0 item(s)
2025-12-04 10:49:29,658 [INFO] ApiDb:452 - User favorites Boards=[]
2025-12-04 10:49:29,660 [INFO] ApiDb:581 - Connected to CubeFinder SQLite database (C:\Users\Matyas\.stmcufinder\plugins\mcufinder\mcu\cube-finder-db.db)
2025-12-04 10:49:29,716 [INFO] ApiDb:668 - CubeFinder database Data Model version=2.1
2025-12-04 10:49:29,716 [INFO] ApiDb:669 - CubeFinder database Configuration version=3.0.39
2025-12-04 10:49:29,716 [INFO] ApiDb:670 - CubeFinder database generation date=2025-11-05 (1762334721)
2025-12-04 10:49:29,716 [INFO] ApiDb:671 - CubeFinder database FW Pack versions=[FP-ATR-ASTRA1_V2.0.0, FP-SNS-FLIGHT1_V5.1.0, FP-SNS-MOTENV1_V5.1.0, FP-SNS-MOTENVWB1_V1.4.0, FP-SNS-SMARTAG2_V1.2.0, FP-SNS-STBOX1_V2.1.0, STM32Cube_FW_C0_V1.4.0, STM32Cube_FW_F4_V1.28.3, STM32Cube_FW_F7_V1.17.4, STM32Cube_FW_G0_V1.6.2, STM32Cube_FW_G4_V1.6.1, STM32Cube_FW_H5_V1.5.1, STM32Cube_FW_H7RS_V1.3.0, STM32Cube_FW_H7_V1.12.1, STM32Cube_FW_L0_V1.12.2, STM32Cube_FW_L4_V1.18.1, STM32Cube_FW_L5_V1.6.0, STM32Cube_FW_N6_V1.3.0, STM32Cube_FW_U0_V1.3.0, STM32Cube_FW_U3_V1.2.1, STM32Cube_FW_U5_V1.8.0, STM32Cube_FW_WB0_V1.4.0, STM32Cube_FW_WBA_V1.8.0, STM32Cube_FW_WB_V1.24.0, STM32Cube_FW_WL3_V1.3.0, STM32Cube_FW_WL_V1.4.0, X-CUBE-ALGOBUILD_V1.4.0, X-CUBE-ALS_V1.0.2, X-CUBE-AZRTOS-F4_V1.1.0, X-CUBE-AZRTOS-F7_V1.1.0, X-CUBE-AZRTOS-G0_V1.1.0, X-CUBE-AZRTOS-G4_V2.0.0, X-CUBE-AZRTOS-H7RS_V1.1.0, X-CUBE-AZRTOS-H7_V3.4.0, X-CUBE-AZRTOS-L4_V2.0.0, X-CUBE-AZRTOS-L5_V2.0.0, X-CUBE-AZRTOS-WB_V2.0.0, X-CUBE-AZRTOS-WL_V2.0.0, X-CUBE-BLE1_V7.1.0, X-CUBE-BLE2_V3.3.0, X-CUBE-BLEMGR_V4.1.0, X-CUBE-EEPRMA1_V5.2.0, X-CUBE-FREERTOS_V1.3.1, X-CUBE-GNSS1_V6.0.0, X-CUBE-MEMS1_V11.3.0, X-CUBE-NFC4_V3.0.0, X-CUBE-NFC7_V2.0.0, X-CUBE-SFXS2LP1_V4.0.0, X-CUBE-ST67W61_V1.1.0, X-CUBE-SUBG2_V5.0.0, X-CUBE-TOF1_V3.4.3]
2025-12-04 10:49:29,753 [INFO] DbBoardsSqlite:226 - include board P-NUCLEO-WB55-NUCLEO as a kit item of type 'Nucleo-64'
2025-12-04 10:49:29,753 [INFO] DbBoardsSqlite:226 - include board P-NUCLEO-WB55-USBDONGLE as a kit item of type 'Nucleo USB Dongle'
2025-12-04 10:49:29,753 [INFO] DbBoardsSqlite:226 - include board STEVAL-IDP005V1 as a kit item of type 'Evaluation Board'
2025-12-04 10:49:29,754 [INFO] DbBoardsSqlite:226 - include board STEVAL-IDP005V2 as a kit item of type 'Evaluation Board'
2025-12-04 10:49:29,805 [INFO] ApiDb:240 - Found 880 in-development CPN: [B-G473E-ZEST1S, B-WB1M-WPAN1, B-WBA5M-WPAN, B-WL5M-SUBG1, NUCLEO-C031C6, NUCLEO-C051C8, NUCLEO-C071RB, NUCLEO-C092RC, NUCLEO-H503RB, NUCLEO-H533RE, NUCLEO-H563ZI, NUCLEO-H7S3L8, NUCLEO-N657X0-Q, NUCLEO-U031R8, NUCLEO-U083RC, NUCLEO-U385RG-Q, NUCLEO-U545RE-Q, NUCLEO-U5A5ZJ-Q, NUCLEO-WB05KZ, NUCLEO-WB07CC, NUCLEO-WB09KE, NUCLEO-WBA52CG, NUCLEO-WBA55CG, NUCLEO-WL33CC1, NUCLEO-WL33CC2, STEVAL-PROTEUS1, STEVAL-SMARTAG2, STEVAL-STWINBX1, STM320518-EVAL, STM32C0116-DK, STM32C011D6Y3TR, STM32C011D6Y6TR, STM32C011F4P3, STM32C011F4P6, STM32C011F4U3, STM32C011F4U6TR, STM32C011F6P3, STM32C011F6P6, STM32C011F6U3, STM32C011F6U6TR, STM32C011J4M3, STM32C011J4M6, STM32C011J6M3, STM32C011J6M6, STM32C0316-DK, STM32C031C4T3, STM32C031C4T6, STM32C031C4U3, STM32C031C4U6, STM32C031C6T3, STM32C031C6T6, STM32C031C6U3, STM32C031C6U6, STM32C031F4P3, STM32C031F4P6, STM32C031F6P3, STM32C031F6P6, STM32C031G4U3, STM32C031G4U6, STM32C031G6U3, STM32C031G6U6, STM32C031K4T3, STM32C031K4T6, STM32C031K4U3, STM32C031K4U6, STM32C031K6T3, STM32C031K6T6, STM32C031K6U3, STM32C031K6U6, STM32C051C6T6, STM32C051C6U6, STM32C051C8T6, STM32C051C8U6, STM32C051D8Y6TR, STM32C051F6P6, STM32C051F8P6, STM32C051G6U6, STM32C051G8U6, STM32C051K6T6, STM32C051K6U6, STM32C051K8T6, STM32C071C8T6, STM32C071C8T6N, STM32C071C8U6, STM32C071C8U6N, STM32C071CBT6, STM32C071CBT6N, STM32C071CBU6, STM32C071CBU6N, STM32C071F8P6, STM32C071F8P6N, STM32C071FBP6, STM32C071FBP6N, STM32C071FBY6TR, STM32C071G8U6, STM32C071G8U6N, STM32C071GBU6, STM32C071GBU6N, STM32C071K8T6, STM32C071K8T6N, STM32C071K8U6, STM32C071K8U6N, STM32C071KBT6, STM32C071KBT6N, STM32C071KBU6, STM32C071KBU6N, STM32C071R8T6, STM32C071R8T6N, STM32C071RBI6N, STM32C071RBT6, STM32C071RBT6N, STM32C091CBT6, STM32C091CBU6, STM32C091CCT6, STM32C091CCU6, STM32C091ECY6TR, STM32C091FBP6, STM32C091FCP6, STM32C091GBU6, STM32C091GCU6, STM32C091KBT6, STM32C091KBU6, STM32C091KCT6, STM32C091KCU6, STM32C091RBT6, STM32C091RCI6, STM32C091RCT6, STM32C092CBT6, STM32C092CBU6, STM32C092CCT6, STM32C092CCU6, STM32C092ECY6TR, STM32C092FBP6, STM32C092FCP6, STM32C092GBU6, STM32C092GCU6, STM32C092KBT6, STM32C092KBU6, STM32C092KCT6, STM32C092KCU6, STM32C092RBT6, STM32C092RCI6, STM32C092RCT6, STM32G071K8TXN, STM32G071K8UXN, STM32G081GBU6N, STM32G081KBT6N, STM32G081KBUXN, STM32G0B1CCT6N, STM32G0B1KCT6, STM32G0B1NEY6TR, STM32G0B1RCT6N, STM32G0C1CCT6, STM32G0C1CCT6N, STM32G0C1CCU6N, STM32G0C1CET6N, STM32G0C1CEU6N, STM32G0C1KCT6, STM32G0C1NEY6TR, STM32G0C1RCI6N, STM32G0C1RCT6N, STM32G0C1REI6N, STM32G0C1RET6N, STM32G0C1VCI6, STM32G0C1VEI6, STM32G411C6T3, STM32G411C6T6, STM32G411C6U3, STM32G411C6U6, STM32G411C8T3, STM32G411C8T6, STM32G411C8U3, STM32G411C8U6, STM32G411CBT3, STM32G411CBT6, STM32G411CBU3, STM32G411CBU6, STM32G411K6T3, STM32G411K6T6, STM32G411K6U3, STM32G411K6U6, STM32G411K8T3, STM32G411K8T6, STM32G411K8U3, STM32G411K8U6, STM32G411KBT3, STM32G411KBT6, STM32G411KBU3, STM32G411KBU6, STM32G411M6T3, STM32G411M6T6, STM32G411M8T3, STM32G411M8T6, STM32G411MBT3, STM32G411MBT6, STM32G411R6T3, STM32G411R6T6, STM32G411R8T3, STM32G411R8T6, STM32G411RBT3, STM32G411RBT6, STM32G414CBT3, STM32G414CBT6, STM32G414CBU3, STM32G414CBU6, STM32G414CCT3, STM32G414CCT6, STM32G414CCU3, STM32G414CCU6, STM32G414MBT3, STM32G414MBT6, STM32G414MCT3, STM32G414MCT6, STM32G414RBT3, STM32G414RBT6, STM32G414RCT3, STM32G414RCT6, STM32G414VBT3, STM32G414VBT6, STM32G414VCT3, STM32G414VCT6, STM32G431CBT3Z, STM32G431RBT3Z, STM32G471CCT6, STM32G471CCU6, STM32G471CET3, STM32G471CET6, STM32G471CEU3, STM32G471CEU6, STM32G471MCT6, STM32G471MET3, STM32G471MET6, STM32G471MEY6TR, STM32G471QCT6, STM32G471QET3, STM32G471RCT6, STM32G471RET3, STM32G471RET6, STM32G471VCH6, STM32G471VCI6, STM32G471VCT6, STM32G471VEH3, STM32G471VEH6, STM32G471VEI3, STM32G471VEI6, STM32G471VET3, STM32G471VET6, STM32G473QET3Z, STM32G473RET3Z, STM32G474CCT6, STM32G491RET3Z, STM32H503CBT6, STM32H503CBU6, STM32H503EBY6TR, STM32H503KBU6, STM32H503RBT6, STM32H523CCT6, STM32H523CCU6, STM32H523CET6, STM32H523CEU6, STM32H523HEY6TR, STM32H523RCT6, STM32H523RET6, STM32H523VCI6, STM32H523VCT6, STM32H523VEI6, STM32H523VET6, STM32H523ZCJ6, STM32H523ZCT6, STM32H523ZEJ6, STM32H523ZET6, STM32H533CET6, STM32H533CEU6, STM32H533HEY6TR, STM32H533RET6, STM32H533VEI6, STM32H533VET6, STM32H533ZEJ6, STM32H533ZET6, STM32H562AGI6, STM32H562AII6, STM32H562IGK6, STM32H562IGT6, STM32H562IIK6, STM32H562IIT6, STM32H562RGT6, STM32H562RGV6, STM32H562RIT6, STM32H562RIV6, STM32H562VGT6, STM32H562VIT6, STM32H562ZGT6, STM32H562ZIT6, STM32H563AGI6, STM32H563AII3Q, STM32H563AII6, STM32H563IGK6, STM32H563IGT6, STM32H563IIK3Q, STM32H563IIK6, STM32H563IIT3Q, STM32H563IIT6, STM32H563MIY3QTR, STM32H563RGT6, STM32H563RGV6, STM32H563RIT6, STM32H563RIV6, STM32H563VGT6, STM32H563VIT3Q, STM32H563VIT6, STM32H563ZGT6, STM32H563ZIT3Q, STM32H563ZIT6, STM32H573AII3Q, STM32H573AII6, STM32H573I-DK, STM32H573IIK3Q, STM32H573IIK6, STM32H573IIT3Q, STM32H573IIT6, STM32H573MIY3QTR, STM32H573RIT6, STM32H573RIV6, STM32H573VIT3Q, STM32H573VIT6, STM32H573ZIT3Q, STM32H573ZIT6, STM32H7R3A8I6, STM32H7R3I8K6, STM32H7R3I8T6, STM32H7R3L8H6, STM32H7R3L8H6H, STM32H7R3R8V6, STM32H7R3V8H6, STM32H7R3V8T6, STM32H7R3V8Y6TR, STM32H7R3Z8J6, STM32H7R3Z8T6, STM32H7R7A8I6, STM32H7R7I8K6, STM32H7R7I8T6, STM32H7R7L8H6, STM32H7R7L8H6H, STM32H7R7Z8J6, STM32H7S3A8I6, STM32H7S3I8K6, STM32H7S3I8T6, STM32H7S3L8H6, STM32H7S3L8H6H, STM32H7S3R8V6, STM32H7S3V8H6, STM32H7S3V8T6, STM32H7S3V8Y6TR, STM32H7S3Z8J6, STM32H7S3Z8T6, STM32H7S78-DK, STM32H7S7A8I6, STM32H7S7I8K6, STM32H7S7I8T6, STM32H7S7L8H6, STM32H7S7L8H6H, STM32H7S7Z8J6, STM32L4R5QGI6STR, STM32MP131AAE3, STM32MP131AAF3, STM32MP131AAG3, STM32MP131CAE3, STM32MP131CAF3, STM32MP131CAG3, STM32MP131DAE7, STM32MP131DAF7, STM32MP131DAG7, STM32MP131FAE7, STM32MP131FAF7, STM32MP131FAG7, STM32MP133AAE3, STM32MP133AAF3, STM32MP133AAG3, STM32MP133CAE3, STM32MP133CAF3, STM32MP133CAG3, STM32MP133DAE7, STM32MP133DAF7, STM32MP133DAG7, STM32MP133FAE7, STM32MP133FAF7, STM32MP133FAG7, STM32MP135AAE3, STM32MP135AAF3, STM32MP135AAG3, STM32MP135CAE3, STM32MP135CAF3, STM32MP135CAG3, STM32MP135DAE7, STM32MP135DAF7, STM32MP135DAG7, STM32MP135F-DK, STM32MP135FAE7, STM32MP135FAF7, STM32MP135FAF7T, STM32MP135FAF7U, STM32MP135FAG7, STM32MP211AAL3, STM32MP211AAM3, STM32MP211AAN3, STM32MP211AAO3, STM32MP211CAL3, STM32MP211CAM3, STM32MP211CAN3, STM32MP211CAO3, STM32MP211DAL3, STM32MP211DAM3, STM32MP211DAN3, STM32MP211DAO3, STM32MP211FAL3, STM32MP211FAM3, STM32MP211FAN3, STM32MP211FAO3, STM32MP213AAL3, STM32MP213AAM3, STM32MP213AAN3, STM32MP213AAO3, STM32MP213CAL3, STM32MP213CAM3, STM32MP213CAN3, STM32MP213CAO3, STM32MP213DAL3, STM32MP213DAM3, STM32MP213DAN3, STM32MP213DAO3, STM32MP213FAL3, STM32MP213FAM3, STM32MP213FAN3, STM32MP213FAO3, STM32MP215AAL3, STM32MP215AAM3, STM32MP215AAN3, STM32MP215AAO3, STM32MP215CAL3, STM32MP215CAM3, STM32MP215CAN3, STM32MP215CAO3, STM32MP215DAL3, STM32MP215DAM3, STM32MP215DAN3, STM32MP215DAO3, STM32MP215F-DK, STM32MP215FAL3, STM32MP215FAM3, STM32MP215FAN3, STM32MP215FAO3, STM32MP231AAJ3, STM32MP231AAK3, STM32MP231AAL3, STM32MP231CAJ3, STM32MP231CAK3, STM32MP231CAL3, STM32MP231DAJ3, STM32MP231DAK3, STM32MP231DAL3, STM32MP231FAJ3, STM32MP231FAK3, STM32MP231FAL3, STM32MP233AAJ3, STM32MP233AAK3, STM32MP233AAL3, STM32MP233CAJ3, STM32MP233CAK3, STM32MP233CAL3, STM32MP233DAJ3, STM32MP233DAK3, STM32MP233DAL3, STM32MP233FAJ3, STM32MP233FAK3, STM32MP233FAL3, STM32MP235AAJ3, STM32MP235AAK3, STM32MP235AAL3, STM32MP235CAJ3, STM32MP235CAK3, STM32MP235CAL3, STM32MP235DAJ3, STM32MP235DAK3, STM32MP235DAL3, STM32MP235FAJ3, STM32MP235FAK3, STM32MP235FAL3, STM32MP251AAI3, STM32MP251AAK3, STM32MP251AAL3, STM32MP251CAI3, STM32MP251CAK3, STM32MP251CAL3, STM32MP251DAI3, STM32MP251DAK3, STM32MP251DAL3, STM32MP251FAI3, STM32MP251FAK3, STM32MP251FAL3, STM32MP253AAI3, STM32MP253AAK3, STM32MP253AAL3, STM32MP253CAI3, STM32MP253CAK3, STM32MP253CAL3, STM32MP253DAI3, STM32MP253DAK3, STM32MP253DAL3, STM32MP253FAI3, STM32MP253FAK3, STM32MP253FAL3, STM32MP255AAI3, STM32MP255AAK3, STM32MP255AAL3, STM32MP255CAI3, STM32MP255CAK3, STM32MP255CAL3, STM32MP255DAI3, STM32MP255DAK3, STM32MP255DAL3, STM32MP255FAI3, STM32MP255FAK3, STM32MP255FAL3, STM32MP257AAI3, STM32MP257AAK3, STM32MP257AAL3, STM32MP257CAI3, STM32MP257CAK3, STM32MP257CAL3, STM32MP257DAI3, STM32MP257DAK3, STM32MP257DAL3, STM32MP257F-DK, STM32MP257F-EV1, STM32MP257FAI3, STM32MP257FAK3, STM32MP257FAL3, STM32N645A0H3Q, STM32N645B0H3Q, STM32N645I0H3Q, STM32N645L0H3Q, STM32N645X0H3Q, STM32N645Z0H3Q, STM32N647A0H3Q, STM32N647B0H3Q, STM32N647I0H3Q, STM32N647L0H3Q, STM32N647X0H3Q, STM32N647Z0H3Q, STM32N655A0H3Q, STM32N655B0H3Q, STM32N655I0H3Q, STM32N655L0H3Q, STM32N655X0H3Q, STM32N655Z0H3Q, STM32N6570-DK, STM32N657A0H3Q, STM32N657B0H3Q, STM32N657I0H3Q, STM32N657L0H3Q, STM32N657X0H3Q, STM32N657Z0H3Q, STM32U031C6T6, STM32U031C6U6, STM32U031C8T6, STM32U031C8U6, STM32U031F4P6, STM32U031F6P6, STM32U031F8P6, STM32U031G6Y6TR, STM32U031G8Y6TR, STM32U031K4U6, STM32U031K6U6, STM32U031K8U6, STM32U031R6I6, STM32U031R6T6, STM32U031R8I6, STM32U031R8T6, STM32U073C8T6, STM32U073C8U6, STM32U073CBT6, STM32U073CBU6, STM32U073CCT6, STM32U073CCU6, STM32U073H8Y6TR, STM32U073HBY6TR, STM32U073HCY6TR, STM32U073K8U6, STM32U073KBU6, STM32U073KCU6, STM32U073M8I6, STM32U073M8T6, STM32U073MBI6, STM32U073MBT6, STM32U073MCI6, STM32U073MCT6, STM32U073R8I6, STM32U073R8T6, STM32U073RBI6, STM32U073RBT6, STM32U073RCI6, STM32U073RCT6, STM32U083C-DK, STM32U083CCT6, STM32U083CCU6, STM32U083HCY6TR, STM32U083KCU6, STM32U083MCI6, STM32U083MCT6, STM32U083RCI6, STM32U083RCT6, STM32U375CET6, STM32U375CET6Q, STM32U375CEU6, STM32U375CEU6Q, STM32U375CEY6QTR, STM32U375CGT6, STM32U375CGT6Q, STM32U375CGU6, STM32U375CGU6Q, STM32U375CGY6QTR, STM32U375KEU6, STM32U375KGU6, STM32U375REI6, STM32U375REI6Q, STM32U375RET6, STM32U375RET6Q, STM32U375REY6GTR, STM32U375REY6QTR, STM32U375RGI6, STM32U375RGI6Q, STM32U375RGT6, STM32U375RGT6Q, STM32U375RGY6GTR, STM32U375RGY6QTR, STM32U375VEI6, STM32U375VEI6Q, STM32U375VET6, STM32U375VET6Q, STM32U375VGI6, STM32U375VGI6Q, STM32U375VGT6, STM32U375VGT6Q, STM32U385CGT6, STM32U385CGT6Q, STM32U385CGU6, STM32U385CGU6Q, STM32U385CGY6QTR, STM32U385KGU6, STM32U385RGI6, STM32U385RGI6Q, STM32U385RGT6, STM32U385RGT6Q, STM32U385RGY6GTR, STM32U385RGY6QTR, STM32U385VGI6, STM32U385VGI6Q, STM32U385VGT6, STM32U385VGT6Q, STM32U535CBT6, STM32U535CBT6Q, STM32U535CBU6, STM32U535CBU6Q, STM32U535CCT6, STM32U535CCT6Q, STM32U535CCU6, STM32U535CCU6Q, STM32U535CET6, STM32U535CET6Q, STM32U535CEU6, STM32U535CEU6Q, STM32U535JEY6QTR, STM32U535NCY6QTR, STM32U535NEY6QTR, STM32U535RBI6, STM32U535RBI6Q, STM32U535RBT6, STM32U535RBT6Q, STM32U535RCI6, STM32U535RCI6Q, STM32U535RCT6, STM32U535RCT6Q, STM32U535REI6, STM32U535REI6Q, STM32U535RET6, STM32U535RET6Q, STM32U535VCI6, STM32U535VCI6Q, STM32U535VCT6, STM32U535VCT6Q, STM32U535VEI6, STM32U535VEI6Q, STM32U535VET6, STM32U535VET6Q, STM32U545CET6, STM32U545CET6Q, STM32U545CEU6, STM32U545CEU6Q, STM32U545JEY6QTR, STM32U545NEY6QTR, STM32U545REI6, STM32U545REI6Q, STM32U545RET6, STM32U545RET6Q, STM32U545VEI6, STM32U545VEI6Q, STM32U545VET6, STM32U545VET6Q, STM32U595AIH6, STM32U595AIH6Q, STM32U595AJH6, STM32U595AJH6Q, STM32U595QII6, STM32U595QII6Q, STM32U595QJI6, STM32U595QJI6Q, STM32U595RIT6, STM32U595RIT6Q, STM32U595RJT6, STM32U595RJT6Q, STM32U595VIT6, STM32U595VIT6Q, STM32U595VJT6, STM32U595VJT6Q, STM32U595ZIT6, STM32U595ZIT6Q, STM32U595ZIY6QTR, STM32U595ZJT6, STM32U595ZJT6Q, STM32U595ZJY6QTR, STM32U599BJY6QTR, STM32U599NIH6Q, STM32U599NJH6Q, STM32U599VIT6Q, STM32U599VJT6, STM32U599VJT6Q, STM32U599ZIT6Q, STM32U599ZIY6QTR, STM32U599ZJT6Q, STM32U599ZJY6QTR, STM32U5A5AJH6, STM32U5A5AJH6Q, STM32U5A5QII3Q , STM32U5A5QJI6, STM32U5A5QJI6Q, STM32U5A5RJT6, STM32U5A5RJT6Q, STM32U5A5VJT6, STM32U5A5VJT6Q, STM32U5A5ZJT6, STM32U5A5ZJT6Q, STM32U5A5ZJY6QTR, STM32U5A9BJY6QTR, STM32U5A9J-DK, STM32U5A9NJH6Q, STM32U5A9VJT6Q, STM32U5A9ZJT6Q, STM32U5A9ZJY6QTR, STM32U5F7VIT6, STM32U5F7VIT6Q, STM32U5F7VJT6, STM32U5F7VJT6Q, STM32U5F9BJY6QTR, STM32U5F9NJH6Q, STM32U5F9VIT6Q, STM32U5F9VJT6Q, STM32U5F9ZIJ6QTR, STM32U5F9ZIT6Q, STM32U5F9ZJJ6QTR, STM32U5F9ZJT6Q, STM32U5G7VJT6, STM32U5G7VJT6Q, STM32U5G9BJY6QTR, STM32U5G9J-DK1, STM32U5G9J-DK2, STM32U5G9NJH6Q, STM32U5G9VJT6Q, STM32U5G9ZJJ6QTR, STM32U5G9ZJT6Q, STM32WB05KZV6TR, STM32WB05KZV7TR, STM32WB05TZF6TR, STM32WB05TZF7TR, STM32WB06CCF6TR, STM32WB06CCF7TR, STM32WB06CCV6TR, STM32WB06CCV7TR, STM32WB06KCV6TR, STM32WB06KCV7TR, STM32WB07CCF6TR, STM32WB07CCF7TR, STM32WB07CCV6TR, STM32WB07CCV7TR, STM32WB07KCV6TR, STM32WB07KCV7TR, STM32WB09KEV6TR, STM32WB09KEV7TR, STM32WB09TEF6TR, STM32WB09TEF7TR, STM32WB1MMCH6, STM32WBA50KGU6, STM32WBA50KGU6TR, STM32WBA52CEU6, STM32WBA52CEU6TR, STM32WBA52CEU7, STM32WBA52CEU7TR, STM32WBA52CGU6, STM32WBA52CGU6TR, STM32WBA52CGU6U, STM32WBA52CGU7, STM32WBA52CGU7TR, STM32WBA52KEU6, STM32WBA52KEU6TR, STM32WBA52KGU6, STM32WBA52KGU6TR, STM32WBA54CEU6, STM32WBA54CEU6TR, STM32WBA54CEU7, STM32WBA54CEU7TR, STM32WBA54CGU6, STM32WBA54CGU6TR, STM32WBA54CGU7, STM32WBA54CGU7TR, STM32WBA54KEU6, STM32WBA54KEU6TR, STM32WBA54KEU7, STM32WBA54KEU7TR, STM32WBA54KGU6, STM32WBA54KGU6TR, STM32WBA54KGU7, STM32WBA54KGU7TR, STM32WBA55CEU6, STM32WBA55CEU6TR, STM32WBA55CEU7, STM32WBA55CEU7TR, STM32WBA55CGU6, STM32WBA55CGU6TR, STM32WBA55CGU6U, STM32WBA55CGU7, STM32WBA55CGU7TR, STM32WBA55G-DK1, STM32WBA55HEF6, STM32WBA55HEF7, STM32WBA55HGF6, STM32WBA55HGF7, STM32WBA55UEI6, STM32WBA55UEI6TR, STM32WBA55UEI7, STM32WBA55UEI7TR, STM32WBA55UGI6, STM32WBA55UGI6TR, STM32WBA55UGI7, STM32WBA55UGI7TR, STM32WBA5MMGH6TR, STM32WBA62MGF6, STM32WBA62MIF6, STM32WBA65MGF7, STM32WBA65MIF6, STM32WBA65MIF7, STM32WL30K8V6, STM32WL30KBV6, STM32WL31C8V6, STM32WL31CBV6, STM32WL31K8V6, STM32WL31KBV6, STM32WL33C8V6, STM32WL33C8V6X, STM32WL33CBV6, STM32WL33CBV6X, STM32WL33CCV6, STM32WL33CCV6A, STM32WL33CCV6X, STM32WL33K8V7, STM32WL33K8V7X, STM32WL33KBV7 , STM32WL33KBV7X, STM32WL33KCV7, STM32WL33KCV7X, STM32WL5MOCH6, STM32WL5MOCH6TR]
2025-12-04 10:49:29,997 [INFO] BoardInfo:889 - No configuration file found for board P-NUCLEO-WB55
2025-12-04 10:49:29,998 [INFO] DbBoards:161 - Kit is not supported: P-NUCLEO-WB55
2025-12-04 10:49:30,005 [INFO] BoardInfo:889 - No configuration file found for board STEVAL-BFA001V1B
2025-12-04 10:49:30,006 [INFO] DbBoards:161 - Kit is not supported: STEVAL-BFA001V1B
2025-12-04 10:49:30,007 [INFO] BoardInfo:889 - No configuration file found for board STEVAL-BFA001V2B
2025-12-04 10:49:30,009 [INFO] DbBoards:161 - Kit is not supported: STEVAL-BFA001V2B
2025-12-04 10:49:30,203 [INFO] DbBoards:168 - Found 212 boards, 209 are supported
2025-12-04 10:49:30,203 [INFO] DbBoards:169 - Found 212 boards, 43 of them is supported for  Bsp
2025-12-04 10:49:30,205 [INFO] ApiDb:423 - Load user favorites file C:\Users\Matyas/.stm32cubeide/favorites.boards.txt: 0 item(s)
2025-12-04 10:49:30,205 [INFO] ApiDb:427 - User favorites Boards=[]
2025-12-04 10:49:30,205 [INFO] DbBoards:198 - Set 0 / 0 favorites Boards
2025-12-04 10:49:30,225 [INFO] LoadUrlFilesThread:185 - End of LoadServerUrlFiles without Thread
2025-12-04 10:49:30,225 [INFO] TargetSelectorAdapter:259 - Refresh data is successful
2025-12-04 10:49:30,227 [INFO] ApiDb:668 - CubeFinder database Data Model version=2.1
2025-12-04 10:49:30,227 [INFO] ApiDb:669 - CubeFinder database Configuration version=3.0.39
2025-12-04 10:49:30,227 [INFO] ApiDb:670 - CubeFinder database generation date=2025-11-05 (1762334721)
2025-12-04 10:49:30,227 [INFO] ApiDb:671 - CubeFinder database FW Pack versions=[FP-ATR-ASTRA1_V2.0.0, FP-SNS-FLIGHT1_V5.1.0, FP-SNS-MOTENV1_V5.1.0, FP-SNS-MOTENVWB1_V1.4.0, FP-SNS-SMARTAG2_V1.2.0, FP-SNS-STBOX1_V2.1.0, STM32Cube_FW_C0_V1.4.0, STM32Cube_FW_F4_V1.28.3, STM32Cube_FW_F7_V1.17.4, STM32Cube_FW_G0_V1.6.2, STM32Cube_FW_G4_V1.6.1, STM32Cube_FW_H5_V1.5.1, STM32Cube_FW_H7RS_V1.3.0, STM32Cube_FW_H7_V1.12.1, STM32Cube_FW_L0_V1.12.2, STM32Cube_FW_L4_V1.18.1, STM32Cube_FW_L5_V1.6.0, STM32Cube_FW_N6_V1.3.0, STM32Cube_FW_U0_V1.3.0, STM32Cube_FW_U3_V1.2.1, STM32Cube_FW_U5_V1.8.0, STM32Cube_FW_WB0_V1.4.0, STM32Cube_FW_WBA_V1.8.0, STM32Cube_FW_WB_V1.24.0, STM32Cube_FW_WL3_V1.3.0, STM32Cube_FW_WL_V1.4.0, X-CUBE-ALGOBUILD_V1.4.0, X-CUBE-ALS_V1.0.2, X-CUBE-AZRTOS-F4_V1.1.0, X-CUBE-AZRTOS-F7_V1.1.0, X-CUBE-AZRTOS-G0_V1.1.0, X-CUBE-AZRTOS-G4_V2.0.0, X-CUBE-AZRTOS-H7RS_V1.1.0, X-CUBE-AZRTOS-H7_V3.4.0, X-CUBE-AZRTOS-L4_V2.0.0, X-CUBE-AZRTOS-L5_V2.0.0, X-CUBE-AZRTOS-WB_V2.0.0, X-CUBE-AZRTOS-WL_V2.0.0, X-CUBE-BLE1_V7.1.0, X-CUBE-BLE2_V3.3.0, X-CUBE-BLEMGR_V4.1.0, X-CUBE-EEPRMA1_V5.2.0, X-CUBE-FREERTOS_V1.3.1, X-CUBE-GNSS1_V6.0.0, X-CUBE-MEMS1_V11.3.0, X-CUBE-NFC4_V3.0.0, X-CUBE-NFC7_V2.0.0, X-CUBE-SFXS2LP1_V4.0.0, X-CUBE-ST67W61_V1.1.0, X-CUBE-SUBG2_V5.0.0, X-CUBE-TOF1_V3.4.3]
2025-12-04 10:49:30,714 [ERROR] DbExamplesSqlite:437 - Missing JSON key: board_cpn
2025-12-04 10:49:30,715 [ERROR] DbExamplesSqlite:437 - Missing JSON key: board_cpn
2025-12-04 10:49:30,715 [ERROR] DbExamplesSqlite:437 - Missing JSON key: board_cpn
2025-12-04 10:49:30,715 [ERROR] DbExamplesSqlite:437 - Missing JSON key: board_cpn
2025-12-04 10:49:30,931 [ERROR] DbExamplesSqlite:437 - Missing JSON key: board_cpn
2025-12-04 10:49:30,933 [ERROR] DbExamplesSqlite:437 - Missing JSON key: board_cpn
2025-12-04 10:49:30,940 [INFO] DbExamplesSqlite:395 - Ignored 42 examples not supported by CubeIDE
2025-12-04 10:49:30,940 [INFO] DbExamplesSqlite:396 - Found 10883 examples active
2025-12-04 10:49:30,940 [INFO] DbExamplesSqlite:397 - Found 0 examples obsolete
2025-12-04 10:49:30,940 [INFO] DbExamplesSqlite:398 - Found 0 examples under development
2025-12-04 10:49:30,941 [INFO] DbExamplesSqlite:399 - Found 85 examples not building
2025-12-04 10:49:30,943 [INFO] DbExamples:125 - Found 10926 examples
2025-12-04 10:49:30,971 [ERROR] DbExamples:208 - Found 73 examples with invalid data (board or MCU)
2025-12-04 10:49:30,972 [INFO] DbExamples:222 - Found 134 boards with related examples
2025-12-04 10:49:31,001 [INFO] DbExamples:235 - Found 111 MCUs with related examples
2025-12-04 10:49:31,018 [INFO] ApiDb:414 - User favorites file not found: C:\Users\Matyas/.stm32cubeide/favorites.examples.txt
2025-12-04 10:49:31,019 [INFO] DbExamples:250 - Set 0 / 0 favorites Examples
2025-12-04 10:49:31,133 [INFO] McuFinderGlobals:76 - Set McuFinderConnectedMode to true
2025-12-04 10:49:31,139 [INFO] MultiScanPanel:200 - Auto-refresh data requested => check proxy status ongoing
2025-12-04 10:49:31,141 [INFO] FinderPluginLoader:96 - Searching for filters in installed packs
2025-12-04 10:49:32,466 [INFO] LoadUrlFilesThread:185 - End of LoadServerUrlFiles without Thread
2025-12-04 10:49:32,486 [INFO] DetailPanel:341 - Set advertising image to C:/Users/Matyas/STM32Cube/Repository/\en.mcu-finder-preevent.jpg
2025-12-04 10:50:31,874 [INFO] MainUpdater:2872 - connection check result : 10
2025-12-04 10:50:31,874 [INFO] MainUpdater:2872 - connection check result : 10
2025-12-04 10:50:31,933 [INFO] MicroXplorer:468 - Change Database Path : 
2025-12-04 10:50:31,933 [INFO] MicroXplorer:498 - Change Database Version : DB.6.0.150
2025-12-04 10:50:31,986 [ERROR] ProjectManagerView:395 - 
java.lang.NullPointerException: Cannot invoke "javax.swing.JTextField.getText()" because the return value of "java.util.List.get(int)" is null
	at com.st.microxplorer.plugins.projectmanager.gui.ProjectChoiceTab$9.caretUpdate(ProjectChoiceTab.java:2706) ~[filemanager.jar:?]
	at javax.swing.text.JTextComponent.fireCaretUpdate(JTextComponent.java:408) ~[?:?]
	at javax.swing.text.JTextComponent$MutableCaretEvent.fire(JTextComponent.java:4484) ~[?:?]
	at javax.swing.text.JTextComponent$MutableCaretEvent.stateChanged(JTextComponent.java:4506) ~[?:?]
	at javax.swing.text.DefaultCaret.fireStateChanged(DefaultCaret.java:857) ~[?:?]
	at javax.swing.text.DefaultCaret.changeCaretPosition(DefaultCaret.java:1343) ~[?:?]
	at javax.swing.text.DefaultCaret.handleSetDot(DefaultCaret.java:1242) ~[?:?]
	at javax.swing.text.DefaultCaret.setDot(DefaultCaret.java:1223) ~[?:?]
	at javax.swing.text.DefaultCaret$Handler.insertUpdate(DefaultCaret.java:1819) ~[?:?]
	at javax.swing.text.AbstractDocument.fireInsertUpdate(AbstractDocument.java:227) ~[?:?]
	at javax.swing.text.AbstractDocument.handleInsertString(AbstractDocument.java:781) ~[?:?]
	at javax.swing.text.AbstractDocument.insertString(AbstractDocument.java:740) ~[?:?]
	at javax.swing.text.PlainDocument.insertString(PlainDocument.java:131) ~[?:?]
	at javax.swing.text.AbstractDocument.replace(AbstractDocument.java:699) ~[?:?]
	at javax.swing.text.JTextComponent.setText(JTextComponent.java:1725) ~[?:?]
	at com.st.microxplorer.plugins.projectmanager.gui.ProjectChoiceTab.createHeapStackFields(ProjectChoiceTab.java:993) ~[filemanager.jar:?]
	at com.st.microxplorer.plugins.projectmanager.gui.ProjectChoiceTab.buildLinkSettingsPanel(ProjectChoiceTab.java:3813) ~[filemanager.jar:?]
	at com.st.microxplorer.plugins.projectmanager.gui.ProjectChoiceTab.defineWindowsFields(ProjectChoiceTab.java:1987) ~[filemanager.jar:?]
	at com.st.microxplorer.plugins.projectmanager.gui.ProjectChoiceTab.updateSettings(ProjectChoiceTab.java:558) ~[filemanager.jar:?]
	at com.st.microxplorer.plugins.projectmanager.gui.ProjectSettingsPanel.UpdateDialog(ProjectSettingsPanel.java:247) ~[filemanager.jar:?]
	at com.st.microxplorer.plugins.projectmanager.ProjectManagerView.propertyChange(ProjectManagerView.java:392) ~[filemanager.jar:?]
	at java.beans.PropertyChangeSupport.fire(PropertyChangeSupport.java:343) ~[?:?]
	at java.beans.PropertyChangeSupport.firePropertyChange(PropertyChangeSupport.java:335) ~[?:?]
	at java.beans.PropertyChangeSupport.firePropertyChange(PropertyChangeSupport.java:268) ~[?:?]
	at com.st.microxplorer.util.MXPropertyChangeSupport.firePropertyChange(MXPropertyChangeSupport.java:54) ~[STM32CubeMX.jar:?]
	at com.st.microxplorer.mxsystem.MxSystem.closeConfig(MxSystem.java:899) ~[STM32CubeMX.jar:?]
	at com.st.microxplorer.maingui.MainPanel.closeConfig(MainPanel.java:792) ~[STM32CubeMX.jar:?]
	at com.st.microxplorer.plugins.filemanager.engine.OpenFileManager.loadConfigurationFile(OpenFileManager.java:288) ~[filemanager.jar:?]
	at com.st.microxplorer.plugins.filemanager.engine.MainFileManager.userLoadConfig(MainFileManager.java:364) ~[filemanager.jar:?]
	at com.st.microxplorer.plugins.filemanager.engine.MainFileManager.userLoadConfig(MainFileManager.java:342) ~[filemanager.jar:?]
	at com.st.microxplorer.plugins.filemanager.FileManagerView.getSpecificTask(FileManagerView.java:264) ~[filemanager.jar:?]
	at com.st.stm32cube.common.mx.editor.CubeMxEditor.getMxTabbedPaneInstance(CubeMxEditor.java:1198) ~[com.st.stm32cube.common.mx_6.15.0.202507011659/:?]
	at com.st.stm32cube.common.mx.editor.CubeMxEditor$12$1.createSwingComponent(CubeMxEditor.java:1068) ~[com.st.stm32cube.common.mx_6.15.0.202507011659/:?]
	at com.st.stm32cube.common.mx.oss.core.awtswtbridge.EmbeddedSwingComposite.doComponentCreation(EmbeddedSwingComposite.java:492) ~[com.st.stm32cube.common.mx.oss_6.15.0.202507011659/:?]
	at com.st.stm32cube.common.mx.oss.core.awtswtbridge.EmbeddedSwingComposite$4.run(EmbeddedSwingComposite.java:291) ~[com.st.stm32cube.common.mx.oss_6.15.0.202507011659/:?]
	at com.st.stm32cube.common.mx.oss.core.awtswtbridge.AwtEnvironment$2.run(AwtEnvironment.java:166) ~[com.st.stm32cube.common.mx.oss_6.15.0.202507011659/:?]
	at java.awt.event.InvocationEvent.dispatch(InvocationEvent.java:318) ~[?:?]
	at java.awt.EventQueue.dispatchEventImpl(EventQueue.java:773) ~[?:?]
	at java.awt.EventQueue$4.run(EventQueue.java:720) ~[?:?]
	at java.awt.EventQueue$4.run(EventQueue.java:714) ~[?:?]
	at java.security.AccessController.doPrivileged(AccessController.java:400) ~[?:?]
	at java.security.ProtectionDomain$JavaSecurityAccessImpl.doIntersectionPrivilege(ProtectionDomain.java:87) ~[?:?]
	at java.awt.EventQueue.dispatchEvent(EventQueue.java:742) ~[?:?]
	at java.awt.EventDispatchThread.pumpOneEventForFilters(EventDispatchThread.java:203) ~[?:?]
	at java.awt.EventDispatchThread.pumpEventsForFilter(EventDispatchThread.java:124) ~[?:?]
	at java.awt.EventDispatchThread.pumpEventsForHierarchy(EventDispatchThread.java:113) ~[?:?]
	at java.awt.EventDispatchThread.pumpEvents(EventDispatchThread.java:109) ~[?:?]
	at java.awt.EventDispatchThread.pumpEvents(EventDispatchThread.java:101) ~[?:?]
	at java.awt.EventDispatchThread.run(EventDispatchThread.java:90) ~[?:?]
2025-12-04 10:50:31,989 [WARN] ThirdParty:871 - waiting for thirdparty lock release [close project]
2025-12-04 10:50:31,989 [INFO] ThirdParty:873 - entering critical section [close project]
2025-12-04 10:50:31,989 [INFO] ThirdParty:883 - exiting critical section [close project]
2025-12-04 10:50:31,992 [INFO] PinOutPanel:1589 - setPackage(No Configuration,No Configuration)
2025-12-04 10:50:32,012 [WARN] IpParametersView:155 - Warning: This peripheral hasn't parameters
2025-12-04 10:50:32,023 [WARN] MainPanel:289 - <html><b><center>Warning: This peripheral has no parameters to be configured<br></b></html>
2025-12-04 10:50:32,031 [INFO] UtilMem:75 - Begin LoadConfig() Used Memory: 845007104 Bytes (1073741824)
2025-12-04 10:50:32,032 [INFO] MicroXplorer:468 - Change Database Path : 
2025-12-04 10:50:32,032 [INFO] MicroXplorer:498 - Change Database Version : DB.6.0.150
2025-12-04 10:50:32,032 [INFO] OpenFileManager:355 - Change cursor
2025-12-04 10:50:32,066 [INFO] RulesReader:64 - Compatibility file has been processed (317 Rules)
2025-12-04 10:50:32,179 [INFO] Mcu:2029 - Initializing MCU STM32F401CDUx STM32F401CDUx STM32F401CDU6
2025-12-04 10:50:33,192 [INFO] Context:786 - Trying to add GPIOservice into a context  which must be forbidden
2025-12-04 10:50:33,536 [INFO] ImportTextPane:234 - (OptionalMessage_ERROR) Unable to find key (Mcu.ThirdPartyNb) in loaded IOC file
2025-12-04 10:50:33,537 [INFO] ImportTextPane:234 - (OptionalMessage_ERROR) Unable to find key (Mcu.PinsNb) in loaded IOC file
2025-12-04 10:50:33,537 [INFO] ImportTextPane:234 - (OptionalMessage_ERROR) Pin0 (VP_RIF_VS_RIF1) cannot be retrieved for this MCU
2025-12-04 10:50:33,537 [INFO] ImportTextPane:234 - (OptionalMessage_ERROR) Unable to find key (Mcu.IPNb) in loaded IOC file
2025-12-04 10:50:33,800 [INFO] RtosManager:558 - Registered RTOS mode: class=CMSIS, group=RTOS, mode=CMSIS_V1, owner=FREERTOS
2025-12-04 10:50:33,800 [INFO] RtosManager:558 - Registered RTOS mode: class=CMSIS, group=RTOS2, mode=CMSIS_V2, owner=FREERTOS
2025-12-04 10:50:33,801 [INFO] RtosManager:558 - Registered RTOS mode: class=RTOS, group=Core, mode=CMSIS_V1, owner=FREERTOS
2025-12-04 10:50:33,801 [INFO] RtosManager:558 - Registered RTOS mode: class=RTOS, group=Core, mode=CMSIS_V2, owner=FREERTOS
2025-12-04 10:50:33,801 [WARN] ModelIntegratedComponent:184 - Missing modes for component STMicroelectronics:FreeRTOS:0.0.1:STMicroelectronics:RTOS:FreeRTOS:Core:::10.2.0:
2025-12-04 10:50:33,807 [WARN] ModelIntegratedComponent:63 - No mode defined for component null
2025-12-04 10:50:33,809 [WARN] ModelIntegratedComponent:63 - No mode defined for component null
2025-12-04 10:50:33,809 [WARN] ModelIntegratedComponent:63 - No mode defined for component null
2025-12-04 10:50:33,809 [WARN] ModelIntegratedComponent:63 - No mode defined for component null
2025-12-04 10:50:33,809 [WARN] ModelIntegratedComponent:63 - No mode defined for component null
2025-12-04 10:50:33,809 [WARN] ModelIntegratedComponent:63 - No mode defined for component null
2025-12-04 10:50:33,809 [WARN] ModelIntegratedComponent:63 - No mode defined for component null
2025-12-04 10:50:33,809 [WARN] ModelIntegratedComponent:63 - No mode defined for component null
2025-12-04 10:50:33,809 [WARN] ModelIntegratedComponent:63 - No mode defined for component null
2025-12-04 10:50:33,809 [WARN] ModelIntegratedComponent:63 - No mode defined for component null
2025-12-04 10:50:33,809 [WARN] ModelIntegratedComponent:63 - No mode defined for component null
2025-12-04 10:50:33,809 [WARN] ModelIntegratedComponent:63 - No mode defined for component null
2025-12-04 10:50:33,809 [WARN] ModelIntegratedComponent:63 - No mode defined for component null
2025-12-04 10:50:33,809 [WARN] ModelIntegratedComponent:63 - No mode defined for component null
2025-12-04 10:50:33,809 [WARN] ModelIntegratedComponent:63 - No mode defined for component null
2025-12-04 10:50:33,809 [WARN] ModelIntegratedComponent:63 - No mode defined for component null
2025-12-04 10:50:33,809 [WARN] ModelIntegratedComponent:63 - No mode defined for component null
2025-12-04 10:50:33,809 [WARN] ModelIntegratedComponent:63 - No mode defined for component null
2025-12-04 10:50:33,809 [WARN] ModelIntegratedComponent:63 - No mode defined for component null
2025-12-04 10:50:33,810 [WARN] ModelIntegratedComponent:63 - No mode defined for component null
2025-12-04 10:50:33,810 [WARN] ModelIntegratedComponent:63 - No mode defined for component null
2025-12-04 10:50:33,810 [WARN] ModelIntegratedComponent:63 - No mode defined for component null
2025-12-04 10:50:33,810 [WARN] ModelIntegratedComponent:63 - No mode defined for component null
2025-12-04 10:50:33,810 [WARN] ModelIntegratedComponent:63 - No mode defined for component null
2025-12-04 10:50:33,810 [WARN] ModelIntegratedComponent:63 - No mode defined for component null
2025-12-04 10:50:33,810 [WARN] ModelIntegratedComponent:63 - No mode defined for component null
2025-12-04 10:50:33,810 [WARN] ModelIntegratedComponent:63 - No mode defined for component null
2025-12-04 10:50:33,810 [WARN] ModelIntegratedComponent:63 - No mode defined for component null
2025-12-04 10:50:33,810 [WARN] ModelIntegratedComponent:63 - No mode defined for component null
2025-12-04 10:50:33,810 [WARN] ModelIntegratedComponent:63 - No mode defined for component null
2025-12-04 10:50:33,810 [WARN] ModelIntegratedComponent:63 - No mode defined for component null
2025-12-04 10:50:33,810 [WARN] ModelIntegratedComponent:63 - No mode defined for component null
2025-12-04 10:50:33,810 [WARN] ModelIntegratedComponent:63 - No mode defined for component null
2025-12-04 10:50:33,810 [WARN] ModelIntegratedComponent:63 - No mode defined for component null
2025-12-04 10:50:33,810 [WARN] ModelIntegratedComponent:63 - No mode defined for component null
2025-12-04 10:50:33,810 [WARN] ModelPack:524 - Component already loaded: STMicroelectronics:HAL Drivers:0.0.0:STMicroelectronics:Device:STMicro_Driver:XSPI:HAL::0.0.1:HAL_XSPI
2025-12-04 10:50:33,828 [INFO] ThirdPartyModel:298 - Start build external matchings
2025-12-04 10:50:34,211 [INFO] ThirdPartyModel:316 - End build external matchings
2025-12-04 10:50:34,434 [INFO] UtilMem:75 - End LoadConfig() Used Memory: 853302960 Bytes (1073741824)
2025-12-04 10:50:34,459 [WARN] ThirdParty:833 - waiting for thirdparty lock release [change project]
2025-12-04 10:50:34,459 [INFO] ThirdParty:835 - entering critical section [change project]
2025-12-04 10:50:34,459 [INFO] ThirdParty:1030 - CMSIS Pack Vendor :STMicroelectronics X-CUBE-PM33A1 1.0.0
2025-12-04 10:50:34,459 [INFO] ThirdParty:1030 - CMSIS Pack Vendor :STMicroelectronics USBPD 4.1
2025-12-04 10:50:34,459 [INFO] ThirdParty:1030 - CMSIS Pack Vendor :STMicroelectronics X-CUBE-NFC9 1.0.0
2025-12-04 10:50:34,459 [INFO] ThirdParty:1030 - CMSIS Pack Vendor :STMicroelectronics USB_HOST 2.0.0
2025-12-04 10:50:34,459 [INFO] ThirdParty:1030 - CMSIS Pack Vendor :STMicroelectronics FP-SNS-MOTENVWB1 1.4.0
2025-12-04 10:50:34,459 [INFO] ThirdParty:1030 - CMSIS Pack Vendor :STMicroelectronics X-CUBE-AZRTOS-F4 1.1.0
2025-12-04 10:50:34,459 [INFO] ThirdParty:1030 - CMSIS Pack Vendor :STMicroelectronics LIBJPEG 8.0.0
2025-12-04 10:50:34,459 [INFO] ThirdParty:1030 - CMSIS Pack Vendor :STMicroelectronics FP-ATR-ASTRA1 2.0.2
2025-12-04 10:50:34,459 [INFO] ThirdParty:1030 - CMSIS Pack Vendor :wolfSSL I-CUBE-wolfSSL 5.8.2
2025-12-04 10:50:34,459 [INFO] ThirdParty:1030 - CMSIS Pack Vendor :STMicroelectronics X-CUBE-BLE1 7.1.0
2025-12-04 10:50:34,459 [INFO] ThirdParty:1030 - CMSIS Pack Vendor :STMicroelectronics X-CUBE-SMBUS 2.1.0
2025-12-04 10:50:34,459 [INFO] ThirdParty:1030 - CMSIS Pack Vendor :wolfSSL I-CUBE-wolfMQTT 1.19.2
2025-12-04 10:50:34,459 [INFO] ThirdParty:1030 - CMSIS Pack Vendor :STMicroelectronics USB_DEVICE 3.0.0
2025-12-04 10:50:34,459 [INFO] ThirdParty:1030 - CMSIS Pack Vendor :STMicroelectronics X-CUBE-ISPU 2.1.0
2025-12-04 10:50:34,459 [INFO] ThirdParty:1030 - CMSIS Pack Vendor :STMicroelectronics X-CUBE-FREERTOS 1.4.0
2025-12-04 10:50:34,459 [INFO] ThirdParty:1030 - CMSIS Pack Vendor :STMicroelectronics X-CUBE-EEPRMA1 5.2.0
2025-12-04 10:50:34,459 [INFO] ThirdParty:1030 - CMSIS Pack Vendor :STMicroelectronics X-CUBE-IPS 3.2.0
2025-12-04 10:50:34,459 [INFO] ThirdParty:1030 - CMSIS Pack Vendor :STMicroelectronics X-CUBE-BLEMGR 4.1.0
2025-12-04 10:50:34,459 [INFO] ThirdParty:1030 - CMSIS Pack Vendor :STMicroelectronics X-CUBE-AZRTOS-WB 2.0.0
2025-12-04 10:50:34,459 [INFO] ThirdParty:1030 - CMSIS Pack Vendor :Cesanta I-CUBE-Mongoose 7.20.0
2025-12-04 10:50:34,459 [INFO] ThirdParty:1030 - CMSIS Pack Vendor :STMicroelectronics X-CUBE-NFC12 1.0.0
2025-12-04 10:50:34,459 [INFO] ThirdParty:1030 - CMSIS Pack Vendor :STMicroelectronics X-CUBE-AZRTOS-F7 1.1.0
2025-12-04 10:50:34,459 [INFO] ThirdParty:1030 - CMSIS Pack Vendor :STMicroelectronics X-CUBE-AZRTOS-L5 2.0.0
2025-12-04 10:50:34,459 [INFO] ThirdParty:1030 - CMSIS Pack Vendor :STMicroelectronics USB_DEVICE 2.0.0
2025-12-04 10:50:34,459 [INFO] ThirdParty:1030 - CMSIS Pack Vendor :STMicroelectronics X-CUBE-NFC6 3.1.0
2025-12-04 10:50:34,459 [INFO] ThirdParty:1030 - CMSIS Pack Vendor :STMicroelectronics X-CUBE-ST67W61 1.1.0
2025-12-04 10:50:34,459 [INFO] ThirdParty:1030 - CMSIS Pack Vendor :quantropi X-CUBE-qispace-sdk-base 2.1.0
2025-12-04 10:50:34,459 [INFO] ThirdParty:1030 - CMSIS Pack Vendor :STMicroelectronics X-CUBE-MEMS1 12.0.0
2025-12-04 10:50:34,459 [INFO] ThirdParty:1030 - CMSIS Pack Vendor :STMicroelectronics FP-SNS-MOTENV1 5.1.0
2025-12-04 10:50:34,459 [INFO] ThirdParty:1030 - CMSIS Pack Vendor :STMicroelectronics FreeRTOS 0.0.1
2025-12-04 10:50:34,460 [INFO] ThirdParty:1030 - CMSIS Pack Vendor :STMicroelectronics X-CUBE-AZRTOS-G0 1.1.0
2025-12-04 10:50:34,460 [INFO] ThirdParty:1030 - CMSIS Pack Vendor :STMicroelectronics X-CUBE-NFC4 3.0.0
2025-12-04 10:50:34,460 [INFO] ThirdParty:1030 - CMSIS Pack Vendor :STMicroelectronics X-CUBE-SUBG2 5.0.0
2025-12-04 10:50:34,460 [INFO] ThirdParty:1030 - CMSIS Pack Vendor :STMicroelectronics STM32_WPAN 1.0.0
2025-12-04 10:50:34,460 [INFO] ThirdParty:1030 - CMSIS Pack Vendor :EmbeddedOffice I-CUBE-FS-RTOS 1.0.1
2025-12-04 10:50:34,460 [INFO] ThirdParty:1030 - CMSIS Pack Vendor :STMicroelectronics lwIP 2.0.3
2025-12-04 10:50:34,460 [INFO] ThirdParty:1030 - CMSIS Pack Vendor :WES I-CUBE-Cesium 1.4.0
2025-12-04 10:50:34,460 [INFO] ThirdParty:1030 - CMSIS Pack Vendor :STMicroelectronics USB_HOST 1.0.0
2025-12-04 10:50:34,460 [INFO] ThirdParty:1030 - CMSIS Pack Vendor :STMicroelectronics X-CUBE-AZRTOS-G4 2.0.0
2025-12-04 10:50:34,460 [INFO] ThirdParty:1030 - CMSIS Pack Vendor :STMicroelectronics X-CUBE-WB05N 2.0.0
2025-12-04 10:50:34,460 [INFO] ThirdParty:1030 - CMSIS Pack Vendor :STMicroelectronics PDM2PCM 3.1.0
2025-12-04 10:50:34,460 [INFO] ThirdParty:1030 - CMSIS Pack Vendor :STMicroelectronics PDM2PCM 3.3.0
2025-12-04 10:50:34,460 [INFO] ThirdParty:1030 - CMSIS Pack Vendor :wolfSSL I-CUBE-wolfTPM 3.8.0
2025-12-04 10:50:34,460 [INFO] ThirdParty:1030 - CMSIS Pack Vendor :STMicroelectronics X-CUBE-AZRTOS-H7 3.4.0
2025-12-04 10:50:34,460 [INFO] ThirdParty:1030 - CMSIS Pack Vendor :STMicroelectronics X-CUBE-DISPLAY 3.0.0
2025-12-04 10:50:34,460 [INFO] ThirdParty:1030 - CMSIS Pack Vendor :wolfSSL I-CUBE-wolfSSH 1.4.20
2025-12-04 10:50:34,460 [INFO] ThirdParty:1030 - CMSIS Pack Vendor :STMicroelectronics X-CUBE-NFC7 2.0.0
2025-12-04 10:50:34,460 [INFO] ThirdParty:1030 - CMSIS Pack Vendor :STMicroelectronics X-CUBE-TCPP 4.2.0
2025-12-04 10:50:34,460 [INFO] ThirdParty:1030 - CMSIS Pack Vendor :RealThread X-CUBE-RT-Thread_Nano 4.1.1
2025-12-04 10:50:34,460 [INFO] ThirdParty:1030 - CMSIS Pack Vendor :STMicroelectronics FP-ATR-SIGFOX1 3.2.0
2025-12-04 10:50:34,460 [INFO] ThirdParty:1030 - CMSIS Pack Vendor :STMicroelectronics X-CUBE-NFC10 1.0.0
2025-12-04 10:50:34,460 [INFO] ThirdParty:1030 - CMSIS Pack Vendor :STMicroelectronics HAL Drivers 0.0.0
2025-12-04 10:50:34,460 [INFO] ThirdParty:1030 - CMSIS Pack Vendor :STMicroelectronics MBEDTLS 2.16.2
2025-12-04 10:50:34,460 [INFO] ThirdParty:1030 - CMSIS Pack Vendor :STMicroelectronics X-CUBE-ST60 1.1.0
2025-12-04 10:50:34,460 [INFO] ThirdParty:1030 - CMSIS Pack Vendor :STMicroelectronics X-CUBE-ALS 1.0.2
2025-12-04 10:50:34,460 [INFO] ThirdParty:1030 - CMSIS Pack Vendor :emotas I-CUBE-CANOPEN 1.3.0
2025-12-04 10:50:34,460 [INFO] ThirdParty:1030 - CMSIS Pack Vendor :STMicroelectronics MBEDTLS 2.14.1
2025-12-04 10:50:34,460 [INFO] ThirdParty:1030 - CMSIS Pack Vendor :STMicroelectronics X-CUBE-GNSS1 7.1.0
2025-12-04 10:50:34,460 [INFO] ThirdParty:1030 - CMSIS Pack Vendor :ITTIA_DB I-CUBE-ITTIADB 8.9.0
2025-12-04 10:50:34,460 [INFO] ThirdParty:1030 - CMSIS Pack Vendor :STMicroelectronics X-CUBE-TOUCHGFX 4.26.0
2025-12-04 10:50:34,460 [INFO] ThirdParty:1030 - CMSIS Pack Vendor :STMicroelectronics X-CUBE-STSE01 1.0.0
2025-12-04 10:50:34,460 [INFO] ThirdParty:1030 - CMSIS Pack Vendor :STMicroelectronics FP-SNS-STBOX1 2.1.0
2025-12-04 10:50:34,460 [INFO] ThirdParty:1030 - CMSIS Pack Vendor :STMicroelectronics X-CUBE-AI 10.2.0
2025-12-04 10:50:34,460 [INFO] ThirdParty:1030 - CMSIS Pack Vendor :STMicroelectronics FP-SNS-STAIOTCFT 1.0.0
2025-12-04 10:50:34,460 [INFO] ThirdParty:1030 - CMSIS Pack Vendor :STMicroelectronics ThreadX 1.0.0
2025-12-04 10:50:34,460 [INFO] ThirdParty:1030 - CMSIS Pack Vendor :STMicroelectronics FP-SNS-SMARTAG2 1.2.0
2025-12-04 10:50:34,460 [INFO] ThirdParty:1030 - CMSIS Pack Vendor :STMicroelectronics FP-SNS-FLIGHT1 5.1.0
2025-12-04 10:50:34,460 [INFO] ThirdParty:1030 - CMSIS Pack Vendor :STMicroelectronics X-CUBE-AZRTOS-WL 2.0.0
2025-12-04 10:50:34,460 [INFO] ThirdParty:1030 - CMSIS Pack Vendor :SEGGER I-CUBE-embOS 1.3.1
2025-12-04 10:50:34,460 [INFO] ThirdParty:1030 - CMSIS Pack Vendor :STMicroelectronics X-CUBE-ALGOBUILD 1.4.0
2025-12-04 10:50:34,460 [INFO] ThirdParty:1030 - CMSIS Pack Vendor :STMicroelectronics X-CUBE-DPower 1.3.0
2025-12-04 10:50:34,460 [INFO] ThirdParty:1030 - CMSIS Pack Vendor :STMicroelectronics USB_DEVICE 1.0.0
2025-12-04 10:50:34,460 [INFO] ThirdParty:1030 - CMSIS Pack Vendor :STMicroelectronics X-CUBE-AZRTOS-H7RS 1.2.0
2025-12-04 10:50:34,460 [INFO] ThirdParty:1030 - CMSIS Pack Vendor :STMicroelectronics X-CUBE-AZRTOS-L4 2.0.0
2025-12-04 10:50:34,460 [INFO] ThirdParty:1030 - CMSIS Pack Vendor :STMicroelectronics ThreadX 0.0.2
2025-12-04 10:50:34,460 [INFO] ThirdParty:1030 - CMSIS Pack Vendor :STMicroelectronics lwIP 2.1.2
2025-12-04 10:50:34,460 [INFO] ThirdParty:1030 - CMSIS Pack Vendor :STMicroelectronics X-CUBE-SFXS2LP1 4.0.0
2025-12-04 10:50:34,460 [INFO] ThirdParty:1030 - CMSIS Pack Vendor :STMicroelectronics X-CUBE-BLE2 3.3.0
2025-12-04 10:50:34,460 [INFO] ThirdParty:1030 - CMSIS Pack Vendor :Avnet-IOTCONNECT X-CUBE-iotc-st67-sdk 1.0.0
2025-12-04 10:50:34,460 [INFO] ThirdParty:1030 - CMSIS Pack Vendor :STMicroelectronics X-CUBE-TOF1 3.4.3
2025-12-04 10:50:34,460 [INFO] ThirdParty:1030 - CMSIS Pack Vendor :Infineon AIROC-Wi-Fi-Bluetooth-STM32 1.8.0
2025-12-04 10:50:34,460 [INFO] ThirdParty:1030 - CMSIS Pack Vendor :STMicroelectronics PDM2PCM 3.2.0
2025-12-04 10:50:34,460 [INFO] ThirdParty:841 - exiting critical section [change project]
2025-12-04 10:50:34,580 [INFO] PinOutPanel:1589 - setPackage(No Configuration,No Configuration)
2025-12-04 10:50:34,582 [INFO] PinOutPanel:1589 - setPackage(STM32F401CDUx,UFQFPN48)
2025-12-04 10:50:34,861 [INFO] UtilMem:75 - Before build in PCC Used Memory: 970343264 Bytes (1073741824)
2025-12-04 10:50:35,074 [INFO] UtilMem:75 - After build in PCC Used Memory: 805044448 Bytes (1073741824)
2025-12-04 10:50:35,091 [INFO] IPUIPlugin:80 - create IPUIPlugin
2025-12-04 10:50:35,091 [INFO] IPUIPlugin:80 - create IPUIPlugin
2025-12-04 10:50:35,091 [INFO] IPUIPlugin:80 - create IPUIPlugin
2025-12-04 10:50:35,091 [INFO] IPUIPlugin:80 - create IPUIPlugin
2025-12-04 10:50:35,091 [INFO] IPUIPlugin:80 - create IPUIPlugin
2025-12-04 10:50:35,091 [INFO] IPUIPlugin:80 - create IPUIPlugin
2025-12-04 10:50:35,091 [INFO] IPUIPlugin:80 - create IPUIPlugin
2025-12-04 10:50:35,091 [INFO] IPUIPlugin:80 - create IPUIPlugin
2025-12-04 10:50:35,091 [INFO] IPUIPlugin:80 - create IPUIPlugin
2025-12-04 10:50:35,091 [INFO] IPUIPlugin:80 - create IPUIPlugin
2025-12-04 10:50:35,091 [INFO] IPUIPlugin:80 - create IPUIPlugin
2025-12-04 10:50:35,091 [INFO] IPUIPlugin:80 - create IPUIPlugin
2025-12-04 10:50:35,092 [INFO] IPUIPlugin:80 - create IPUIPlugin
2025-12-04 10:50:35,092 [INFO] IPUIPlugin:80 - create IPUIPlugin
2025-12-04 10:50:35,092 [INFO] IPUIPlugin:80 - create IPUIPlugin
2025-12-04 10:50:35,092 [INFO] IPUIPlugin:80 - create IPUIPlugin
2025-12-04 10:50:35,092 [INFO] IPUIPlugin:80 - create IPUIPlugin
2025-12-04 10:50:35,092 [INFO] IPUIPlugin:80 - create IPUIPlugin
2025-12-04 10:50:35,092 [INFO] IPUIPlugin:80 - create IPUIPlugin
2025-12-04 10:50:35,092 [INFO] IPUIPlugin:80 - create IPUIPlugin
2025-12-04 10:50:35,092 [INFO] IPUIPlugin:80 - create IPUIPlugin
2025-12-04 10:50:35,093 [INFO] IPUIPlugin:80 - create IPUIPlugin
2025-12-04 10:50:35,093 [INFO] IPUIPlugin:80 - create IPUIPlugin
2025-12-04 10:50:35,093 [INFO] IPUIPlugin:80 - create IPUIPlugin
2025-12-04 10:50:35,093 [INFO] IPUIPlugin:80 - create IPUIPlugin
2025-12-04 10:50:35,093 [INFO] IPUIPlugin:80 - create IPUIPlugin
2025-12-04 10:50:35,093 [INFO] IPUIPlugin:80 - create IPUIPlugin
2025-12-04 10:50:35,093 [INFO] IPUIPlugin:80 - create IPUIPlugin
2025-12-04 10:50:35,093 [INFO] IPUIPlugin:80 - create IPUIPlugin
2025-12-04 10:50:35,093 [INFO] IPUIPlugin:80 - create IPUIPlugin
2025-12-04 10:50:35,094 [INFO] IPUIPlugin:80 - create IPUIPlugin
2025-12-04 10:50:35,094 [INFO] IPUIPlugin:80 - create IPUIPlugin
2025-12-04 10:50:35,094 [INFO] IPUIPlugin:80 - create IPUIPlugin
2025-12-04 10:50:35,094 [INFO] IPUIPlugin:80 - create IPUIPlugin
2025-12-04 10:50:35,094 [INFO] IPUIPlugin:80 - create IPUIPlugin
2025-12-04 10:50:35,095 [INFO] IPUIPlugin:80 - create IPUIPlugin
2025-12-04 10:50:35,095 [INFO] IPUIPlugin:80 - create IPUIPlugin
2025-12-04 10:50:35,110 [INFO] ApiDbMcu:532 - Load IP Config File for PDM2PCM
2025-12-04 10:50:35,131 [INFO] CADModel:165 - CPN selected for project levelSTM32F401CDU6
2025-12-04 10:50:35,131 [INFO] CADModel:114 - Register for checkConnection events
2025-12-04 10:50:35,183 [INFO] OpenFileManager:386 - Restore cursor
2025-12-04 10:50:35,669 [INFO] UtilMem:75 - End SaveConfig() Used Memory: 873922632 Bytes (1073741824)
2025-12-04 10:50:35,723 [INFO] UtilMem:75 - End SaveConfig() Used Memory: 888207368 Bytes (1073741824)
2025-12-04 10:50:35,853 [INFO] BlockDiagram:2775 - set Specific Code input for plugin: NVIC
2025-12-04 10:50:35,853 [INFO] BlockDiagram:2775 - set Specific Code input for plugin: RCC
2025-12-04 10:50:35,854 [INFO] CodeGenerator:892 - code generatio: config db path: C:\ST\STM32CubeIDE_1.19.0\STM32CubeIDE\plugins\com.st.stm32cube.common.mx_6.15.0.202507011659\\db\
2025-12-04 10:50:35,918 [INFO] CodeEngine:265 - oldGeneratedFile, C:\Users\Matyas\STM32CubeIDE\workspace_1.19.0\SecureBoot-1-App\MXTmpFiles\license.tmp_save
2025-12-04 10:50:36,106 [INFO] CodeEngine:289 - Generated code: C:\Users\Matyas\STM32CubeIDE\workspace_1.19.0\SecureBoot-1-App\MXTmpFiles\license.tmp
2025-12-04 10:50:36,120 [INFO] CodeEngine:265 - oldGeneratedFile, C:\Users\Matyas\STM32CubeIDE\workspace_1.19.0\SecureBoot-1-App\Core\Src\stm32f4xx_it.c_save
2025-12-04 10:50:36,346 [INFO] CodeEngine:289 - Generated code: C:\Users\Matyas\STM32CubeIDE\workspace_1.19.0\SecureBoot-1-App\Core\Src\stm32f4xx_it.c
2025-12-04 10:50:36,354 [INFO] CodeEngine:265 - oldGeneratedFile, C:\Users\Matyas\STM32CubeIDE\workspace_1.19.0\SecureBoot-1-App\Core\Inc\stm32f4xx_it.h_save
2025-12-04 10:50:36,425 [INFO] CodeEngine:289 - Generated code: C:\Users\Matyas\STM32CubeIDE\workspace_1.19.0\SecureBoot-1-App\Core\Inc\stm32f4xx_it.h
2025-12-04 10:50:36,455 [INFO] CodeEngine:265 - oldGeneratedFile, C:\Users\Matyas\STM32CubeIDE\workspace_1.19.0\SecureBoot-1-App\Core\Src\stm32f4xx_hal_msp.c_save
2025-12-04 10:50:36,588 [INFO] CodeEngine:289 - Generated code: C:\Users\Matyas\STM32CubeIDE\workspace_1.19.0\SecureBoot-1-App\Core\Src\stm32f4xx_hal_msp.c
2025-12-04 10:50:36,598 [INFO] CodeEngine:265 - oldGeneratedFile, C:\Users\Matyas\STM32CubeIDE\workspace_1.19.0\SecureBoot-1-App\MXTmpFiles\system.tmp_save
2025-12-04 10:50:36,661 [INFO] CodeEngine:289 - Generated code: C:\Users\Matyas\STM32CubeIDE\workspace_1.19.0\SecureBoot-1-App\MXTmpFiles\system.tmp
2025-12-04 10:50:36,672 [INFO] CodeEngine:321 - oldGeneratedFile, C:\Users\Matyas\STM32CubeIDE\workspace_1.19.0\SecureBoot-1-App\Core\Inc\stm32f4xx_hal_conf.h_save
2025-12-04 10:50:36,782 [INFO] CodeEngine:345 - Generated code: C:\Users\Matyas\STM32CubeIDE\workspace_1.19.0\SecureBoot-1-App\Core\Inc\stm32f4xx_hal_conf.h
2025-12-04 10:50:36,810 [INFO] ApiDbMcu:532 - Load IP Config File for RCC
2025-12-04 10:50:36,817 [INFO] CodeEngine:265 - oldGeneratedFile, C:\Users\Matyas\STM32CubeIDE\workspace_1.19.0\SecureBoot-1-App\Core\Inc\main.h_save
2025-12-04 10:50:36,944 [INFO] CodeEngine:289 - Generated code: C:\Users\Matyas\STM32CubeIDE\workspace_1.19.0\SecureBoot-1-App\Core\Inc\main.h
2025-12-04 10:50:36,954 [INFO] CodeEngine:265 - oldGeneratedFile, C:\Users\Matyas\STM32CubeIDE\workspace_1.19.0\SecureBoot-1-App\Core\Src\main.c_save
2025-12-04 10:50:37,067 [INFO] CodeEngine:289 - Generated code: C:\Users\Matyas\STM32CubeIDE\workspace_1.19.0\SecureBoot-1-App\Core\Src\main.c
2025-12-04 10:50:37,327 [INFO] ProjectBuilder:3606 - Time for Copy HAL[1] : 130mS.
2025-12-04 10:50:37,331 [INFO] ProjectBuilder:5216 - Project Generator version: 4.7.0-B52
2025-12-04 10:50:37,392 [INFO] ConfigFileManager:1595 - The Die is : DIE433
2025-12-04 10:50:37,394 [INFO] ApiDbMcu:532 - Load IP Config File for FATFS
2025-12-04 10:50:37,398 [INFO] ApiDbMcu:532 - Load IP Config File for FREERTOS
2025-12-04 10:50:37,400 [INFO] ApiDbMcu:532 - Load IP Config File for LIBJPEG
2025-12-04 10:50:37,404 [INFO] ApiDbMcu:532 - Load IP Config File for MBEDTLS
2025-12-04 10:50:37,409 [INFO] ApiDbMcu:532 - Load IP Config File for USB_DEVICE
2025-12-04 10:50:37,412 [INFO] ApiDbMcu:532 - Load IP Config File for USB_HOST
2025-12-04 10:50:39,508 [INFO] ProjectBuilder:5496 - Time for Generating toolchain IDE Files: 2177mS.
2025-12-04 10:50:39,508 [INFO] ProjectBuilder:3463 - Time for Copy CMSIS : 0mS.
2025-12-04 10:50:39,511 [INFO] ProjectBuilder:3463 - Time for Copy CMSIS : 0mS.
2025-12-04 10:50:40,405 [INFO] McuFinderGlobals:76 - Set McuFinderConnectedMode to true
2025-12-04 10:50:40,408 [INFO] ApiDb:448 - Save user favorites file C:\Users\Matyas/.stm32cubeide/favorites.mcus.txt: 0 item(s)
2025-12-04 10:50:40,408 [INFO] ApiDb:452 - User favorites MCUs=[]
2025-12-04 10:50:58,020 [INFO] MainUpdater:2872 - connection check result : 10
2025-12-04 10:50:58,020 [INFO] MainUpdater:2872 - connection check result : 10
2025-12-04 10:50:58,203 [INFO] MicroXplorer:468 - Change Database Path : 
2025-12-04 10:50:58,203 [INFO] MicroXplorer:498 - Change Database Version : DB.6.0.150
2025-12-04 10:50:58,244 [ERROR] ProjectManagerView:395 - 
java.lang.NullPointerException: Cannot invoke "javax.swing.JTextField.getText()" because the return value of "java.util.List.get(int)" is null
	at com.st.microxplorer.plugins.projectmanager.gui.ProjectChoiceTab$9.caretUpdate(ProjectChoiceTab.java:2706) ~[filemanager.jar:?]
	at javax.swing.text.JTextComponent.fireCaretUpdate(JTextComponent.java:408) ~[?:?]
	at javax.swing.text.JTextComponent$MutableCaretEvent.fire(JTextComponent.java:4484) ~[?:?]
	at javax.swing.text.JTextComponent$MutableCaretEvent.stateChanged(JTextComponent.java:4506) ~[?:?]
	at javax.swing.text.DefaultCaret.fireStateChanged(DefaultCaret.java:857) ~[?:?]
	at javax.swing.text.DefaultCaret.changeCaretPosition(DefaultCaret.java:1343) ~[?:?]
	at javax.swing.text.DefaultCaret.handleSetDot(DefaultCaret.java:1242) ~[?:?]
	at javax.swing.text.DefaultCaret.setDot(DefaultCaret.java:1223) ~[?:?]
	at javax.swing.text.DefaultCaret$Handler.insertUpdate(DefaultCaret.java:1819) ~[?:?]
	at javax.swing.text.AbstractDocument.fireInsertUpdate(AbstractDocument.java:227) ~[?:?]
	at javax.swing.text.AbstractDocument.handleInsertString(AbstractDocument.java:781) ~[?:?]
	at javax.swing.text.AbstractDocument.insertString(AbstractDocument.java:740) ~[?:?]
	at javax.swing.text.PlainDocument.insertString(PlainDocument.java:131) ~[?:?]
	at javax.swing.text.AbstractDocument.replace(AbstractDocument.java:699) ~[?:?]
	at javax.swing.text.JTextComponent.setText(JTextComponent.java:1725) ~[?:?]
	at com.st.microxplorer.plugins.projectmanager.gui.ProjectChoiceTab.createHeapStackFields(ProjectChoiceTab.java:993) ~[filemanager.jar:?]
	at com.st.microxplorer.plugins.projectmanager.gui.ProjectChoiceTab.buildLinkSettingsPanel(ProjectChoiceTab.java:3813) ~[filemanager.jar:?]
	at com.st.microxplorer.plugins.projectmanager.gui.ProjectChoiceTab.defineWindowsFields(ProjectChoiceTab.java:1987) ~[filemanager.jar:?]
	at com.st.microxplorer.plugins.projectmanager.gui.ProjectChoiceTab.updateSettings(ProjectChoiceTab.java:558) ~[filemanager.jar:?]
	at com.st.microxplorer.plugins.projectmanager.gui.ProjectSettingsPanel.UpdateDialog(ProjectSettingsPanel.java:247) ~[filemanager.jar:?]
	at com.st.microxplorer.plugins.projectmanager.ProjectManagerView.propertyChange(ProjectManagerView.java:392) ~[filemanager.jar:?]
	at java.beans.PropertyChangeSupport.fire(PropertyChangeSupport.java:343) ~[?:?]
	at java.beans.PropertyChangeSupport.firePropertyChange(PropertyChangeSupport.java:335) ~[?:?]
	at java.beans.PropertyChangeSupport.firePropertyChange(PropertyChangeSupport.java:268) ~[?:?]
	at com.st.microxplorer.util.MXPropertyChangeSupport.firePropertyChange(MXPropertyChangeSupport.java:54) ~[STM32CubeMX.jar:?]
	at com.st.microxplorer.mxsystem.MxSystem.closeConfig(MxSystem.java:899) ~[STM32CubeMX.jar:?]
	at com.st.microxplorer.maingui.MainPanel.closeConfig(MainPanel.java:792) ~[STM32CubeMX.jar:?]
	at com.st.microxplorer.plugins.filemanager.engine.OpenFileManager.loadConfigurationFile(OpenFileManager.java:288) ~[filemanager.jar:?]
	at com.st.microxplorer.plugins.filemanager.engine.MainFileManager.userLoadConfig(MainFileManager.java:364) ~[filemanager.jar:?]
	at com.st.microxplorer.plugins.filemanager.engine.MainFileManager.userLoadConfig(MainFileManager.java:342) ~[filemanager.jar:?]
	at com.st.microxplorer.plugins.filemanager.FileManagerView.getSpecificTask(FileManagerView.java:264) ~[filemanager.jar:?]
	at com.st.stm32cube.common.mx.editor.CubeMxEditor.getMxTabbedPaneInstance(CubeMxEditor.java:1198) ~[com.st.stm32cube.common.mx_6.15.0.202507011659/:?]
	at com.st.stm32cube.common.mx.editor.CubeMxEditor$12$1.createSwingComponent(CubeMxEditor.java:1068) ~[com.st.stm32cube.common.mx_6.15.0.202507011659/:?]
	at com.st.stm32cube.common.mx.oss.core.awtswtbridge.EmbeddedSwingComposite.doComponentCreation(EmbeddedSwingComposite.java:492) ~[com.st.stm32cube.common.mx.oss_6.15.0.202507011659/:?]
	at com.st.stm32cube.common.mx.oss.core.awtswtbridge.EmbeddedSwingComposite$4.run(EmbeddedSwingComposite.java:291) ~[com.st.stm32cube.common.mx.oss_6.15.0.202507011659/:?]
	at com.st.stm32cube.common.mx.oss.core.awtswtbridge.AwtEnvironment$2.run(AwtEnvironment.java:166) ~[com.st.stm32cube.common.mx.oss_6.15.0.202507011659/:?]
	at java.awt.event.InvocationEvent.dispatch(InvocationEvent.java:318) ~[?:?]
	at java.awt.EventQueue.dispatchEventImpl(EventQueue.java:773) ~[?:?]
	at java.awt.EventQueue$4.run(EventQueue.java:720) ~[?:?]
	at java.awt.EventQueue$4.run(EventQueue.java:714) ~[?:?]
	at java.security.AccessController.doPrivileged(AccessController.java:400) ~[?:?]
	at java.security.ProtectionDomain$JavaSecurityAccessImpl.doIntersectionPrivilege(ProtectionDomain.java:87) ~[?:?]
	at java.awt.EventQueue.dispatchEvent(EventQueue.java:742) ~[?:?]
	at java.awt.EventDispatchThread.pumpOneEventForFilters(EventDispatchThread.java:203) ~[?:?]
	at java.awt.EventDispatchThread.pumpEventsForFilter(EventDispatchThread.java:124) ~[?:?]
	at java.awt.EventDispatchThread.pumpEventsForHierarchy(EventDispatchThread.java:113) ~[?:?]
	at java.awt.EventDispatchThread.pumpEvents(EventDispatchThread.java:109) ~[?:?]
	at java.awt.EventDispatchThread.pumpEvents(EventDispatchThread.java:101) ~[?:?]
	at java.awt.EventDispatchThread.run(EventDispatchThread.java:90) ~[?:?]
2025-12-04 10:50:58,248 [WARN] ThirdParty:871 - waiting for thirdparty lock release [close project]
2025-12-04 10:50:58,248 [INFO] ThirdParty:873 - entering critical section [close project]
2025-12-04 10:50:58,248 [INFO] ThirdParty:883 - exiting critical section [close project]
2025-12-04 10:50:58,250 [INFO] PinOutPanel:1589 - setPackage(No Configuration,No Configuration)
2025-12-04 10:50:58,262 [WARN] IpParametersView:155 - Warning: This peripheral hasn't parameters
2025-12-04 10:50:58,270 [WARN] MainPanel:289 - <html><b><center>Warning: This peripheral has no parameters to be configured<br></b></html>
2025-12-04 10:50:58,275 [INFO] UtilMem:75 - Begin LoadConfig() Used Memory: 872468384 Bytes (1073741824)
2025-12-04 10:50:58,275 [INFO] MicroXplorer:468 - Change Database Path : 
2025-12-04 10:50:58,275 [INFO] MicroXplorer:498 - Change Database Version : DB.6.0.150
2025-12-04 10:50:58,275 [INFO] OpenFileManager:355 - Change cursor
2025-12-04 10:50:58,310 [INFO] RulesReader:64 - Compatibility file has been processed (317 Rules)
2025-12-04 10:50:58,314 [INFO] Mcu:2029 - Initializing MCU STM32F401C(D-E)Ux STM32F401CDUx STM32F401CDU6
2025-12-04 10:50:59,293 [INFO] Context:786 - Trying to add GPIOservice into a context  which must be forbidden
2025-12-04 10:50:59,665 [INFO] ImportTextPane:234 - (OptionalMessage_ERROR) Pin11 (VP_RIF_VS_RIF1) cannot be retrieved for this MCU
2025-12-04 10:50:59,882 [INFO] RtosManager:558 - Registered RTOS mode: class=CMSIS, group=RTOS, mode=CMSIS_V1, owner=FREERTOS
2025-12-04 10:50:59,882 [INFO] RtosManager:558 - Registered RTOS mode: class=CMSIS, group=RTOS2, mode=CMSIS_V2, owner=FREERTOS
2025-12-04 10:50:59,882 [INFO] RtosManager:558 - Registered RTOS mode: class=RTOS, group=Core, mode=CMSIS_V1, owner=FREERTOS
2025-12-04 10:50:59,883 [INFO] RtosManager:558 - Registered RTOS mode: class=RTOS, group=Core, mode=CMSIS_V2, owner=FREERTOS
2025-12-04 10:50:59,883 [WARN] ModelIntegratedComponent:184 - Missing modes for component STMicroelectronics:FreeRTOS:0.0.1:STMicroelectronics:RTOS:FreeRTOS:Core:::10.2.0:
2025-12-04 10:50:59,889 [WARN] ModelIntegratedComponent:63 - No mode defined for component null
2025-12-04 10:50:59,889 [WARN] ModelIntegratedComponent:63 - No mode defined for component null
2025-12-04 10:50:59,889 [WARN] ModelIntegratedComponent:63 - No mode defined for component null
2025-12-04 10:50:59,889 [WARN] ModelIntegratedComponent:63 - No mode defined for component null
2025-12-04 10:50:59,889 [WARN] ModelIntegratedComponent:63 - No mode defined for component null
2025-12-04 10:50:59,889 [WARN] ModelIntegratedComponent:63 - No mode defined for component null
2025-12-04 10:50:59,889 [WARN] ModelIntegratedComponent:63 - No mode defined for component null
2025-12-04 10:50:59,889 [WARN] ModelIntegratedComponent:63 - No mode defined for component null
2025-12-04 10:50:59,889 [WARN] ModelIntegratedComponent:63 - No mode defined for component null
2025-12-04 10:50:59,889 [WARN] ModelIntegratedComponent:63 - No mode defined for component null
2025-12-04 10:50:59,889 [WARN] ModelIntegratedComponent:63 - No mode defined for component null
2025-12-04 10:50:59,889 [WARN] ModelIntegratedComponent:63 - No mode defined for component null
2025-12-04 10:50:59,889 [WARN] ModelIntegratedComponent:63 - No mode defined for component null
2025-12-04 10:50:59,889 [WARN] ModelIntegratedComponent:63 - No mode defined for component null
2025-12-04 10:50:59,889 [WARN] ModelIntegratedComponent:63 - No mode defined for component null
2025-12-04 10:50:59,889 [WARN] ModelIntegratedComponent:63 - No mode defined for component null
2025-12-04 10:50:59,889 [WARN] ModelIntegratedComponent:63 - No mode defined for component null
2025-12-04 10:50:59,889 [WARN] ModelIntegratedComponent:63 - No mode defined for component null
2025-12-04 10:50:59,889 [WARN] ModelIntegratedComponent:63 - No mode defined for component null
2025-12-04 10:50:59,889 [WARN] ModelIntegratedComponent:63 - No mode defined for component null
2025-12-04 10:50:59,889 [WARN] ModelIntegratedComponent:63 - No mode defined for component null
2025-12-04 10:50:59,889 [WARN] ModelIntegratedComponent:63 - No mode defined for component null
2025-12-04 10:50:59,889 [WARN] ModelIntegratedComponent:63 - No mode defined for component null
2025-12-04 10:50:59,889 [WARN] ModelIntegratedComponent:63 - No mode defined for component null
2025-12-04 10:50:59,889 [WARN] ModelIntegratedComponent:63 - No mode defined for component null
2025-12-04 10:50:59,889 [WARN] ModelIntegratedComponent:63 - No mode defined for component null
2025-12-04 10:50:59,889 [WARN] ModelIntegratedComponent:63 - No mode defined for component null
2025-12-04 10:50:59,889 [WARN] ModelIntegratedComponent:63 - No mode defined for component null
2025-12-04 10:50:59,889 [WARN] ModelIntegratedComponent:63 - No mode defined for component null
2025-12-04 10:50:59,889 [WARN] ModelIntegratedComponent:63 - No mode defined for component null
2025-12-04 10:50:59,889 [WARN] ModelIntegratedComponent:63 - No mode defined for component null
2025-12-04 10:50:59,889 [WARN] ModelIntegratedComponent:63 - No mode defined for component null
2025-12-04 10:50:59,889 [WARN] ModelIntegratedComponent:63 - No mode defined for component null
2025-12-04 10:50:59,889 [WARN] ModelIntegratedComponent:63 - No mode defined for component null
2025-12-04 10:50:59,889 [WARN] ModelIntegratedComponent:63 - No mode defined for component null
2025-12-04 10:50:59,889 [WARN] ModelPack:524 - Component already loaded: STMicroelectronics:HAL Drivers:0.0.0:STMicroelectronics:Device:STMicro_Driver:XSPI:HAL::0.0.1:HAL_XSPI
2025-12-04 10:50:59,907 [INFO] ThirdPartyModel:298 - Start build external matchings
2025-12-04 10:51:00,200 [INFO] ThirdPartyModel:316 - End build external matchings
2025-12-04 10:51:00,207 [INFO] ImportTextPane:234 - (OptionalMessage_ERROR) IP (RCC) : Parameter (PLLCLKFreq_Value) has invalid value (96000000)
2025-12-04 10:51:00,207 [INFO] ImportTextPane:234 - (OptionalMessage_ERROR) IP (RCC) : Parameter (RTCHSEDivFreq_Value) has invalid value (12500000)
2025-12-04 10:51:00,208 [WARN] IP:2250 - DEVICE_SERIAL0_CDC_FS not found: check if there is a RefParameter without a condition.
2025-12-04 10:51:00,208 [WARN] IP:2250 - DEVICE_SERIAL1_CDC_FS not found: check if there is a RefParameter without a condition.
2025-12-04 10:51:00,208 [WARN] IP:2250 - DEVICE_SERIAL2_CDC_FS not found: check if there is a RefParameter without a condition.
2025-12-04 10:51:00,412 [INFO] UtilMem:75 - End LoadConfig() Used Memory: 933407632 Bytes (1073741824)
2025-12-04 10:51:00,457 [WARN] ThirdParty:833 - waiting for thirdparty lock release [change project]
2025-12-04 10:51:00,457 [INFO] ThirdParty:835 - entering critical section [change project]
2025-12-04 10:51:00,457 [INFO] ThirdParty:1030 - CMSIS Pack Vendor :STMicroelectronics X-CUBE-PM33A1 1.0.0
2025-12-04 10:51:00,457 [INFO] ThirdParty:1030 - CMSIS Pack Vendor :STMicroelectronics USBPD 4.1
2025-12-04 10:51:00,457 [INFO] ThirdParty:1030 - CMSIS Pack Vendor :STMicroelectronics X-CUBE-NFC9 1.0.0
2025-12-04 10:51:00,457 [INFO] ThirdParty:1030 - CMSIS Pack Vendor :STMicroelectronics USB_HOST 2.0.0
2025-12-04 10:51:00,457 [INFO] ThirdParty:1030 - CMSIS Pack Vendor :STMicroelectronics FP-SNS-MOTENVWB1 1.4.0
2025-12-04 10:51:00,457 [INFO] ThirdParty:1030 - CMSIS Pack Vendor :STMicroelectronics X-CUBE-AZRTOS-F4 1.1.0
2025-12-04 10:51:00,457 [INFO] ThirdParty:1030 - CMSIS Pack Vendor :STMicroelectronics LIBJPEG 8.0.0
2025-12-04 10:51:00,457 [INFO] ThirdParty:1030 - CMSIS Pack Vendor :STMicroelectronics FP-ATR-ASTRA1 2.0.2
2025-12-04 10:51:00,457 [INFO] ThirdParty:1030 - CMSIS Pack Vendor :wolfSSL I-CUBE-wolfSSL 5.8.2
2025-12-04 10:51:00,457 [INFO] ThirdParty:1030 - CMSIS Pack Vendor :STMicroelectronics X-CUBE-BLE1 7.1.0
2025-12-04 10:51:00,457 [INFO] ThirdParty:1030 - CMSIS Pack Vendor :STMicroelectronics X-CUBE-SMBUS 2.1.0
2025-12-04 10:51:00,457 [INFO] ThirdParty:1030 - CMSIS Pack Vendor :wolfSSL I-CUBE-wolfMQTT 1.19.2
2025-12-04 10:51:00,457 [INFO] ThirdParty:1030 - CMSIS Pack Vendor :STMicroelectronics USB_DEVICE 3.0.0
2025-12-04 10:51:00,457 [INFO] ThirdParty:1030 - CMSIS Pack Vendor :STMicroelectronics X-CUBE-ISPU 2.1.0
2025-12-04 10:51:00,457 [INFO] ThirdParty:1030 - CMSIS Pack Vendor :STMicroelectronics X-CUBE-FREERTOS 1.4.0
2025-12-04 10:51:00,457 [INFO] ThirdParty:1030 - CMSIS Pack Vendor :STMicroelectronics X-CUBE-EEPRMA1 5.2.0
2025-12-04 10:51:00,457 [INFO] ThirdParty:1030 - CMSIS Pack Vendor :STMicroelectronics X-CUBE-IPS 3.2.0
2025-12-04 10:51:00,457 [INFO] ThirdParty:1030 - CMSIS Pack Vendor :STMicroelectronics X-CUBE-BLEMGR 4.1.0
2025-12-04 10:51:00,457 [INFO] ThirdParty:1030 - CMSIS Pack Vendor :STMicroelectronics X-CUBE-AZRTOS-WB 2.0.0
2025-12-04 10:51:00,457 [INFO] ThirdParty:1030 - CMSIS Pack Vendor :Cesanta I-CUBE-Mongoose 7.20.0
2025-12-04 10:51:00,457 [INFO] ThirdParty:1030 - CMSIS Pack Vendor :STMicroelectronics X-CUBE-NFC12 1.0.0
2025-12-04 10:51:00,457 [INFO] ThirdParty:1030 - CMSIS Pack Vendor :STMicroelectronics X-CUBE-AZRTOS-F7 1.1.0
2025-12-04 10:51:00,457 [INFO] ThirdParty:1030 - CMSIS Pack Vendor :STMicroelectronics X-CUBE-AZRTOS-L5 2.0.0
2025-12-04 10:51:00,457 [INFO] ThirdParty:1030 - CMSIS Pack Vendor :STMicroelectronics USB_DEVICE 2.0.0
2025-12-04 10:51:00,457 [INFO] ThirdParty:1030 - CMSIS Pack Vendor :STMicroelectronics X-CUBE-NFC6 3.1.0
2025-12-04 10:51:00,458 [INFO] ThirdParty:1030 - CMSIS Pack Vendor :STMicroelectronics X-CUBE-ST67W61 1.1.0
2025-12-04 10:51:00,458 [INFO] ThirdParty:1030 - CMSIS Pack Vendor :quantropi X-CUBE-qispace-sdk-base 2.1.0
2025-12-04 10:51:00,458 [INFO] ThirdParty:1030 - CMSIS Pack Vendor :STMicroelectronics X-CUBE-MEMS1 12.0.0
2025-12-04 10:51:00,458 [INFO] ThirdParty:1030 - CMSIS Pack Vendor :STMicroelectronics FP-SNS-MOTENV1 5.1.0
2025-12-04 10:51:00,458 [INFO] ThirdParty:1030 - CMSIS Pack Vendor :STMicroelectronics FreeRTOS 0.0.1
2025-12-04 10:51:00,458 [INFO] ThirdParty:1030 - CMSIS Pack Vendor :STMicroelectronics X-CUBE-AZRTOS-G0 1.1.0
2025-12-04 10:51:00,458 [INFO] ThirdParty:1030 - CMSIS Pack Vendor :STMicroelectronics X-CUBE-NFC4 3.0.0
2025-12-04 10:51:00,458 [INFO] ThirdParty:1030 - CMSIS Pack Vendor :STMicroelectronics X-CUBE-SUBG2 5.0.0
2025-12-04 10:51:00,458 [INFO] ThirdParty:1030 - CMSIS Pack Vendor :STMicroelectronics STM32_WPAN 1.0.0
2025-12-04 10:51:00,458 [INFO] ThirdParty:1030 - CMSIS Pack Vendor :EmbeddedOffice I-CUBE-FS-RTOS 1.0.1
2025-12-04 10:51:00,458 [INFO] ThirdParty:1030 - CMSIS Pack Vendor :STMicroelectronics lwIP 2.0.3
2025-12-04 10:51:00,458 [INFO] ThirdParty:1030 - CMSIS Pack Vendor :WES I-CUBE-Cesium 1.4.0
2025-12-04 10:51:00,458 [INFO] ThirdParty:1030 - CMSIS Pack Vendor :STMicroelectronics USB_HOST 1.0.0
2025-12-04 10:51:00,458 [INFO] ThirdParty:1030 - CMSIS Pack Vendor :STMicroelectronics X-CUBE-AZRTOS-G4 2.0.0
2025-12-04 10:51:00,458 [INFO] ThirdParty:1030 - CMSIS Pack Vendor :STMicroelectronics X-CUBE-WB05N 2.0.0
2025-12-04 10:51:00,458 [INFO] ThirdParty:1030 - CMSIS Pack Vendor :STMicroelectronics PDM2PCM 3.1.0
2025-12-04 10:51:00,458 [INFO] ThirdParty:1030 - CMSIS Pack Vendor :STMicroelectronics PDM2PCM 3.3.0
2025-12-04 10:51:00,458 [INFO] ThirdParty:1030 - CMSIS Pack Vendor :wolfSSL I-CUBE-wolfTPM 3.8.0
2025-12-04 10:51:00,458 [INFO] ThirdParty:1030 - CMSIS Pack Vendor :STMicroelectronics X-CUBE-AZRTOS-H7 3.4.0
2025-12-04 10:51:00,458 [INFO] ThirdParty:1030 - CMSIS Pack Vendor :STMicroelectronics X-CUBE-DISPLAY 3.0.0
2025-12-04 10:51:00,458 [INFO] ThirdParty:1030 - CMSIS Pack Vendor :wolfSSL I-CUBE-wolfSSH 1.4.20
2025-12-04 10:51:00,458 [INFO] ThirdParty:1030 - CMSIS Pack Vendor :STMicroelectronics X-CUBE-NFC7 2.0.0
2025-12-04 10:51:00,458 [INFO] ThirdParty:1030 - CMSIS Pack Vendor :STMicroelectronics X-CUBE-TCPP 4.2.0
2025-12-04 10:51:00,458 [INFO] ThirdParty:1030 - CMSIS Pack Vendor :RealThread X-CUBE-RT-Thread_Nano 4.1.1
2025-12-04 10:51:00,458 [INFO] ThirdParty:1030 - CMSIS Pack Vendor :STMicroelectronics FP-ATR-SIGFOX1 3.2.0
2025-12-04 10:51:00,458 [INFO] ThirdParty:1030 - CMSIS Pack Vendor :STMicroelectronics X-CUBE-NFC10 1.0.0
2025-12-04 10:51:00,458 [INFO] ThirdParty:1030 - CMSIS Pack Vendor :STMicroelectronics HAL Drivers 0.0.0
2025-12-04 10:51:00,458 [INFO] ThirdParty:1030 - CMSIS Pack Vendor :STMicroelectronics MBEDTLS 2.16.2
2025-12-04 10:51:00,458 [INFO] ThirdParty:1030 - CMSIS Pack Vendor :STMicroelectronics X-CUBE-ST60 1.1.0
2025-12-04 10:51:00,458 [INFO] ThirdParty:1030 - CMSIS Pack Vendor :STMicroelectronics X-CUBE-ALS 1.0.2
2025-12-04 10:51:00,458 [INFO] ThirdParty:1030 - CMSIS Pack Vendor :emotas I-CUBE-CANOPEN 1.3.0
2025-12-04 10:51:00,458 [INFO] ThirdParty:1030 - CMSIS Pack Vendor :STMicroelectronics MBEDTLS 2.14.1
2025-12-04 10:51:00,458 [INFO] ThirdParty:1030 - CMSIS Pack Vendor :STMicroelectronics X-CUBE-GNSS1 7.1.0
2025-12-04 10:51:00,458 [INFO] ThirdParty:1030 - CMSIS Pack Vendor :ITTIA_DB I-CUBE-ITTIADB 8.9.0
2025-12-04 10:51:00,458 [INFO] ThirdParty:1030 - CMSIS Pack Vendor :STMicroelectronics X-CUBE-TOUCHGFX 4.26.0
2025-12-04 10:51:00,458 [INFO] ThirdParty:1030 - CMSIS Pack Vendor :STMicroelectronics X-CUBE-STSE01 1.0.0
2025-12-04 10:51:00,458 [INFO] ThirdParty:1030 - CMSIS Pack Vendor :STMicroelectronics FP-SNS-STBOX1 2.1.0
2025-12-04 10:51:00,458 [INFO] ThirdParty:1030 - CMSIS Pack Vendor :STMicroelectronics X-CUBE-AI 10.2.0
2025-12-04 10:51:00,458 [INFO] ThirdParty:1030 - CMSIS Pack Vendor :STMicroelectronics FP-SNS-STAIOTCFT 1.0.0
2025-12-04 10:51:00,458 [INFO] ThirdParty:1030 - CMSIS Pack Vendor :STMicroelectronics ThreadX 1.0.0
2025-12-04 10:51:00,458 [INFO] ThirdParty:1030 - CMSIS Pack Vendor :STMicroelectronics FP-SNS-SMARTAG2 1.2.0
2025-12-04 10:51:00,458 [INFO] ThirdParty:1030 - CMSIS Pack Vendor :STMicroelectronics FP-SNS-FLIGHT1 5.1.0
2025-12-04 10:51:00,459 [INFO] ThirdParty:1030 - CMSIS Pack Vendor :STMicroelectronics X-CUBE-AZRTOS-WL 2.0.0
2025-12-04 10:51:00,459 [INFO] ThirdParty:1030 - CMSIS Pack Vendor :SEGGER I-CUBE-embOS 1.3.1
2025-12-04 10:51:00,459 [INFO] ThirdParty:1030 - CMSIS Pack Vendor :STMicroelectronics X-CUBE-ALGOBUILD 1.4.0
2025-12-04 10:51:00,459 [INFO] ThirdParty:1030 - CMSIS Pack Vendor :STMicroelectronics X-CUBE-DPower 1.3.0
2025-12-04 10:51:00,459 [INFO] ThirdParty:1030 - CMSIS Pack Vendor :STMicroelectronics USB_DEVICE 1.0.0
2025-12-04 10:51:00,459 [INFO] ThirdParty:1030 - CMSIS Pack Vendor :STMicroelectronics X-CUBE-AZRTOS-H7RS 1.2.0
2025-12-04 10:51:00,459 [INFO] ThirdParty:1030 - CMSIS Pack Vendor :STMicroelectronics X-CUBE-AZRTOS-L4 2.0.0
2025-12-04 10:51:00,459 [INFO] ThirdParty:1030 - CMSIS Pack Vendor :STMicroelectronics ThreadX 0.0.2
2025-12-04 10:51:00,459 [INFO] ThirdParty:1030 - CMSIS Pack Vendor :STMicroelectronics lwIP 2.1.2
2025-12-04 10:51:00,459 [INFO] ThirdParty:1030 - CMSIS Pack Vendor :STMicroelectronics X-CUBE-SFXS2LP1 4.0.0
2025-12-04 10:51:00,459 [INFO] ThirdParty:1030 - CMSIS Pack Vendor :STMicroelectronics X-CUBE-BLE2 3.3.0
2025-12-04 10:51:00,459 [INFO] ThirdParty:1030 - CMSIS Pack Vendor :Avnet-IOTCONNECT X-CUBE-iotc-st67-sdk 1.0.0
2025-12-04 10:51:00,459 [INFO] ThirdParty:1030 - CMSIS Pack Vendor :STMicroelectronics X-CUBE-TOF1 3.4.3
2025-12-04 10:51:00,459 [INFO] ThirdParty:1030 - CMSIS Pack Vendor :Infineon AIROC-Wi-Fi-Bluetooth-STM32 1.8.0
2025-12-04 10:51:00,459 [INFO] ThirdParty:1030 - CMSIS Pack Vendor :STMicroelectronics PDM2PCM 3.2.0
2025-12-04 10:51:00,459 [INFO] ThirdParty:841 - exiting critical section [change project]
2025-12-04 10:51:00,561 [INFO] PinOutPanel:1589 - setPackage(No Configuration,No Configuration)
2025-12-04 10:51:00,561 [INFO] PinOutPanel:1589 - setPackage(STM32F401CDUx,UFQFPN48)
2025-12-04 10:51:00,908 [INFO] UtilMem:75 - Before build in PCC Used Memory: 806078200 Bytes (1073741824)
2025-12-04 10:51:01,070 [INFO] UtilMem:75 - After build in PCC Used Memory: 852737784 Bytes (1073741824)
2025-12-04 10:51:01,081 [INFO] ApiDbMcu:532 - Load IP Config File for USB_DEVICE
2025-12-04 10:51:01,098 [INFO] IPUIPlugin:80 - create IPUIPlugin
2025-12-04 10:51:01,098 [INFO] IPUIPlugin:80 - create IPUIPlugin
2025-12-04 10:51:01,098 [INFO] IPUIPlugin:80 - create IPUIPlugin
2025-12-04 10:51:01,098 [INFO] IPUIPlugin:80 - create IPUIPlugin
2025-12-04 10:51:01,098 [INFO] IPUIPlugin:80 - create IPUIPlugin
2025-12-04 10:51:01,098 [INFO] IPUIPlugin:80 - create IPUIPlugin
2025-12-04 10:51:01,098 [INFO] IPUIPlugin:80 - create IPUIPlugin
2025-12-04 10:51:01,098 [INFO] IPUIPlugin:80 - create IPUIPlugin
2025-12-04 10:51:01,098 [INFO] IPUIPlugin:80 - create IPUIPlugin
2025-12-04 10:51:01,098 [INFO] IPUIPlugin:80 - create IPUIPlugin
2025-12-04 10:51:01,098 [INFO] IPUIPlugin:80 - create IPUIPlugin
2025-12-04 10:51:01,098 [INFO] IPUIPlugin:80 - create IPUIPlugin
2025-12-04 10:51:01,099 [INFO] IPUIPlugin:80 - create IPUIPlugin
2025-12-04 10:51:01,099 [INFO] IPUIPlugin:80 - create IPUIPlugin
2025-12-04 10:51:01,099 [INFO] IPUIPlugin:80 - create IPUIPlugin
2025-12-04 10:51:01,099 [INFO] IPUIPlugin:80 - create IPUIPlugin
2025-12-04 10:51:01,099 [INFO] IPUIPlugin:80 - create IPUIPlugin
2025-12-04 10:51:01,099 [INFO] IPUIPlugin:80 - create IPUIPlugin
2025-12-04 10:51:01,099 [INFO] IPUIPlugin:80 - create IPUIPlugin
2025-12-04 10:51:01,099 [INFO] IPUIPlugin:80 - create IPUIPlugin
2025-12-04 10:51:01,099 [INFO] IPUIPlugin:80 - create IPUIPlugin
2025-12-04 10:51:01,099 [INFO] IPUIPlugin:80 - create IPUIPlugin
2025-12-04 10:51:01,099 [INFO] IPUIPlugin:80 - create IPUIPlugin
2025-12-04 10:51:01,100 [INFO] IPUIPlugin:80 - create IPUIPlugin
2025-12-04 10:51:01,100 [INFO] IPUIPlugin:80 - create IPUIPlugin
2025-12-04 10:51:01,100 [INFO] IPUIPlugin:80 - create IPUIPlugin
2025-12-04 10:51:01,100 [INFO] IPUIPlugin:80 - create IPUIPlugin
2025-12-04 10:51:01,100 [INFO] IPUIPlugin:80 - create IPUIPlugin
2025-12-04 10:51:01,100 [INFO] IPUIPlugin:80 - create IPUIPlugin
2025-12-04 10:51:01,100 [INFO] IPUIPlugin:80 - create IPUIPlugin
2025-12-04 10:51:01,100 [INFO] IPUIPlugin:80 - create IPUIPlugin
2025-12-04 10:51:01,101 [INFO] IPUIPlugin:80 - create IPUIPlugin
2025-12-04 10:51:01,101 [INFO] IPUIPlugin:80 - create IPUIPlugin
2025-12-04 10:51:01,101 [INFO] IPUIPlugin:80 - create IPUIPlugin
2025-12-04 10:51:01,101 [INFO] IPUIPlugin:80 - create IPUIPlugin
2025-12-04 10:51:01,101 [INFO] IPUIPlugin:80 - create IPUIPlugin
2025-12-04 10:51:01,101 [INFO] IPUIPlugin:80 - create IPUIPlugin
2025-12-04 10:51:01,107 [INFO] ApiDbMcu:532 - Load IP Config File for PDM2PCM
2025-12-04 10:51:01,137 [INFO] CADModel:165 - CPN selected for project levelSTM32F401CDU6
2025-12-04 10:51:01,137 [INFO] CADModel:114 - Register for checkConnection events
2025-12-04 10:51:01,193 [INFO] OpenFileManager:386 - Restore cursor
2025-12-04 10:51:01,196 [INFO] ApiDb:581 - Connected to CubeFinder SQLite database (C:\Users\Matyas\.stmcufinder\plugins\mcufinder\mcu\cube-finder-db.db)
2025-12-04 10:51:01,306 [WARN] IP:2250 - DEVICE_SERIAL0_CDC_FS not found: check if there is a RefParameter without a condition.
2025-12-04 10:51:01,306 [WARN] IP:2250 - DEVICE_SERIAL1_CDC_FS not found: check if there is a RefParameter without a condition.
2025-12-04 10:51:01,306 [WARN] IP:2250 - DEVICE_SERIAL2_CDC_FS not found: check if there is a RefParameter without a condition.
2025-12-04 10:51:01,307 [WARN] IP:2250 - DEVICE_SERIAL0_CDC_FS not found: check if there is a RefParameter without a condition.
2025-12-04 10:51:01,307 [WARN] IP:2250 - DEVICE_SERIAL1_CDC_FS not found: check if there is a RefParameter without a condition.
2025-12-04 10:51:01,307 [WARN] IP:2250 - DEVICE_SERIAL2_CDC_FS not found: check if there is a RefParameter without a condition.
2025-12-04 10:51:16,629 [INFO] MainUpdater:2872 - connection check result : 10
2025-12-04 10:51:16,629 [INFO] MainUpdater:2872 - connection check result : 10
2025-12-04 10:51:16,663 [INFO] MicroXplorer:468 - Change Database Path : 
2025-12-04 10:51:16,663 [INFO] MicroXplorer:498 - Change Database Version : DB.6.0.150
2025-12-04 10:51:16,683 [ERROR] ProjectManagerView:395 - 
java.lang.NullPointerException: Cannot invoke "javax.swing.JTextField.getText()" because the return value of "java.util.List.get(int)" is null
	at com.st.microxplorer.plugins.projectmanager.gui.ProjectChoiceTab$9.caretUpdate(ProjectChoiceTab.java:2706) ~[filemanager.jar:?]
	at javax.swing.text.JTextComponent.fireCaretUpdate(JTextComponent.java:408) ~[?:?]
	at javax.swing.text.JTextComponent$MutableCaretEvent.fire(JTextComponent.java:4484) ~[?:?]
	at javax.swing.text.JTextComponent$MutableCaretEvent.stateChanged(JTextComponent.java:4506) ~[?:?]
	at javax.swing.text.DefaultCaret.fireStateChanged(DefaultCaret.java:857) ~[?:?]
	at javax.swing.text.DefaultCaret.changeCaretPosition(DefaultCaret.java:1343) ~[?:?]
	at javax.swing.text.DefaultCaret.handleSetDot(DefaultCaret.java:1242) ~[?:?]
	at javax.swing.text.DefaultCaret.setDot(DefaultCaret.java:1223) ~[?:?]
	at javax.swing.text.DefaultCaret$Handler.insertUpdate(DefaultCaret.java:1819) ~[?:?]
	at javax.swing.text.AbstractDocument.fireInsertUpdate(AbstractDocument.java:227) ~[?:?]
	at javax.swing.text.AbstractDocument.handleInsertString(AbstractDocument.java:781) ~[?:?]
	at javax.swing.text.AbstractDocument.insertString(AbstractDocument.java:740) ~[?:?]
	at javax.swing.text.PlainDocument.insertString(PlainDocument.java:131) ~[?:?]
	at javax.swing.text.AbstractDocument.replace(AbstractDocument.java:699) ~[?:?]
	at javax.swing.text.JTextComponent.setText(JTextComponent.java:1725) ~[?:?]
	at com.st.microxplorer.plugins.projectmanager.gui.ProjectChoiceTab.createHeapStackFields(ProjectChoiceTab.java:993) ~[filemanager.jar:?]
	at com.st.microxplorer.plugins.projectmanager.gui.ProjectChoiceTab.buildLinkSettingsPanel(ProjectChoiceTab.java:3813) ~[filemanager.jar:?]
	at com.st.microxplorer.plugins.projectmanager.gui.ProjectChoiceTab.defineWindowsFields(ProjectChoiceTab.java:1987) ~[filemanager.jar:?]
	at com.st.microxplorer.plugins.projectmanager.gui.ProjectChoiceTab.updateSettings(ProjectChoiceTab.java:558) ~[filemanager.jar:?]
	at com.st.microxplorer.plugins.projectmanager.gui.ProjectSettingsPanel.UpdateDialog(ProjectSettingsPanel.java:247) ~[filemanager.jar:?]
	at com.st.microxplorer.plugins.projectmanager.ProjectManagerView.propertyChange(ProjectManagerView.java:392) ~[filemanager.jar:?]
	at java.beans.PropertyChangeSupport.fire(PropertyChangeSupport.java:343) ~[?:?]
	at java.beans.PropertyChangeSupport.firePropertyChange(PropertyChangeSupport.java:335) ~[?:?]
	at java.beans.PropertyChangeSupport.firePropertyChange(PropertyChangeSupport.java:268) ~[?:?]
	at com.st.microxplorer.util.MXPropertyChangeSupport.firePropertyChange(MXPropertyChangeSupport.java:54) ~[STM32CubeMX.jar:?]
	at com.st.microxplorer.mxsystem.MxSystem.closeConfig(MxSystem.java:899) ~[STM32CubeMX.jar:?]
	at com.st.microxplorer.maingui.MainPanel.closeConfig(MainPanel.java:792) ~[STM32CubeMX.jar:?]
	at com.st.microxplorer.plugins.filemanager.engine.OpenFileManager.loadConfigurationFile(OpenFileManager.java:288) ~[filemanager.jar:?]
	at com.st.microxplorer.plugins.filemanager.engine.MainFileManager.userLoadConfig(MainFileManager.java:364) ~[filemanager.jar:?]
	at com.st.microxplorer.plugins.filemanager.engine.MainFileManager.userLoadConfig(MainFileManager.java:342) ~[filemanager.jar:?]
	at com.st.microxplorer.plugins.filemanager.FileManagerView.getSpecificTask(FileManagerView.java:264) ~[filemanager.jar:?]
	at com.st.stm32cube.common.mx.editor.CubeMxEditor.getMxTabbedPaneInstance(CubeMxEditor.java:1198) ~[com.st.stm32cube.common.mx_6.15.0.202507011659/:?]
	at com.st.stm32cube.common.mx.editor.CubeMxEditor$12$1.createSwingComponent(CubeMxEditor.java:1068) ~[com.st.stm32cube.common.mx_6.15.0.202507011659/:?]
	at com.st.stm32cube.common.mx.oss.core.awtswtbridge.EmbeddedSwingComposite.doComponentCreation(EmbeddedSwingComposite.java:492) ~[com.st.stm32cube.common.mx.oss_6.15.0.202507011659/:?]
	at com.st.stm32cube.common.mx.oss.core.awtswtbridge.EmbeddedSwingComposite$4.run(EmbeddedSwingComposite.java:291) ~[com.st.stm32cube.common.mx.oss_6.15.0.202507011659/:?]
	at com.st.stm32cube.common.mx.oss.core.awtswtbridge.AwtEnvironment$2.run(AwtEnvironment.java:166) ~[com.st.stm32cube.common.mx.oss_6.15.0.202507011659/:?]
	at java.awt.event.InvocationEvent.dispatch(InvocationEvent.java:318) ~[?:?]
	at java.awt.EventQueue.dispatchEventImpl(EventQueue.java:773) ~[?:?]
	at java.awt.EventQueue$4.run(EventQueue.java:720) ~[?:?]
	at java.awt.EventQueue$4.run(EventQueue.java:714) ~[?:?]
	at java.security.AccessController.doPrivileged(AccessController.java:400) ~[?:?]
	at java.security.ProtectionDomain$JavaSecurityAccessImpl.doIntersectionPrivilege(ProtectionDomain.java:87) ~[?:?]
	at java.awt.EventQueue.dispatchEvent(EventQueue.java:742) ~[?:?]
	at java.awt.EventDispatchThread.pumpOneEventForFilters(EventDispatchThread.java:203) ~[?:?]
	at java.awt.EventDispatchThread.pumpEventsForFilter(EventDispatchThread.java:124) ~[?:?]
	at java.awt.EventDispatchThread.pumpEventsForHierarchy(EventDispatchThread.java:113) ~[?:?]
	at java.awt.EventDispatchThread.pumpEvents(EventDispatchThread.java:109) ~[?:?]
	at java.awt.EventDispatchThread.pumpEvents(EventDispatchThread.java:101) ~[?:?]
	at java.awt.EventDispatchThread.run(EventDispatchThread.java:90) ~[?:?]
2025-12-04 10:51:16,685 [WARN] ThirdParty:871 - waiting for thirdparty lock release [close project]
2025-12-04 10:51:16,685 [INFO] ThirdParty:873 - entering critical section [close project]
2025-12-04 10:51:16,685 [INFO] ThirdParty:883 - exiting critical section [close project]
2025-12-04 10:51:16,686 [INFO] PinOutPanel:1589 - setPackage(No Configuration,No Configuration)
2025-12-04 10:51:16,696 [WARN] IpParametersView:155 - Warning: This peripheral hasn't parameters
2025-12-04 10:51:16,701 [WARN] MainPanel:289 - <html><b><center>Warning: This peripheral has no parameters to be configured<br></b></html>
2025-12-04 10:51:16,704 [INFO] UtilMem:75 - Begin LoadConfig() Used Memory: 827540224 Bytes (1073741824)
2025-12-04 10:51:16,705 [INFO] MicroXplorer:468 - Change Database Path : 
2025-12-04 10:51:16,705 [INFO] MicroXplorer:498 - Change Database Version : DB.6.0.150
2025-12-04 10:51:16,705 [INFO] OpenFileManager:355 - Change cursor
2025-12-04 10:51:16,708 [INFO] Mcu:2029 - Initializing MCU STM32F401C(D-E)Ux STM32F401CDUx STM32F401CDU6
2025-12-04 10:51:17,264 [INFO] Context:786 - Trying to add GPIOservice into a context  which must be forbidden
2025-12-04 10:51:17,377 [INFO] ImportTextPane:234 - (OptionalMessage_ERROR) Pin0 (VP_RIF_VS_RIF1) cannot be retrieved for this MCU
2025-12-04 10:51:17,416 [INFO] RtosManager:558 - Registered RTOS mode: class=CMSIS, group=RTOS, mode=CMSIS_V1, owner=FREERTOS
2025-12-04 10:51:17,416 [INFO] RtosManager:558 - Registered RTOS mode: class=CMSIS, group=RTOS2, mode=CMSIS_V2, owner=FREERTOS
2025-12-04 10:51:17,416 [INFO] RtosManager:558 - Registered RTOS mode: class=RTOS, group=Core, mode=CMSIS_V1, owner=FREERTOS
2025-12-04 10:51:17,416 [INFO] RtosManager:558 - Registered RTOS mode: class=RTOS, group=Core, mode=CMSIS_V2, owner=FREERTOS
2025-12-04 10:51:17,416 [WARN] ModelIntegratedComponent:184 - Missing modes for component STMicroelectronics:FreeRTOS:0.0.1:STMicroelectronics:RTOS:FreeRTOS:Core:::10.2.0:
2025-12-04 10:51:17,421 [WARN] ModelIntegratedComponent:63 - No mode defined for component null
2025-12-04 10:51:17,421 [WARN] ModelIntegratedComponent:63 - No mode defined for component null
2025-12-04 10:51:17,421 [WARN] ModelIntegratedComponent:63 - No mode defined for component null
2025-12-04 10:51:17,421 [WARN] ModelIntegratedComponent:63 - No mode defined for component null
2025-12-04 10:51:17,421 [WARN] ModelIntegratedComponent:63 - No mode defined for component null
2025-12-04 10:51:17,421 [WARN] ModelIntegratedComponent:63 - No mode defined for component null
2025-12-04 10:51:17,421 [WARN] ModelIntegratedComponent:63 - No mode defined for component null
2025-12-04 10:51:17,421 [WARN] ModelIntegratedComponent:63 - No mode defined for component null
2025-12-04 10:51:17,421 [WARN] ModelIntegratedComponent:63 - No mode defined for component null
2025-12-04 10:51:17,421 [WARN] ModelIntegratedComponent:63 - No mode defined for component null
2025-12-04 10:51:17,421 [WARN] ModelIntegratedComponent:63 - No mode defined for component null
2025-12-04 10:51:17,421 [WARN] ModelIntegratedComponent:63 - No mode defined for component null
2025-12-04 10:51:17,421 [WARN] ModelIntegratedComponent:63 - No mode defined for component null
2025-12-04 10:51:17,421 [WARN] ModelIntegratedComponent:63 - No mode defined for component null
2025-12-04 10:51:17,421 [WARN] ModelIntegratedComponent:63 - No mode defined for component null
2025-12-04 10:51:17,421 [WARN] ModelIntegratedComponent:63 - No mode defined for component null
2025-12-04 10:51:17,421 [WARN] ModelIntegratedComponent:63 - No mode defined for component null
2025-12-04 10:51:17,421 [WARN] ModelIntegratedComponent:63 - No mode defined for component null
2025-12-04 10:51:17,421 [WARN] ModelIntegratedComponent:63 - No mode defined for component null
2025-12-04 10:51:17,421 [WARN] ModelIntegratedComponent:63 - No mode defined for component null
2025-12-04 10:51:17,421 [WARN] ModelIntegratedComponent:63 - No mode defined for component null
2025-12-04 10:51:17,421 [WARN] ModelIntegratedComponent:63 - No mode defined for component null
2025-12-04 10:51:17,421 [WARN] ModelIntegratedComponent:63 - No mode defined for component null
2025-12-04 10:51:17,421 [WARN] ModelIntegratedComponent:63 - No mode defined for component null
2025-12-04 10:51:17,422 [WARN] ModelIntegratedComponent:63 - No mode defined for component null
2025-12-04 10:51:17,422 [WARN] ModelIntegratedComponent:63 - No mode defined for component null
2025-12-04 10:51:17,422 [WARN] ModelIntegratedComponent:63 - No mode defined for component null
2025-12-04 10:51:17,422 [WARN] ModelIntegratedComponent:63 - No mode defined for component null
2025-12-04 10:51:17,422 [WARN] ModelIntegratedComponent:63 - No mode defined for component null
2025-12-04 10:51:17,422 [WARN] ModelIntegratedComponent:63 - No mode defined for component null
2025-12-04 10:51:17,422 [WARN] ModelIntegratedComponent:63 - No mode defined for component null
2025-12-04 10:51:17,422 [WARN] ModelIntegratedComponent:63 - No mode defined for component null
2025-12-04 10:51:17,422 [WARN] ModelIntegratedComponent:63 - No mode defined for component null
2025-12-04 10:51:17,422 [WARN] ModelIntegratedComponent:63 - No mode defined for component null
2025-12-04 10:51:17,422 [WARN] ModelIntegratedComponent:63 - No mode defined for component null
2025-12-04 10:51:17,422 [WARN] ModelPack:524 - Component already loaded: STMicroelectronics:HAL Drivers:0.0.0:STMicroelectronics:Device:STMicro_Driver:XSPI:HAL::0.0.1:HAL_XSPI
2025-12-04 10:51:17,429 [INFO] ThirdPartyModel:298 - Start build external matchings
2025-12-04 10:51:17,702 [INFO] ThirdPartyModel:316 - End build external matchings
2025-12-04 10:51:17,863 [INFO] UtilMem:75 - End LoadConfig() Used Memory: 911565888 Bytes (1073741824)
2025-12-04 10:51:17,901 [WARN] ThirdParty:833 - waiting for thirdparty lock release [change project]
2025-12-04 10:51:17,901 [INFO] ThirdParty:835 - entering critical section [change project]
2025-12-04 10:51:17,901 [INFO] ThirdParty:1030 - CMSIS Pack Vendor :STMicroelectronics X-CUBE-PM33A1 1.0.0
2025-12-04 10:51:17,901 [INFO] ThirdParty:1030 - CMSIS Pack Vendor :STMicroelectronics USBPD 4.1
2025-12-04 10:51:17,901 [INFO] ThirdParty:1030 - CMSIS Pack Vendor :STMicroelectronics X-CUBE-NFC9 1.0.0
2025-12-04 10:51:17,901 [INFO] ThirdParty:1030 - CMSIS Pack Vendor :STMicroelectronics USB_HOST 2.0.0
2025-12-04 10:51:17,901 [INFO] ThirdParty:1030 - CMSIS Pack Vendor :STMicroelectronics FP-SNS-MOTENVWB1 1.4.0
2025-12-04 10:51:17,901 [INFO] ThirdParty:1030 - CMSIS Pack Vendor :STMicroelectronics X-CUBE-AZRTOS-F4 1.1.0
2025-12-04 10:51:17,901 [INFO] ThirdParty:1030 - CMSIS Pack Vendor :STMicroelectronics LIBJPEG 8.0.0
2025-12-04 10:51:17,901 [INFO] ThirdParty:1030 - CMSIS Pack Vendor :STMicroelectronics FP-ATR-ASTRA1 2.0.2
2025-12-04 10:51:17,901 [INFO] ThirdParty:1030 - CMSIS Pack Vendor :wolfSSL I-CUBE-wolfSSL 5.8.2
2025-12-04 10:51:17,901 [INFO] ThirdParty:1030 - CMSIS Pack Vendor :STMicroelectronics X-CUBE-BLE1 7.1.0
2025-12-04 10:51:17,901 [INFO] ThirdParty:1030 - CMSIS Pack Vendor :STMicroelectronics X-CUBE-SMBUS 2.1.0
2025-12-04 10:51:17,901 [INFO] ThirdParty:1030 - CMSIS Pack Vendor :wolfSSL I-CUBE-wolfMQTT 1.19.2
2025-12-04 10:51:17,901 [INFO] ThirdParty:1030 - CMSIS Pack Vendor :STMicroelectronics USB_DEVICE 3.0.0
2025-12-04 10:51:17,901 [INFO] ThirdParty:1030 - CMSIS Pack Vendor :STMicroelectronics X-CUBE-ISPU 2.1.0
2025-12-04 10:51:17,901 [INFO] ThirdParty:1030 - CMSIS Pack Vendor :STMicroelectronics X-CUBE-FREERTOS 1.4.0
2025-12-04 10:51:17,901 [INFO] ThirdParty:1030 - CMSIS Pack Vendor :STMicroelectronics X-CUBE-EEPRMA1 5.2.0
2025-12-04 10:51:17,901 [INFO] ThirdParty:1030 - CMSIS Pack Vendor :STMicroelectronics X-CUBE-IPS 3.2.0
2025-12-04 10:51:17,901 [INFO] ThirdParty:1030 - CMSIS Pack Vendor :STMicroelectronics X-CUBE-BLEMGR 4.1.0
2025-12-04 10:51:17,901 [INFO] ThirdParty:1030 - CMSIS Pack Vendor :STMicroelectronics X-CUBE-AZRTOS-WB 2.0.0
2025-12-04 10:51:17,901 [INFO] ThirdParty:1030 - CMSIS Pack Vendor :Cesanta I-CUBE-Mongoose 7.20.0
2025-12-04 10:51:17,901 [INFO] ThirdParty:1030 - CMSIS Pack Vendor :STMicroelectronics X-CUBE-NFC12 1.0.0
2025-12-04 10:51:17,901 [INFO] ThirdParty:1030 - CMSIS Pack Vendor :STMicroelectronics X-CUBE-AZRTOS-F7 1.1.0
2025-12-04 10:51:17,901 [INFO] ThirdParty:1030 - CMSIS Pack Vendor :STMicroelectronics X-CUBE-AZRTOS-L5 2.0.0
2025-12-04 10:51:17,901 [INFO] ThirdParty:1030 - CMSIS Pack Vendor :STMicroelectronics USB_DEVICE 2.0.0
2025-12-04 10:51:17,902 [INFO] ThirdParty:1030 - CMSIS Pack Vendor :STMicroelectronics X-CUBE-NFC6 3.1.0
2025-12-04 10:51:17,902 [INFO] ThirdParty:1030 - CMSIS Pack Vendor :STMicroelectronics X-CUBE-ST67W61 1.1.0
2025-12-04 10:51:17,902 [INFO] ThirdParty:1030 - CMSIS Pack Vendor :quantropi X-CUBE-qispace-sdk-base 2.1.0
2025-12-04 10:51:17,902 [INFO] ThirdParty:1030 - CMSIS Pack Vendor :STMicroelectronics X-CUBE-MEMS1 12.0.0
2025-12-04 10:51:17,902 [INFO] ThirdParty:1030 - CMSIS Pack Vendor :STMicroelectronics FP-SNS-MOTENV1 5.1.0
2025-12-04 10:51:17,902 [INFO] ThirdParty:1030 - CMSIS Pack Vendor :STMicroelectronics FreeRTOS 0.0.1
2025-12-04 10:51:17,902 [INFO] ThirdParty:1030 - CMSIS Pack Vendor :STMicroelectronics X-CUBE-AZRTOS-G0 1.1.0
2025-12-04 10:51:17,902 [INFO] ThirdParty:1030 - CMSIS Pack Vendor :STMicroelectronics X-CUBE-NFC4 3.0.0
2025-12-04 10:51:17,902 [INFO] ThirdParty:1030 - CMSIS Pack Vendor :STMicroelectronics X-CUBE-SUBG2 5.0.0
2025-12-04 10:51:17,902 [INFO] ThirdParty:1030 - CMSIS Pack Vendor :STMicroelectronics STM32_WPAN 1.0.0
2025-12-04 10:51:17,902 [INFO] ThirdParty:1030 - CMSIS Pack Vendor :EmbeddedOffice I-CUBE-FS-RTOS 1.0.1
2025-12-04 10:51:17,902 [INFO] ThirdParty:1030 - CMSIS Pack Vendor :STMicroelectronics lwIP 2.0.3
2025-12-04 10:51:17,902 [INFO] ThirdParty:1030 - CMSIS Pack Vendor :WES I-CUBE-Cesium 1.4.0
2025-12-04 10:51:17,902 [INFO] ThirdParty:1030 - CMSIS Pack Vendor :STMicroelectronics USB_HOST 1.0.0
2025-12-04 10:51:17,902 [INFO] ThirdParty:1030 - CMSIS Pack Vendor :STMicroelectronics X-CUBE-AZRTOS-G4 2.0.0
2025-12-04 10:51:17,902 [INFO] ThirdParty:1030 - CMSIS Pack Vendor :STMicroelectronics X-CUBE-WB05N 2.0.0
2025-12-04 10:51:17,902 [INFO] ThirdParty:1030 - CMSIS Pack Vendor :STMicroelectronics PDM2PCM 3.1.0
2025-12-04 10:51:17,902 [INFO] ThirdParty:1030 - CMSIS Pack Vendor :STMicroelectronics PDM2PCM 3.3.0
2025-12-04 10:51:17,902 [INFO] ThirdParty:1030 - CMSIS Pack Vendor :wolfSSL I-CUBE-wolfTPM 3.8.0
2025-12-04 10:51:17,902 [INFO] ThirdParty:1030 - CMSIS Pack Vendor :STMicroelectronics X-CUBE-AZRTOS-H7 3.4.0
2025-12-04 10:51:17,902 [INFO] ThirdParty:1030 - CMSIS Pack Vendor :STMicroelectronics X-CUBE-DISPLAY 3.0.0
2025-12-04 10:51:17,902 [INFO] ThirdParty:1030 - CMSIS Pack Vendor :wolfSSL I-CUBE-wolfSSH 1.4.20
2025-12-04 10:51:17,902 [INFO] ThirdParty:1030 - CMSIS Pack Vendor :STMicroelectronics X-CUBE-NFC7 2.0.0
2025-12-04 10:51:17,902 [INFO] ThirdParty:1030 - CMSIS Pack Vendor :STMicroelectronics X-CUBE-TCPP 4.2.0
2025-12-04 10:51:17,903 [INFO] ThirdParty:1030 - CMSIS Pack Vendor :RealThread X-CUBE-RT-Thread_Nano 4.1.1
2025-12-04 10:51:17,903 [INFO] ThirdParty:1030 - CMSIS Pack Vendor :STMicroelectronics FP-ATR-SIGFOX1 3.2.0
2025-12-04 10:51:17,903 [INFO] ThirdParty:1030 - CMSIS Pack Vendor :STMicroelectronics X-CUBE-NFC10 1.0.0
2025-12-04 10:51:17,903 [INFO] ThirdParty:1030 - CMSIS Pack Vendor :STMicroelectronics HAL Drivers 0.0.0
2025-12-04 10:51:17,903 [INFO] ThirdParty:1030 - CMSIS Pack Vendor :STMicroelectronics MBEDTLS 2.16.2
2025-12-04 10:51:17,903 [INFO] ThirdParty:1030 - CMSIS Pack Vendor :STMicroelectronics X-CUBE-ST60 1.1.0
2025-12-04 10:51:17,903 [INFO] ThirdParty:1030 - CMSIS Pack Vendor :STMicroelectronics X-CUBE-ALS 1.0.2
2025-12-04 10:51:17,903 [INFO] ThirdParty:1030 - CMSIS Pack Vendor :emotas I-CUBE-CANOPEN 1.3.0
2025-12-04 10:51:17,903 [INFO] ThirdParty:1030 - CMSIS Pack Vendor :STMicroelectronics MBEDTLS 2.14.1
2025-12-04 10:51:17,903 [INFO] ThirdParty:1030 - CMSIS Pack Vendor :STMicroelectronics X-CUBE-GNSS1 7.1.0
2025-12-04 10:51:17,903 [INFO] ThirdParty:1030 - CMSIS Pack Vendor :ITTIA_DB I-CUBE-ITTIADB 8.9.0
2025-12-04 10:51:17,903 [INFO] ThirdParty:1030 - CMSIS Pack Vendor :STMicroelectronics X-CUBE-TOUCHGFX 4.26.0
2025-12-04 10:51:17,903 [INFO] ThirdParty:1030 - CMSIS Pack Vendor :STMicroelectronics X-CUBE-STSE01 1.0.0
2025-12-04 10:51:17,903 [INFO] ThirdParty:1030 - CMSIS Pack Vendor :STMicroelectronics FP-SNS-STBOX1 2.1.0
2025-12-04 10:51:17,903 [INFO] ThirdParty:1030 - CMSIS Pack Vendor :STMicroelectronics X-CUBE-AI 10.2.0
2025-12-04 10:51:17,903 [INFO] ThirdParty:1030 - CMSIS Pack Vendor :STMicroelectronics FP-SNS-STAIOTCFT 1.0.0
2025-12-04 10:51:17,903 [INFO] ThirdParty:1030 - CMSIS Pack Vendor :STMicroelectronics ThreadX 1.0.0
2025-12-04 10:51:17,903 [INFO] ThirdParty:1030 - CMSIS Pack Vendor :STMicroelectronics FP-SNS-SMARTAG2 1.2.0
2025-12-04 10:51:17,903 [INFO] ThirdParty:1030 - CMSIS Pack Vendor :STMicroelectronics FP-SNS-FLIGHT1 5.1.0
2025-12-04 10:51:17,903 [INFO] ThirdParty:1030 - CMSIS Pack Vendor :STMicroelectronics X-CUBE-AZRTOS-WL 2.0.0
2025-12-04 10:51:17,903 [INFO] ThirdParty:1030 - CMSIS Pack Vendor :SEGGER I-CUBE-embOS 1.3.1
2025-12-04 10:51:17,904 [INFO] ThirdParty:1030 - CMSIS Pack Vendor :STMicroelectronics X-CUBE-ALGOBUILD 1.4.0
2025-12-04 10:51:17,904 [INFO] ThirdParty:1030 - CMSIS Pack Vendor :STMicroelectronics X-CUBE-DPower 1.3.0
2025-12-04 10:51:17,904 [INFO] ThirdParty:1030 - CMSIS Pack Vendor :STMicroelectronics USB_DEVICE 1.0.0
2025-12-04 10:51:17,904 [INFO] ThirdParty:1030 - CMSIS Pack Vendor :STMicroelectronics X-CUBE-AZRTOS-H7RS 1.2.0
2025-12-04 10:51:17,904 [INFO] ThirdParty:1030 - CMSIS Pack Vendor :STMicroelectronics X-CUBE-AZRTOS-L4 2.0.0
2025-12-04 10:51:17,904 [INFO] ThirdParty:1030 - CMSIS Pack Vendor :STMicroelectronics ThreadX 0.0.2
2025-12-04 10:51:17,904 [INFO] ThirdParty:1030 - CMSIS Pack Vendor :STMicroelectronics lwIP 2.1.2
2025-12-04 10:51:17,904 [INFO] ThirdParty:1030 - CMSIS Pack Vendor :STMicroelectronics X-CUBE-SFXS2LP1 4.0.0
2025-12-04 10:51:17,904 [INFO] ThirdParty:1030 - CMSIS Pack Vendor :STMicroelectronics X-CUBE-BLE2 3.3.0
2025-12-04 10:51:17,904 [INFO] ThirdParty:1030 - CMSIS Pack Vendor :Avnet-IOTCONNECT X-CUBE-iotc-st67-sdk 1.0.0
2025-12-04 10:51:17,904 [INFO] ThirdParty:1030 - CMSIS Pack Vendor :STMicroelectronics X-CUBE-TOF1 3.4.3
2025-12-04 10:51:17,904 [INFO] ThirdParty:1030 - CMSIS Pack Vendor :Infineon AIROC-Wi-Fi-Bluetooth-STM32 1.8.0
2025-12-04 10:51:17,904 [INFO] ThirdParty:1030 - CMSIS Pack Vendor :STMicroelectronics PDM2PCM 3.2.0
2025-12-04 10:51:17,904 [INFO] ThirdParty:841 - exiting critical section [change project]
2025-12-04 10:51:18,016 [INFO] PinOutPanel:1589 - setPackage(No Configuration,No Configuration)
2025-12-04 10:51:18,017 [INFO] PinOutPanel:1589 - setPackage(STM32F401CDUx,UFQFPN48)
2025-12-04 10:51:18,207 [INFO] UtilMem:75 - Before build in PCC Used Memory: 773392696 Bytes (1073741824)
2025-12-04 10:51:18,397 [INFO] UtilMem:75 - After build in PCC Used Memory: 817959224 Bytes (1073741824)
2025-12-04 10:51:18,410 [INFO] IPUIPlugin:80 - create IPUIPlugin
2025-12-04 10:51:18,410 [INFO] IPUIPlugin:80 - create IPUIPlugin
2025-12-04 10:51:18,410 [INFO] IPUIPlugin:80 - create IPUIPlugin
2025-12-04 10:51:18,410 [INFO] IPUIPlugin:80 - create IPUIPlugin
2025-12-04 10:51:18,411 [INFO] IPUIPlugin:80 - create IPUIPlugin
2025-12-04 10:51:18,411 [INFO] IPUIPlugin:80 - create IPUIPlugin
2025-12-04 10:51:18,411 [INFO] IPUIPlugin:80 - create IPUIPlugin
2025-12-04 10:51:18,411 [INFO] IPUIPlugin:80 - create IPUIPlugin
2025-12-04 10:51:18,411 [INFO] IPUIPlugin:80 - create IPUIPlugin
2025-12-04 10:51:18,411 [INFO] IPUIPlugin:80 - create IPUIPlugin
2025-12-04 10:51:18,411 [INFO] IPUIPlugin:80 - create IPUIPlugin
2025-12-04 10:51:18,411 [INFO] IPUIPlugin:80 - create IPUIPlugin
2025-12-04 10:51:18,411 [INFO] IPUIPlugin:80 - create IPUIPlugin
2025-12-04 10:51:18,411 [INFO] IPUIPlugin:80 - create IPUIPlugin
2025-12-04 10:51:18,411 [INFO] IPUIPlugin:80 - create IPUIPlugin
2025-12-04 10:51:18,411 [INFO] IPUIPlugin:80 - create IPUIPlugin
2025-12-04 10:51:18,411 [INFO] IPUIPlugin:80 - create IPUIPlugin
2025-12-04 10:51:18,412 [INFO] IPUIPlugin:80 - create IPUIPlugin
2025-12-04 10:51:18,412 [INFO] IPUIPlugin:80 - create IPUIPlugin
2025-12-04 10:51:18,412 [INFO] IPUIPlugin:80 - create IPUIPlugin
2025-12-04 10:51:18,412 [INFO] IPUIPlugin:80 - create IPUIPlugin
2025-12-04 10:51:18,412 [INFO] IPUIPlugin:80 - create IPUIPlugin
2025-12-04 10:51:18,412 [INFO] IPUIPlugin:80 - create IPUIPlugin
2025-12-04 10:51:18,412 [INFO] IPUIPlugin:80 - create IPUIPlugin
2025-12-04 10:51:18,412 [INFO] IPUIPlugin:80 - create IPUIPlugin
2025-12-04 10:51:18,412 [INFO] IPUIPlugin:80 - create IPUIPlugin
2025-12-04 10:51:18,412 [INFO] IPUIPlugin:80 - create IPUIPlugin
2025-12-04 10:51:18,412 [INFO] IPUIPlugin:80 - create IPUIPlugin
2025-12-04 10:51:18,413 [INFO] IPUIPlugin:80 - create IPUIPlugin
2025-12-04 10:51:18,413 [INFO] IPUIPlugin:80 - create IPUIPlugin
2025-12-04 10:51:18,413 [INFO] IPUIPlugin:80 - create IPUIPlugin
2025-12-04 10:51:18,413 [INFO] IPUIPlugin:80 - create IPUIPlugin
2025-12-04 10:51:18,413 [INFO] IPUIPlugin:80 - create IPUIPlugin
2025-12-04 10:51:18,413 [INFO] IPUIPlugin:80 - create IPUIPlugin
2025-12-04 10:51:18,413 [INFO] IPUIPlugin:80 - create IPUIPlugin
2025-12-04 10:51:18,413 [INFO] IPUIPlugin:80 - create IPUIPlugin
2025-12-04 10:51:18,414 [INFO] IPUIPlugin:80 - create IPUIPlugin
2025-12-04 10:51:18,418 [INFO] ApiDbMcu:532 - Load IP Config File for PDM2PCM
2025-12-04 10:51:18,435 [INFO] CADModel:165 - CPN selected for project levelSTM32F401CDU6
2025-12-04 10:51:18,435 [INFO] CADModel:114 - Register for checkConnection events
2025-12-04 10:51:18,494 [INFO] OpenFileManager:386 - Restore cursor
2025-12-04 10:51:52,826 [INFO] ApiDbMcu:532 - Load IP Config File for USB_DEVICE
2025-12-04 10:51:52,903 [WARN] IP:2250 - DEVICE_SERIAL0_CDC_FS not found: check if there is a RefParameter without a condition.
2025-12-04 10:51:52,903 [WARN] IP:2250 - DEVICE_SERIAL1_CDC_FS not found: check if there is a RefParameter without a condition.
2025-12-04 10:51:52,903 [WARN] IP:2250 - DEVICE_SERIAL2_CDC_FS not found: check if there is a RefParameter without a condition.
2025-12-04 10:51:52,904 [WARN] IP:2250 - DEVICE_SERIAL0_CDC_FS not found: check if there is a RefParameter without a condition.
2025-12-04 10:51:52,904 [WARN] IP:2250 - DEVICE_SERIAL1_CDC_FS not found: check if there is a RefParameter without a condition.
2025-12-04 10:51:52,904 [WARN] IP:2250 - DEVICE_SERIAL2_CDC_FS not found: check if there is a RefParameter without a condition.
2025-12-04 10:51:52,936 [WARN] IP:2250 - DEVICE_SERIAL0_CDC_FS not found: check if there is a RefParameter without a condition.
2025-12-04 10:51:52,936 [WARN] IP:2250 - DEVICE_SERIAL1_CDC_FS not found: check if there is a RefParameter without a condition.
2025-12-04 10:51:52,936 [WARN] IP:2250 - DEVICE_SERIAL2_CDC_FS not found: check if there is a RefParameter without a condition.
2025-12-04 10:51:58,972 [WARN] IP:2250 - DEVICE_SERIAL0_CDC_FS not found: check if there is a RefParameter without a condition.
2025-12-04 10:51:58,972 [WARN] IP:2250 - DEVICE_SERIAL1_CDC_FS not found: check if there is a RefParameter without a condition.
2025-12-04 10:51:58,972 [WARN] IP:2250 - DEVICE_SERIAL2_CDC_FS not found: check if there is a RefParameter without a condition.
2025-12-04 10:51:58,973 [WARN] IP:2250 - DEVICE_SERIAL0_CDC_FS not found: check if there is a RefParameter without a condition.
2025-12-04 10:51:58,973 [WARN] IP:2250 - DEVICE_SERIAL1_CDC_FS not found: check if there is a RefParameter without a condition.
2025-12-04 10:51:58,973 [WARN] IP:2250 - DEVICE_SERIAL2_CDC_FS not found: check if there is a RefParameter without a condition.
2025-12-04 10:52:07,289 [WARN] IP:2250 - DEVICE_SERIAL0_CDC_FS not found: check if there is a RefParameter without a condition.
2025-12-04 10:52:07,289 [WARN] IP:2250 - DEVICE_SERIAL1_CDC_FS not found: check if there is a RefParameter without a condition.
2025-12-04 10:52:07,289 [WARN] IP:2250 - DEVICE_SERIAL2_CDC_FS not found: check if there is a RefParameter without a condition.
2025-12-04 10:52:07,290 [WARN] IP:2250 - DEVICE_SERIAL0_CDC_FS not found: check if there is a RefParameter without a condition.
2025-12-04 10:52:07,290 [WARN] IP:2250 - DEVICE_SERIAL1_CDC_FS not found: check if there is a RefParameter without a condition.
2025-12-04 10:52:07,290 [WARN] IP:2250 - DEVICE_SERIAL2_CDC_FS not found: check if there is a RefParameter without a condition.
2025-12-04 10:52:14,973 [INFO] UtilMem:75 - End SaveConfig() Used Memory: 717829392 Bytes (1073741824)
2025-12-04 10:52:16,253 [INFO] UtilMem:75 - End SaveConfig() Used Memory: 740998096 Bytes (1073741824)
2025-12-04 10:52:18,443 [INFO] UtilMem:75 - End SaveConfig() Used Memory: 809829096 Bytes (1073741824)
2025-12-04 10:52:18,902 [INFO] BlockDiagram:2775 - set Specific Code input for plugin: USB_OTG_FS
2025-12-04 10:52:18,902 [INFO] BlockDiagram:2775 - set Specific Code input for plugin: NVIC
2025-12-04 10:52:18,902 [INFO] BlockDiagram:2775 - set Specific Code input for plugin: USB_DEVICE
2025-12-04 10:52:18,902 [INFO] BlockDiagram:2775 - set Specific Code input for plugin: SYS
2025-12-04 10:52:18,902 [INFO] BlockDiagram:2775 - set Specific Code input for plugin: GPIO
2025-12-04 10:52:18,903 [INFO] BlockDiagram:2775 - set Specific Code input for plugin: RCC
2025-12-04 10:52:18,903 [INFO] CodeGenerator:892 - code generatio: config db path: C:\ST\STM32CubeIDE_1.19.0\STM32CubeIDE\plugins\com.st.stm32cube.common.mx_6.15.0.202507011659\\db\
2025-12-04 10:52:18,908 [WARN] IP:2250 - DEVICE_SERIAL0_CDC_FS not found: check if there is a RefParameter without a condition.
2025-12-04 10:52:18,908 [WARN] IP:2250 - DEVICE_SERIAL1_CDC_FS not found: check if there is a RefParameter without a condition.
2025-12-04 10:52:18,908 [WARN] IP:2250 - DEVICE_SERIAL2_CDC_FS not found: check if there is a RefParameter without a condition.
2025-12-04 10:52:19,091 [INFO] CodeEngine:265 - oldGeneratedFile, C:\Users\Matyas\STM32CubeIDE\workspace_1.19.0\SecureBoot-1-App\MXTmpFiles\license.tmp_save
2025-12-04 10:52:19,293 [INFO] CodeEngine:289 - Generated code: C:\Users\Matyas\STM32CubeIDE\workspace_1.19.0\SecureBoot-1-App\MXTmpFiles\license.tmp
2025-12-04 10:52:19,316 [INFO] CodeEngine:265 - oldGeneratedFile, C:\Users\Matyas\STM32CubeIDE\workspace_1.19.0\SecureBoot-1-App\MXTmpFiles\gpio.tmp_save
2025-12-04 10:52:19,449 [INFO] CodeEngine:289 - Generated code: C:\Users\Matyas\STM32CubeIDE\workspace_1.19.0\SecureBoot-1-App\MXTmpFiles\gpio.tmp
2025-12-04 10:52:19,467 [WARN] IPConfigManager:3238 - Warning: the RefConfig PWREx_EnableUSBVoltageDetector is not available in your config.xml file
2025-12-04 10:52:19,474 [INFO] CodeEngine:265 - oldGeneratedFile, C:\Users\Matyas\STM32CubeIDE\workspace_1.19.0\SecureBoot-1-App\MXTmpFiles\usb_otg_fs_vars.tmp_save
2025-12-04 10:52:19,586 [INFO] CodeEngine:289 - Generated code: C:\Users\Matyas\STM32CubeIDE\workspace_1.19.0\SecureBoot-1-App\MXTmpFiles\usb_otg_fs_vars.tmp
2025-12-04 10:52:19,597 [INFO] CodeEngine:265 - oldGeneratedFile, C:\Users\Matyas\STM32CubeIDE\workspace_1.19.0\SecureBoot-1-App\MXTmpFiles\usb_otg_fs_inc.tmp_save
2025-12-04 10:52:19,655 [INFO] CodeEngine:289 - Generated code: C:\Users\Matyas\STM32CubeIDE\workspace_1.19.0\SecureBoot-1-App\MXTmpFiles\usb_otg_fs_inc.tmp
2025-12-04 10:52:19,665 [INFO] CodeEngine:265 - oldGeneratedFile, C:\Users\Matyas\STM32CubeIDE\workspace_1.19.0\SecureBoot-1-App\MXTmpFiles\usb_otg_fs_HalInit.tmp_save
2025-12-04 10:52:19,751 [INFO] CodeEngine:289 - Generated code: C:\Users\Matyas\STM32CubeIDE\workspace_1.19.0\SecureBoot-1-App\MXTmpFiles\usb_otg_fs_HalInit.tmp
2025-12-04 10:52:19,760 [INFO] CodeEngine:265 - oldGeneratedFile, C:\Users\Matyas\STM32CubeIDE\workspace_1.19.0\SecureBoot-1-App\MXTmpFiles\usb_otg_fs_Msp.tmp_save
2025-12-04 10:52:19,846 [INFO] CodeEngine:289 - Generated code: C:\Users\Matyas\STM32CubeIDE\workspace_1.19.0\SecureBoot-1-App\MXTmpFiles\usb_otg_fs_Msp.tmp
2025-12-04 10:52:19,891 [INFO] Middleware:1452 - No code input for Bsp Dependency
2025-12-04 10:52:19,905 [INFO] Middleware:1452 - No code input for Bsp Dependency
2025-12-04 10:52:19,912 [INFO] CodeEngine:265 - oldGeneratedFile, C:\Users\Matyas\STM32CubeIDE\workspace_1.19.0\SecureBoot-1-App\USB_DEVICE\App\usb_device.c_save
2025-12-04 10:52:20,020 [INFO] CodeEngine:289 - Generated code: C:\Users\Matyas\STM32CubeIDE\workspace_1.19.0\SecureBoot-1-App\USB_DEVICE\App\usb_device.c
2025-12-04 10:52:20,032 [INFO] CodeEngine:265 - oldGeneratedFile, C:\Users\Matyas\STM32CubeIDE\workspace_1.19.0\SecureBoot-1-App\USB_DEVICE\App\usb_device.h_save
2025-12-04 10:52:20,094 [INFO] CodeEngine:289 - Generated code: C:\Users\Matyas\STM32CubeIDE\workspace_1.19.0\SecureBoot-1-App\USB_DEVICE\App\usb_device.h
2025-12-04 10:52:20,103 [INFO] CodeEngine:265 - oldGeneratedFile, C:\Users\Matyas\STM32CubeIDE\workspace_1.19.0\SecureBoot-1-App\USB_DEVICE\Target\usbd_conf.h_save
2025-12-04 10:52:20,183 [INFO] CodeEngine:289 - Generated code: C:\Users\Matyas\STM32CubeIDE\workspace_1.19.0\SecureBoot-1-App\USB_DEVICE\Target\usbd_conf.h
2025-12-04 10:52:20,191 [INFO] CodeEngine:265 - oldGeneratedFile, C:\Users\Matyas\STM32CubeIDE\workspace_1.19.0\SecureBoot-1-App\USB_DEVICE\Target\usbd_conf.c_save
2025-12-04 10:52:20,270 [INFO] CodeEngine:289 - Generated code: C:\Users\Matyas\STM32CubeIDE\workspace_1.19.0\SecureBoot-1-App\USB_DEVICE\Target\usbd_conf.c
2025-12-04 10:52:20,282 [INFO] CodeEngine:265 - oldGeneratedFile, C:\Users\Matyas\STM32CubeIDE\workspace_1.19.0\SecureBoot-1-App\USB_DEVICE\App\usbd_desc.h_save
2025-12-04 10:52:20,334 [INFO] CodeEngine:289 - Generated code: C:\Users\Matyas\STM32CubeIDE\workspace_1.19.0\SecureBoot-1-App\USB_DEVICE\App\usbd_desc.h
2025-12-04 10:52:20,339 [INFO] CodeEngine:265 - oldGeneratedFile, C:\Users\Matyas\STM32CubeIDE\workspace_1.19.0\SecureBoot-1-App\USB_DEVICE\App\usbd_desc.c_save
2025-12-04 10:52:20,418 [INFO] CodeEngine:289 - Generated code: C:\Users\Matyas\STM32CubeIDE\workspace_1.19.0\SecureBoot-1-App\USB_DEVICE\App\usbd_desc.c
2025-12-04 10:52:20,431 [INFO] CodeEngine:265 - oldGeneratedFile, C:\Users\Matyas\STM32CubeIDE\workspace_1.19.0\SecureBoot-1-App\USB_DEVICE\App\usbd_cdc_if.h_save
2025-12-04 10:52:20,489 [INFO] CodeEngine:289 - Generated code: C:\Users\Matyas\STM32CubeIDE\workspace_1.19.0\SecureBoot-1-App\USB_DEVICE\App\usbd_cdc_if.h
2025-12-04 10:52:20,496 [INFO] CodeEngine:265 - oldGeneratedFile, C:\Users\Matyas\STM32CubeIDE\workspace_1.19.0\SecureBoot-1-App\USB_DEVICE\App\usbd_cdc_if.c_save
2025-12-04 10:52:20,570 [INFO] CodeEngine:289 - Generated code: C:\Users\Matyas\STM32CubeIDE\workspace_1.19.0\SecureBoot-1-App\USB_DEVICE\App\usbd_cdc_if.c
2025-12-04 10:52:20,589 [INFO] CodeEngine:265 - oldGeneratedFile, C:\Users\Matyas\STM32CubeIDE\workspace_1.19.0\SecureBoot-1-App\Core\Src\stm32f4xx_it.c_save
2025-12-04 10:52:20,791 [INFO] CodeEngine:289 - Generated code: C:\Users\Matyas\STM32CubeIDE\workspace_1.19.0\SecureBoot-1-App\Core\Src\stm32f4xx_it.c
2025-12-04 10:52:20,798 [INFO] CodeEngine:265 - oldGeneratedFile, C:\Users\Matyas\STM32CubeIDE\workspace_1.19.0\SecureBoot-1-App\Core\Inc\stm32f4xx_it.h_save
2025-12-04 10:52:20,857 [INFO] CodeEngine:289 - Generated code: C:\Users\Matyas\STM32CubeIDE\workspace_1.19.0\SecureBoot-1-App\Core\Inc\stm32f4xx_it.h
2025-12-04 10:52:20,870 [INFO] CodeEngine:265 - oldGeneratedFile, C:\Users\Matyas\STM32CubeIDE\workspace_1.19.0\SecureBoot-1-App\Core\Src\stm32f4xx_hal_msp.c_save
2025-12-04 10:52:20,976 [INFO] CodeEngine:289 - Generated code: C:\Users\Matyas\STM32CubeIDE\workspace_1.19.0\SecureBoot-1-App\Core\Src\stm32f4xx_hal_msp.c
2025-12-04 10:52:20,981 [INFO] CodeEngine:265 - oldGeneratedFile, C:\Users\Matyas\STM32CubeIDE\workspace_1.19.0\SecureBoot-1-App\MXTmpFiles\system.tmp_save
2025-12-04 10:52:21,031 [INFO] CodeEngine:289 - Generated code: C:\Users\Matyas\STM32CubeIDE\workspace_1.19.0\SecureBoot-1-App\MXTmpFiles\system.tmp
2025-12-04 10:52:21,042 [INFO] CodeEngine:321 - oldGeneratedFile, C:\Users\Matyas\STM32CubeIDE\workspace_1.19.0\SecureBoot-1-App\Core\Inc\stm32f4xx_hal_conf.h_save
2025-12-04 10:52:21,173 [INFO] CodeEngine:345 - Generated code: C:\Users\Matyas\STM32CubeIDE\workspace_1.19.0\SecureBoot-1-App\Core\Inc\stm32f4xx_hal_conf.h
2025-12-04 10:52:21,199 [INFO] ApiDbMcu:532 - Load IP Config File for RCC
2025-12-04 10:52:21,207 [INFO] CodeEngine:265 - oldGeneratedFile, C:\Users\Matyas\STM32CubeIDE\workspace_1.19.0\SecureBoot-1-App\Core\Inc\main.h_save
2025-12-04 10:52:21,325 [INFO] CodeEngine:289 - Generated code: C:\Users\Matyas\STM32CubeIDE\workspace_1.19.0\SecureBoot-1-App\Core\Inc\main.h
2025-12-04 10:52:21,331 [INFO] CodeEngine:265 - oldGeneratedFile, C:\Users\Matyas\STM32CubeIDE\workspace_1.19.0\SecureBoot-1-App\Core\Src\main.c_save
2025-12-04 10:52:21,435 [INFO] CodeEngine:289 - Generated code: C:\Users\Matyas\STM32CubeIDE\workspace_1.19.0\SecureBoot-1-App\Core\Src\main.c
2025-12-04 10:52:21,755 [INFO] ProjectBuilder:3606 - Time for Copy HAL[1] : 184mS.
2025-12-04 10:52:21,762 [INFO] ProjectBuilder:5216 - Project Generator version: 4.7.0-B52
2025-12-04 10:52:21,822 [INFO] ConfigFileManager:1595 - The Die is : DIE433
2025-12-04 10:52:21,823 [INFO] ApiDbMcu:532 - Load IP Config File for FATFS
2025-12-04 10:52:21,826 [INFO] ApiDbMcu:532 - Load IP Config File for FREERTOS
2025-12-04 10:52:21,827 [INFO] ApiDbMcu:532 - Load IP Config File for LIBJPEG
2025-12-04 10:52:21,830 [INFO] ApiDbMcu:532 - Load IP Config File for MBEDTLS
2025-12-04 10:52:21,832 [INFO] ApiDbMcu:532 - Load IP Config File for USB_HOST
2025-12-04 10:52:22,661 [INFO] ProjectBuilder:5496 - Time for Generating toolchain IDE Files: 899mS.
2025-12-04 10:52:22,662 [INFO] ProjectBuilder:3463 - Time for Copy CMSIS : 1mS.
2025-12-04 10:52:22,669 [INFO] ProjectBuilder:3463 - Time for Copy CMSIS : 0mS.
2025-12-04 11:19:39,604 [INFO] WebApp:194 - Connection lost
2025-12-04 11:19:39,734 [INFO] WebApp:191 - Connection restablished
2025-12-04 14:32:19,200 [ERROR] LogOutputStream:75 - [STDERR_REDIRECT] 
2025-12-04 14:33:38,725 [INFO] Activator:176 - 


2025-12-04 14:33:38,726 [INFO] Activator:177 - !SESSION log4j initialized
2025-12-04 14:33:44,085 [INFO] LogOutputStream:77 - [STDOUT_REDIRECT] 
