2025-11-26 13:37:46,551 [INFO] Activator:176 - 


2025-11-26 13:37:46,553 [INFO] Activator:177 - !SESSION log4j initialized
2025-11-26 13:37:49,234 [INFO] LogOutputStream:77 - [STDOUT_REDIRECT] 
2025-11-26 13:38:52,695 [INFO] ApplicationProperties:184 - Using Application install path: C:\ST\STM32CubeIDE_1.19.0\STM32CubeIDE\plugins\com.st.stm32cube.common.mx_6.15.0.202507011659
2025-11-26 13:38:52,705 [INFO] DbMcusXml:78 - Set database path to: C:\ST\STM32CubeIDE_1.19.0\STM32CubeIDE\plugins\com.st.stm32cube.common.mx_6.15.0.202507011659\\db\/mcu/
2025-11-26 13:38:52,705 [INFO] ApiDb:274 - Set plugin database path to: C:\ST\STM32CubeIDE_1.19.0\STM32CubeIDE\plugins\com.st.stm32cube.common.mx_6.15.0.202507011659\\db\/plugins/boardmanager/
2025-11-26 13:38:52,852 [WARN] ApiDb:259 - Overriding images path with different value:  => C:\ST\STM32CubeIDE_1.19.0\STM32CubeIDE\plugins\com.st.stm32cube.common.mx_6.15.0.202507011659\\db\/plugins/mcufinder/images/
2025-11-26 13:38:54,441 [WARN] ApiFinderProperties:113 - C:\Users\Matyas\.stmcufinder\plugins\mcufinder\mcu\mcuFinder.mfd doesn't exist
2025-11-26 13:38:54,442 [INFO] ApiDb:250 - Set database path to: C:\Users\Matyas\.stmcufinder\plugins\mcufinder//mcu/
2025-11-26 13:38:54,443 [INFO] DbMcusAds:125 - Set database path to: C:\Users\Matyas\.stmcufinder\plugins\mcufinder//mcu/
2025-11-26 13:38:54,476 [INFO] CrossReferenceDbSqlite:203 - Set database path to: C:\Users\Matyas\.stmcufinder\plugins\mcufinder//mcu/cs/
2025-11-26 13:38:54,573 [INFO] RulesReader:64 - Compatibility file has been processed (317 Rules)
2025-11-26 13:38:54,663 [INFO] DbMcusXml:78 - Set database path to: C:\ST\STM32CubeIDE_1.19.0\STM32CubeIDE\plugins\com.st.stm32cube.common.mx_6.15.0.202507011659\\db\/mcu/
2025-11-26 13:38:54,663 [INFO] ApiDb:274 - Set plugin database path to: C:\ST\STM32CubeIDE_1.19.0\STM32CubeIDE\plugins\com.st.stm32cube.common.mx_6.15.0.202507011659\\db\/plugins/boardmanager/
2025-11-26 13:38:54,663 [INFO] ApiDb:261 - Set plugin images path to: C:\ST\STM32CubeIDE_1.19.0\STM32CubeIDE\plugins\com.st.stm32cube.common.mx_6.15.0.202507011659\\db\/plugins/mcufinder/images/
2025-11-26 13:38:54,663 [WARN] DbFile:41 - Overriding database path with different value: C:\Users\Matyas\.stmcufinder\plugins\mcufinder/ => C:\Users\Matyas\.stmcufinder\plugins\mcufinder
2025-11-26 13:38:54,664 [INFO] ApiDb:250 - Set database path to: C:\Users\Matyas\.stmcufinder\plugins\mcufinder//mcu/
2025-11-26 13:38:54,664 [WARN] DbFile:41 - Overriding database path with different value: C:\Users\Matyas\.stmcufinder\plugins\mcufinder/ => C:\Users\Matyas\.stmcufinder\plugins\mcufinder
2025-11-26 13:38:54,664 [INFO] DbMcusAds:125 - Set database path to: C:\Users\Matyas\.stmcufinder\plugins\mcufinder//mcu/
2025-11-26 13:38:54,664 [WARN] DbFile:41 - Overriding database path with different value: C:\Users\Matyas\.stmcufinder\plugins\mcufinder/ => C:\Users\Matyas\.stmcufinder\plugins\mcufinder
2025-11-26 13:38:54,664 [WARN] DbFile:41 - Overriding database path with different value: C:\Users\Matyas\.stmcufinder\plugins\mcufinder/ => C:\Users\Matyas\.stmcufinder\plugins\mcufinder
2025-11-26 13:38:54,664 [INFO] CrossReferenceDbSqlite:203 - Set database path to: C:\Users\Matyas\.stmcufinder\plugins\mcufinder//mcu/cs/
2025-11-26 13:38:54,734 [INFO] MainPanel:274 - HeapMemory: 268435456
2025-11-26 13:38:54,807 [INFO] DbMcusXml:78 - Set database path to: C:\ST\STM32CubeIDE_1.19.0\STM32CubeIDE\plugins\com.st.stm32cube.common.mx_6.15.0.202507011659\\db\/mcu/
2025-11-26 13:38:54,807 [INFO] ApiDb:274 - Set plugin database path to: C:\ST\STM32CubeIDE_1.19.0\STM32CubeIDE\plugins\com.st.stm32cube.common.mx_6.15.0.202507011659\\db\/plugins/boardmanager/
2025-11-26 13:38:54,807 [INFO] ApiDb:261 - Set plugin images path to: C:\ST\STM32CubeIDE_1.19.0\STM32CubeIDE\plugins\com.st.stm32cube.common.mx_6.15.0.202507011659\\db\/plugins/mcufinder/images/
2025-11-26 13:38:54,808 [WARN] DbFile:41 - Overriding database path with different value: C:\Users\Matyas\.stmcufinder\plugins\mcufinder/ => C:\Users\Matyas\.stmcufinder\plugins\mcufinder
2025-11-26 13:38:54,808 [INFO] ApiDb:250 - Set database path to: C:\Users\Matyas\.stmcufinder\plugins\mcufinder//mcu/
2025-11-26 13:38:54,808 [WARN] DbFile:41 - Overriding database path with different value: C:\Users\Matyas\.stmcufinder\plugins\mcufinder/ => C:\Users\Matyas\.stmcufinder\plugins\mcufinder
2025-11-26 13:38:54,808 [INFO] DbMcusAds:125 - Set database path to: C:\Users\Matyas\.stmcufinder\plugins\mcufinder//mcu/
2025-11-26 13:38:54,808 [WARN] DbFile:41 - Overriding database path with different value: C:\Users\Matyas\.stmcufinder\plugins\mcufinder/ => C:\Users\Matyas\.stmcufinder\plugins\mcufinder
2025-11-26 13:38:54,808 [WARN] DbFile:41 - Overriding database path with different value: C:\Users\Matyas\.stmcufinder\plugins\mcufinder/ => C:\Users\Matyas\.stmcufinder\plugins\mcufinder
2025-11-26 13:38:54,809 [INFO] CrossReferenceDbSqlite:203 - Set database path to: C:\Users\Matyas\.stmcufinder\plugins\mcufinder//mcu/cs/
2025-11-26 13:38:54,825 [INFO] ApplicationProperties:184 - Using Application install path: C:\ST\STM32CubeIDE_1.19.0\STM32CubeIDE\plugins\com.st.stm32cube.common.mx_6.15.0.202507011659
2025-11-26 13:38:54,826 [INFO] PluginManage:196 - Search for loadable plugins [exclusion list=, ]
2025-11-26 13:38:54,827 [INFO] PluginManage:310 - Check plugin analytics
2025-11-26 13:39:00,005 [INFO] AnalyticsPlugin:253 - Accepted Software Licenses: 
2025-11-26 13:39:00,005 [INFO] AnalyticsPlugin:255 - Accepted CMSIS Pack Licenses: 
2025-11-26 13:39:00,005 [INFO] AnalyticsPlugin:257 - Accepted Firmware Licenses: 
2025-11-26 13:39:00,010 [INFO] PluginManage:359 - Loaded plugin analytics (category:tool,tabindex:-1)
2025-11-26 13:39:00,010 [INFO] PluginManage:310 - Check plugin cadmodel
2025-11-26 13:39:00,014 [INFO] CADModel:105 - Init CAD model plugin
2025-11-26 13:39:00,014 [INFO] PluginManage:359 - Loaded plugin cadmodel (category:power,tabindex:5)
2025-11-26 13:39:00,014 [INFO] PluginManage:310 - Check plugin clock
2025-11-26 13:39:00,021 [INFO] PluginManage:359 - Loaded plugin clock (category:base,tabindex:2)
2025-11-26 13:39:00,021 [INFO] PluginManage:310 - Check plugin ddr
2025-11-26 13:39:00,023 [INFO] PluginManage:359 - Loaded plugin ddr (category:tool,tabindex:6)
2025-11-26 13:39:00,023 [INFO] PluginManage:310 - Check plugin filemanager
2025-11-26 13:39:00,148 [INFO] PluginManage:359 - Loaded plugin filemanager (category:base,tabindex:10)
2025-11-26 13:39:00,148 [INFO] PluginManage:310 - Check plugin ipmanager
2025-11-26 13:39:00,155 [INFO] PluginManage:359 - Loaded plugin ipmanager (category:base,tabindex:5)
2025-11-26 13:39:00,155 [INFO] PluginManage:310 - Check plugin lpbam
2025-11-26 13:39:00,162 [INFO] PluginManage:359 - Loaded plugin lpbam (category:base,tabindex:0)
2025-11-26 13:39:00,162 [INFO] PluginManage:310 - Check plugin memorymap
2025-11-26 13:39:00,171 [INFO] PluginManage:359 - Loaded plugin memorymap (category:base,tabindex:4)
2025-11-26 13:39:00,171 [INFO] PluginManage:310 - Check plugin pinoutandconfiguration
2025-11-26 13:39:00,176 [INFO] PluginManage:359 - Loaded plugin pinoutandconfiguration (category:base,tabindex:1)
2025-11-26 13:39:00,176 [INFO] PluginManage:310 - Check plugin pinoutconfig
2025-11-26 13:39:00,253 [WARN] SupportedApi:132 - Cannot load RTOS API schema: s4s-elt-must-match.1: The content of 'definitions' must match (annotation?, (simpleType | complexType)?, (unique | key | keyref)*)). A problem was found starting at: attribute.
2025-11-26 13:39:00,361 [INFO] PluginManage:359 - Loaded plugin pinoutconfig (category:base,tabindex:0)
2025-11-26 13:39:00,361 [INFO] PluginManage:310 - Check plugin power
2025-11-26 13:39:00,366 [INFO] PluginManage:359 - Loaded plugin power (category:power,tabindex:4)
2025-11-26 13:39:00,367 [INFO] PluginManage:310 - Check plugin projectmanager
2025-11-26 13:39:00,382 [INFO] PluginManage:359 - Loaded plugin projectmanager (category:projectmanager,tabindex:4)
2025-11-26 13:39:00,382 [INFO] PluginManage:310 - Check plugin rif
2025-11-26 13:39:00,391 [INFO] PluginManage:359 - Loaded plugin rif (category:base,tabindex:3)
2025-11-26 13:39:00,391 [INFO] PluginManage:310 - Check plugin thirdparty
2025-11-26 13:39:00,508 [INFO] PluginManage:359 - Loaded plugin thirdparty (category:base,tabindex:-1)
2025-11-26 13:39:00,508 [INFO] PluginManage:310 - Check plugin tools
2025-11-26 13:39:00,508 [WARN] IntegrityCheckThread:84 - waiting for thirdparty lock release [integrity check]
2025-11-26 13:39:00,508 [INFO] IntegrityCheckThread:86 - entering critical section [integrity check]
2025-11-26 13:39:00,509 [INFO] ThirdPartyUpdaterWithRetryManager:70 - Updater plugin not ready yet. [1/15]
2025-11-26 13:39:00,512 [INFO] PluginManage:359 - Loaded plugin tools (category:base,tabindex:7)
2025-11-26 13:39:00,512 [INFO] PluginManage:310 - Check plugin tutovideos
2025-11-26 13:39:00,694 [INFO] PluginManage:359 - Loaded plugin tutovideos (category:base,tabindex:-1)
2025-11-26 13:39:00,694 [INFO] PluginManage:310 - Check plugin updater
2025-11-26 13:39:00,712 [INFO] PluginManage:359 - Loaded plugin updater (category:base,tabindex:12)
2025-11-26 13:39:00,712 [INFO] PluginManage:310 - Check plugin userauth
2025-11-26 13:39:00,715 [INFO] UserAuth:118 - Init User Auth plugin
2025-11-26 13:39:00,715 [INFO] PluginManage:359 - Loaded plugin userauth (category:base,tabindex:14)
2025-11-26 13:39:00,716 [INFO] PluginManage:283 - PluginManage : Loaded plugins [18]
2025-11-26 13:39:01,163 [INFO] PinOutPanel:1589 - setPackage(No Configuration,No Configuration)
2025-11-26 13:39:01,517 [INFO] CADModel:165 - CPN selected for project level
2025-11-26 13:39:01,517 [INFO] CADModel:114 - Register for checkConnection events
2025-11-26 13:39:01,527 [INFO] IPUIPlugin:80 - create IPUIPlugin
2025-11-26 13:39:01,528 [INFO] PluginManager:220 - loadIPPluginJar : add adc
2025-11-26 13:39:01,530 [INFO] IPUIPlugin:80 - create IPUIPlugin
2025-11-26 13:39:01,530 [INFO] PluginManager:220 - loadIPPluginJar : add aes
2025-11-26 13:39:01,531 [INFO] IPUIPlugin:80 - create IPUIPlugin
2025-11-26 13:39:01,531 [INFO] PluginManager:220 - loadIPPluginJar : add can
2025-11-26 13:39:01,532 [INFO] IPUIPlugin:80 - create IPUIPlugin
2025-11-26 13:39:01,532 [INFO] PluginManager:220 - loadIPPluginJar : add comp
2025-11-26 13:39:01,534 [INFO] IPUIPlugin:80 - create IPUIPlugin
2025-11-26 13:39:01,534 [INFO] PluginManager:220 - loadIPPluginJar : add cryp
2025-11-26 13:39:01,535 [INFO] IPUIPlugin:80 - create IPUIPlugin
2025-11-26 13:39:01,535 [INFO] PluginManager:220 - loadIPPluginJar : add ddr_ctrl_phy
2025-11-26 13:39:01,537 [INFO] IPUIPlugin:80 - create IPUIPlugin
2025-11-26 13:39:01,537 [INFO] PluginManager:220 - loadIPPluginJar : add dfsdm
2025-11-26 13:39:01,540 [INFO] IPUIPlugin:80 - create IPUIPlugin
2025-11-26 13:39:01,540 [INFO] PluginManager:220 - loadIPPluginJar : add dma
2025-11-26 13:39:01,541 [INFO] IPUIPlugin:80 - create IPUIPlugin
2025-11-26 13:39:01,542 [INFO] PluginManager:220 - loadIPPluginJar : add dma3
2025-11-26 13:39:01,543 [INFO] IPUIPlugin:80 - create IPUIPlugin
2025-11-26 13:39:01,543 [INFO] PluginManager:220 - loadIPPluginJar : add extmemmanager
2025-11-26 13:39:01,545 [INFO] IPUIPlugin:80 - create IPUIPlugin
2025-11-26 13:39:01,545 [INFO] PluginManager:220 - loadIPPluginJar : add fatfs
2025-11-26 13:39:01,547 [INFO] IPUIPlugin:80 - create IPUIPlugin
2025-11-26 13:39:01,547 [INFO] PluginManager:220 - loadIPPluginJar : add fmc
2025-11-26 13:39:01,553 [INFO] IPUIPlugin:80 - create IPUIPlugin
2025-11-26 13:39:01,553 [INFO] PluginManager:220 - loadIPPluginJar : add freertos
2025-11-26 13:39:01,554 [INFO] IPUIPlugin:80 - create IPUIPlugin
2025-11-26 13:39:01,554 [INFO] PluginManager:220 - loadIPPluginJar : add genericplugin
2025-11-26 13:39:01,555 [INFO] IPUIPlugin:80 - create IPUIPlugin
2025-11-26 13:39:01,555 [INFO] PluginManager:220 - loadIPPluginJar : add gfxmmu
2025-11-26 13:39:01,558 [INFO] IPUIPlugin:80 - create IPUIPlugin
2025-11-26 13:39:01,558 [INFO] PluginManager:220 - loadIPPluginJar : add gic
2025-11-26 13:39:01,560 [INFO] IPUIPlugin:80 - create IPUIPlugin
2025-11-26 13:39:01,560 [INFO] PluginManager:220 - loadIPPluginJar : add gpio
2025-11-26 13:39:01,562 [INFO] IPUIPlugin:80 - create IPUIPlugin
2025-11-26 13:39:01,562 [INFO] PluginManager:220 - loadIPPluginJar : add gtzc
2025-11-26 13:39:01,563 [INFO] IPUIPlugin:80 - create IPUIPlugin
2025-11-26 13:39:01,563 [INFO] PluginManager:220 - loadIPPluginJar : add hash
2025-11-26 13:39:01,565 [INFO] IPUIPlugin:80 - create IPUIPlugin
2025-11-26 13:39:01,565 [INFO] PluginManager:220 - loadIPPluginJar : add i2c
2025-11-26 13:39:01,566 [INFO] IPUIPlugin:80 - create IPUIPlugin
2025-11-26 13:39:01,566 [INFO] PluginManager:220 - loadIPPluginJar : add i2s
2025-11-26 13:39:01,569 [INFO] IPUIPlugin:80 - create IPUIPlugin
2025-11-26 13:39:01,569 [INFO] PluginManager:220 - loadIPPluginJar : add i3c
2025-11-26 13:39:01,571 [INFO] IPUIPlugin:80 - create IPUIPlugin
2025-11-26 13:39:01,571 [INFO] PluginManager:220 - loadIPPluginJar : add ipddr
2025-11-26 13:39:01,575 [INFO] IPUIPlugin:80 - create IPUIPlugin
2025-11-26 13:39:01,575 [INFO] PluginManager:220 - loadIPPluginJar : add linkedlist
2025-11-26 13:39:01,576 [INFO] IPUIPlugin:80 - create IPUIPlugin
2025-11-26 13:39:01,577 [INFO] PluginManager:220 - loadIPPluginJar : add lorawan
2025-11-26 13:39:01,577 [INFO] IPUIPlugin:80 - create IPUIPlugin
2025-11-26 13:39:01,577 [INFO] PluginManager:220 - loadIPPluginJar : add ltdc
2025-11-26 13:39:01,580 [INFO] IPUIPlugin:80 - create IPUIPlugin
2025-11-26 13:39:01,580 [INFO] PluginManager:220 - loadIPPluginJar : add mdma
2025-11-26 13:39:01,582 [INFO] IPUIPlugin:80 - create IPUIPlugin
2025-11-26 13:39:01,582 [INFO] PluginManager:220 - loadIPPluginJar : add nvic
2025-11-26 13:39:01,584 [INFO] IPUIPlugin:80 - create IPUIPlugin
2025-11-26 13:39:01,584 [INFO] PluginManager:220 - loadIPPluginJar : add opamp
2025-11-26 13:39:01,586 [INFO] IPUIPlugin:80 - create IPUIPlugin
2025-11-26 13:39:01,586 [INFO] PluginManager:220 - loadIPPluginJar : add openamp
2025-11-26 13:39:01,588 [INFO] IPUIPlugin:80 - create IPUIPlugin
2025-11-26 13:39:01,588 [INFO] PluginManager:220 - loadIPPluginJar : add pdm2pcm
2025-11-26 13:39:01,592 [INFO] IPUIPlugin:80 - create IPUIPlugin
2025-11-26 13:39:01,593 [INFO] PluginManager:220 - loadIPPluginJar : add plateformsettings
2025-11-26 13:39:01,594 [INFO] IPUIPlugin:80 - create IPUIPlugin
2025-11-26 13:39:01,594 [INFO] PluginManager:220 - loadIPPluginJar : add quadspi
2025-11-26 13:39:01,595 [INFO] IPUIPlugin:80 - create IPUIPlugin
2025-11-26 13:39:01,596 [INFO] PluginManager:220 - loadIPPluginJar : add radio
2025-11-26 13:39:01,597 [INFO] IPUIPlugin:80 - create IPUIPlugin
2025-11-26 13:39:01,598 [INFO] PluginManager:220 - loadIPPluginJar : add resmgrutility
2025-11-26 13:39:01,599 [INFO] IPUIPlugin:80 - create IPUIPlugin
2025-11-26 13:39:01,599 [INFO] PluginManager:220 - loadIPPluginJar : add sai
2025-11-26 13:39:01,601 [INFO] IPUIPlugin:80 - create IPUIPlugin
2025-11-26 13:39:01,601 [INFO] PluginManager:220 - loadIPPluginJar : add spi
2025-11-26 13:39:01,604 [INFO] IPUIPlugin:80 - create IPUIPlugin
2025-11-26 13:39:01,605 [INFO] PluginManager:220 - loadIPPluginJar : add stm32_wpan
2025-11-26 13:39:01,605 [INFO] IPUIPlugin:80 - create IPUIPlugin
2025-11-26 13:39:01,606 [INFO] PluginManager:220 - loadIPPluginJar : add tim
2025-11-26 13:39:01,608 [INFO] IPUIPlugin:80 - create IPUIPlugin
2025-11-26 13:39:01,608 [INFO] PluginManager:220 - loadIPPluginJar : add touchsensing
2025-11-26 13:39:01,610 [INFO] IPUIPlugin:80 - create IPUIPlugin
2025-11-26 13:39:01,610 [INFO] PluginManager:220 - loadIPPluginJar : add tracer_emb
2025-11-26 13:39:01,611 [INFO] IPUIPlugin:80 - create IPUIPlugin
2025-11-26 13:39:01,611 [INFO] PluginManager:220 - loadIPPluginJar : add ts
2025-11-26 13:39:01,612 [INFO] IPUIPlugin:80 - create IPUIPlugin
2025-11-26 13:39:01,612 [INFO] PluginManager:220 - loadIPPluginJar : add tsc
2025-11-26 13:39:01,613 [INFO] IPUIPlugin:80 - create IPUIPlugin
2025-11-26 13:39:01,613 [INFO] PluginManager:220 - loadIPPluginJar : add ucpd
2025-11-26 13:39:01,615 [INFO] IPUIPlugin:80 - create IPUIPlugin
2025-11-26 13:39:01,615 [INFO] PluginManager:220 - loadIPPluginJar : add usart
2025-11-26 13:39:01,616 [INFO] IPUIPlugin:80 - create IPUIPlugin
2025-11-26 13:39:01,617 [INFO] PluginManager:220 - loadIPPluginJar : add usbx
2025-11-26 13:39:01,731 [FATAL] Updater:351 - Updater called before beeing initialized
2025-11-26 13:39:01,753 [INFO] RulesReader:64 - Compatibility file has been processed (317 Rules)
2025-11-26 13:39:01,763 [INFO] RulesReader:64 - Compatibility file has been processed (317 Rules)
2025-11-26 13:39:01,773 [INFO] CADModel:165 - CPN selected for project level
2025-11-26 13:39:01,773 [INFO] CADModel:114 - Register for checkConnection events
2025-11-26 13:39:01,773 [FATAL] Updater:351 - Updater called before beeing initialized
2025-11-26 13:39:01,773 [ERROR] CADModel:125 - Updater not yet initialized, retry later 
2025-11-26 13:39:01,898 [FATAL] Updater:351 - Updater called before beeing initialized
2025-11-26 13:39:01,899 [INFO] CADModel:165 - CPN selected for project level
2025-11-26 13:39:01,899 [INFO] CADModel:114 - Register for checkConnection events
2025-11-26 13:39:01,899 [FATAL] Updater:351 - Updater called before beeing initialized
2025-11-26 13:39:01,900 [ERROR] CADModel:125 - Updater not yet initialized, retry later 
2025-11-26 13:39:01,902 [FATAL] Updater:351 - Updater called before beeing initialized
2025-11-26 13:39:01,994 [FATAL] Updater:351 - Updater called before beeing initialized
2025-11-26 13:39:02,007 [INFO] DbMcusAds:53 - JSON generation date=Thu Sep 30 08:55:09 CEST 2021 (1632984909247)
2025-11-26 13:39:02,007 [FATAL] Updater:351 - Updater called before beeing initialized
2025-11-26 13:39:02,036 [WARN] DetailPanel:346 - Failed to get advertising image, set to default
2025-11-26 13:39:02,107 [FATAL] Updater:351 - Updater called before beeing initialized
2025-11-26 13:39:02,108 [FATAL] Updater:351 - Updater called before beeing initialized
2025-11-26 13:39:02,108 [FATAL] Updater:351 - Updater called before beeing initialized
2025-11-26 13:39:02,108 [WARN] DetailPanel:346 - Failed to get advertising image, set to default
2025-11-26 13:39:02,109 [FATAL] Updater:351 - Updater called before beeing initialized
2025-11-26 13:39:02,183 [ERROR] Updater:1198 - MainUpdater not yet initialized. External WinMGr cannot be set.
2025-11-26 13:39:02,184 [INFO] Updater:1134 - Updater Version found : 6.15.0
2025-11-26 13:39:02,197 [INFO] ApplicationProperties:184 - Using Application install path: C:\ST\STM32CubeIDE_1.19.0\STM32CubeIDE\plugins\com.st.stm32cube.common.mx_6.15.0.202507011659
2025-11-26 13:39:03,510 [INFO] ThirdPartyUpdaterWithRetryManager:70 - Updater plugin not ready yet. [2/15]
2025-11-26 13:39:03,761 [ERROR] LogOutputStream:75 - [STDERR_REDIRECT] Nov 26, 2025 1:39:03 PM java.util.prefs.WindowsPreferences <init>
2025-11-26 13:39:03,762 [ERROR] LogOutputStream:75 - [STDERR_REDIRECT] WARNING: Could not open/create prefs root node Software\JavaSoft\Prefs at root 0xffffffff80000002. Windows RegCreateKeyEx(...) returned error code 5.
2025-11-26 13:39:03,762 [ERROR] LogOutputStream:75 - [STDERR_REDIRECT] 
2025-11-26 13:39:03,775 [INFO] MainUpdater:525 - Copy updater definitions from MX database
2025-11-26 13:39:03,811 [INFO] MainUpdater:558 - Copy flag file definitions from MX database
2025-11-26 13:39:03,817 [INFO] MainUpdater:574 - Copy thirdparty index definitions from MX database
2025-11-26 13:39:03,818 [INFO] MainUpdater:593 - Copy default thirdparty db definitions from MX database
2025-11-26 13:39:04,033 [INFO] MainUpdater:2872 - connection check result : 10
2025-11-26 13:39:04,033 [INFO] MainUpdater:3604 - Updater definition file requires update
2025-11-26 13:39:04,034 [INFO] MainUpdater:289 - Updater Check For Update Now.
2025-11-26 13:39:04,034 [INFO] MicroXplorer:498 - Change Database Version : DB.6.0.150
2025-11-26 13:39:04,044 [INFO] McuFinderGlobals:63 - Set McuFinder mode to 2 (CubeIDE integrated)
2025-11-26 13:39:04,044 [INFO] UserAuth:171 - activating auth plugin
2025-11-26 13:39:04,046 [INFO] UserAuth:487 - Internet connection configuration mode: 1
2025-11-26 13:39:04,066 [INFO] JxBrowserEngine:152 - Initiate JxBrowser Engine with user profile folder
2025-11-26 13:39:04,088 [INFO] ServerAccessManage:452 - Complete download http(s) 200
2025-11-26 13:39:04,088 [INFO] ServerAccessManage:509 - Download File updaters.zip
2025-11-26 13:39:04,184 [INFO] FileExtend:248 - Unzip File : updaters.zip
2025-11-26 13:39:04,185 [INFO] FileExtend:263 - Standard Zip Deflate
2025-11-26 13:39:04,763 [INFO] ServerAccessManage:452 - Complete download http(s) 200
2025-11-26 13:39:04,763 [INFO] ServerAccessManage:509 - Download File PacksControlFlags.xml
2025-11-26 13:39:04,829 [INFO] ServerAccessManage:452 - Complete download http(s) 200
2025-11-26 13:39:04,830 [INFO] ServerAccessManage:509 - Download File cubemx.pidx
2025-11-26 13:39:04,966 [INFO] ServerAccessManage:452 - Complete download http(s) 200
2025-11-26 13:39:04,966 [INFO] ServerAccessManage:509 - Download File STMicroelectronics.FP-ATR-ASTRA1.pdsc
2025-11-26 13:39:05,128 [INFO] ServerAccessManage:452 - Complete download http(s) 200
2025-11-26 13:39:05,128 [INFO] ServerAccessManage:509 - Download File STMicroelectronics.FP-ATR-SIGFOX1.pdsc
2025-11-26 13:39:05,192 [INFO] ServerAccessManage:452 - Complete download http(s) 200
2025-11-26 13:39:05,192 [INFO] ServerAccessManage:509 - Download File STMicroelectronics.FP-SNS-STBOX1.pdsc
2025-11-26 13:39:05,283 [INFO] ServerAccessManage:452 - Complete download http(s) 200
2025-11-26 13:39:05,284 [INFO] ServerAccessManage:509 - Download File STMicroelectronics.FP-SNS-FLIGHT1.pdsc
2025-11-26 13:39:05,416 [INFO] ServerAccessManage:452 - Complete download http(s) 200
2025-11-26 13:39:05,416 [INFO] ServerAccessManage:509 - Download File STMicroelectronics.FP-SNS-MOTENV1.pdsc
2025-11-26 13:39:05,603 [INFO] ServerAccessManage:452 - Complete download http(s) 200
2025-11-26 13:39:05,603 [INFO] ServerAccessManage:509 - Download File STMicroelectronics.FP-SNS-MOTENVWB1.pdsc
2025-11-26 13:39:05,732 [INFO] ServerAccessManage:452 - Complete download http(s) 200
2025-11-26 13:39:05,732 [INFO] ServerAccessManage:509 - Download File STMicroelectronics.FP-SNS-SMARTAG2.pdsc
2025-11-26 13:39:05,806 [INFO] ServerAccessManage:452 - Complete download http(s) 200
2025-11-26 13:39:05,806 [INFO] ServerAccessManage:509 - Download File STMicroelectronics.FP-SNS-STAIOTCFT.pdsc
2025-11-26 13:39:05,875 [INFO] ServerAccessManage:452 - Complete download http(s) 200
2025-11-26 13:39:05,875 [INFO] ServerAccessManage:509 - Download File STMicroelectronics.X-CUBE-AI.pdsc
2025-11-26 13:39:06,425 [INFO] ServerAccessManage:452 - Complete download http(s) 200
2025-11-26 13:39:06,425 [INFO] ServerAccessManage:509 - Download File STMicroelectronics.X-CUBE-ALS.pdsc
2025-11-26 13:39:06,510 [WARN] MainUpdater:1193 - Updater busy. Cannot search thirdparties
2025-11-26 13:39:06,511 [INFO] ThirdPartyUpdaterWithRetryManager:96 - Updater plugin is busy. [1/15]
2025-11-26 13:39:06,544 [INFO] ServerAccessManage:452 - Complete download http(s) 200
2025-11-26 13:39:06,544 [INFO] ServerAccessManage:509 - Download File STMicroelectronics.X-CUBE-BLE1.pdsc
2025-11-26 13:39:07,032 [ERROR] ServerAccessManage:1212 - Problem, file not found on Server
2025-11-26 13:39:07,057 [INFO] ServerAccessManage:452 - Complete download http(s) 200
2025-11-26 13:39:07,058 [INFO] ServerAccessManage:509 - Download File STMicroelectronics.X-CUBE-BLE2.pdsc
2025-11-26 13:39:07,313 [INFO] ServerAccessManage:452 - Complete download http(s) 200
2025-11-26 13:39:07,313 [INFO] ServerAccessManage:509 - Download File STMicroelectronics.X-CUBE-BLEMGR.pdsc
2025-11-26 13:39:07,500 [ERROR] ServerAccessManage:1212 - Problem, file not found on Server
2025-11-26 13:39:07,715 [INFO] ServerAccessManage:452 - Complete download http(s) 200
2025-11-26 13:39:07,715 [INFO] ServerAccessManage:509 - Download File STMicroelectronics.X-CUBE-DISPLAY.pdsc
2025-11-26 13:39:07,757 [INFO] WebApp:169 - Instantiating new browser for Auth
2025-11-26 13:39:07,941 [INFO] ServerAccessManage:452 - Complete download http(s) 200
2025-11-26 13:39:07,941 [INFO] ServerAccessManage:509 - Download File STMicroelectronics.X-CUBE-DPOWER.pdsc
2025-11-26 13:39:08,303 [ERROR] ServerAccessManage:1212 - Problem, file not found on Server
2025-11-26 13:39:08,352 [INFO] WebApp:463 - Apply proxy settings
2025-11-26 13:39:08,352 [INFO] WebApp:548 - Chromium requires no authentication
2025-11-26 13:39:08,357 [INFO] WebApp:491 - Direct internet connection detected
2025-11-26 13:39:08,372 [INFO] WebApp:900 - Register for checkConnection events
2025-11-26 13:39:08,372 [INFO] WebApp:463 - Apply proxy settings
2025-11-26 13:39:08,372 [INFO] WebApp:548 - Chromium requires no authentication
2025-11-26 13:39:08,373 [INFO] WebApp:491 - Direct internet connection detected
2025-11-26 13:39:08,374 [ERROR] ServerAccessManage:1212 - Problem, file not found on Server
2025-11-26 13:39:08,479 [ERROR] ServerAccessManage:1212 - Problem, file not found on Server
2025-11-26 13:39:08,491 [INFO] WebApp:225 - Starting web application
2025-11-26 13:39:08,492 [INFO] WebApp:593 - Web application path used C:\ST\STM32CubeIDE_1.19.0\STM32CubeIDE\plugins\com.st.stm32cube.common.mx_6.15.0.202507011659\db\plugins\mcufinder\reactClient1\index.html
2025-11-26 13:39:08,582 [INFO] WebApp:191 - Connection restablished
2025-11-26 13:39:08,604 [ERROR] ServerAccessManage:1212 - Problem, file not found on Server
2025-11-26 13:39:08,735 [ERROR] ServerAccessManage:1212 - Problem, file not found on Server
2025-11-26 13:39:08,844 [ERROR] ServerAccessManage:1212 - Problem, file not found on Server
2025-11-26 13:39:08,955 [ERROR] ServerAccessManage:1212 - Problem, file not found on Server
2025-11-26 13:39:09,025 [ERROR] ServerAccessManage:1212 - Problem, file not found on Server
2025-11-26 13:39:09,175 [ERROR] ServerAccessManage:1212 - Problem, file not found on Server
2025-11-26 13:39:09,263 [ERROR] ServerAccessManage:1212 - Problem, file not found on Server
2025-11-26 13:39:09,325 [ERROR] ServerAccessManage:1212 - Problem, file not found on Server
2025-11-26 13:39:09,348 [INFO] ServerAccessManage:452 - Complete download http(s) 200
2025-11-26 13:39:09,348 [INFO] ServerAccessManage:509 - Download File STMicroelectronics.X-CUBE-EEPRMA1.pdsc
2025-11-26 13:39:09,512 [WARN] MainUpdater:1193 - Updater busy. Cannot search thirdparties
2025-11-26 13:39:09,512 [INFO] ThirdPartyUpdaterWithRetryManager:96 - Updater plugin is busy. [2/15]
2025-11-26 13:39:09,544 [ERROR] ServerAccessManage:1212 - Problem, file not found on Server
2025-11-26 13:39:09,691 [ERROR] ServerAccessManage:1212 - Problem, file not found on Server
2025-11-26 13:39:09,782 [INFO] ServerAccessManage:452 - Complete download http(s) 200
2025-11-26 13:39:09,783 [INFO] ServerAccessManage:509 - Download File STMicroelectronics.X-CUBE-FREERTOS.pdsc
2025-11-26 13:39:10,003 [INFO] ServerAccessManage:452 - Complete download http(s) 200
2025-11-26 13:39:10,003 [INFO] ServerAccessManage:509 - Download File STMicroelectronics.X-CUBE-GNSS1.pdsc
2025-11-26 13:39:10,361 [ERROR] ServerAccessManage:1212 - Problem, file not found on Server
2025-11-26 13:39:10,428 [ERROR] ServerAccessManage:1212 - Problem, file not found on Server
2025-11-26 13:39:10,557 [ERROR] ServerAccessManage:1212 - Problem, file not found on Server
2025-11-26 13:39:10,677 [ERROR] ServerAccessManage:1212 - Problem, file not found on Server
2025-11-26 13:39:10,772 [ERROR] ServerAccessManage:1212 - Problem, file not found on Server
2025-11-26 13:39:10,835 [ERROR] ServerAccessManage:1212 - Problem, file not found on Server
2025-11-26 13:39:10,859 [INFO] ServerAccessManage:452 - Complete download http(s) 200
2025-11-26 13:39:10,859 [INFO] ServerAccessManage:509 - Download File STMicroelectronics.X-CUBE-ISPU.pdsc
2025-11-26 13:39:10,996 [INFO] ServerAccessManage:452 - Complete download http(s) 200
2025-11-26 13:39:10,997 [INFO] ServerAccessManage:509 - Download File STMicroelectronics.X-CUBE-IPS.pdsc
2025-11-26 13:39:11,115 [INFO] ServerAccessManage:452 - Complete download http(s) 200
2025-11-26 13:39:11,115 [INFO] ServerAccessManage:509 - Download File STMicroelectronics.X-CUBE-MEMS1.pdsc
2025-11-26 13:39:11,881 [INFO] ServerAccessManage:452 - Complete download http(s) 200
2025-11-26 13:39:11,881 [INFO] ServerAccessManage:509 - Download File STMicroelectronics.X-CUBE-NFC4.pdsc
2025-11-26 13:39:12,268 [INFO] ServerAccessManage:452 - Complete download http(s) 200
2025-11-26 13:39:12,268 [INFO] ServerAccessManage:509 - Download File STMicroelectronics.X-CUBE-NFC6.pdsc
2025-11-26 13:39:12,366 [INFO] ServerAccessManage:452 - Complete download http(s) 200
2025-11-26 13:39:12,366 [INFO] ServerAccessManage:509 - Download File STMicroelectronics.X-CUBE-NFC7.pdsc
2025-11-26 13:39:12,475 [INFO] ServerAccessManage:452 - Complete download http(s) 200
2025-11-26 13:39:12,476 [INFO] ServerAccessManage:509 - Download File STMicroelectronics.X-CUBE-NFC9.pdsc
2025-11-26 13:39:12,513 [WARN] MainUpdater:1193 - Updater busy. Cannot search thirdparties
2025-11-26 13:39:12,513 [INFO] ThirdPartyUpdaterWithRetryManager:96 - Updater plugin is busy. [3/15]
2025-11-26 13:39:12,545 [INFO] ServerAccessManage:452 - Complete download http(s) 200
2025-11-26 13:39:12,545 [INFO] ServerAccessManage:509 - Download File STMicroelectronics.X-CUBE-NFC10.pdsc
2025-11-26 13:39:12,615 [INFO] ServerAccessManage:452 - Complete download http(s) 200
2025-11-26 13:39:12,615 [INFO] ServerAccessManage:509 - Download File STMicroelectronics.X-CUBE-NFC12.pdsc
2025-11-26 13:39:12,693 [INFO] ServerAccessManage:452 - Complete download http(s) 200
2025-11-26 13:39:12,693 [INFO] ServerAccessManage:509 - Download File STMicroelectronics.X-CUBE-SFXS2LP1.pdsc
2025-11-26 13:39:12,910 [INFO] ServerAccessManage:452 - Complete download http(s) 200
2025-11-26 13:39:12,910 [INFO] ServerAccessManage:509 - Download File STMicroelectronics.X-CUBE-SUBG2.pdsc
2025-11-26 13:39:13,199 [INFO] ServerAccessManage:452 - Complete download http(s) 200
2025-11-26 13:39:13,199 [INFO] ServerAccessManage:509 - Download File STMicroelectronics.X-CUBE-SMBUS.pdsc
2025-11-26 13:39:13,349 [ERROR] ServerAccessManage:1212 - Problem, file not found on Server
2025-11-26 13:39:13,373 [INFO] ServerAccessManage:452 - Complete download http(s) 200
2025-11-26 13:39:13,373 [INFO] ServerAccessManage:509 - Download File STMicroelectronics.X-CUBE-ST60.pdsc
2025-11-26 13:39:13,463 [INFO] ServerAccessManage:452 - Complete download http(s) 200
2025-11-26 13:39:13,463 [INFO] ServerAccessManage:509 - Download File STMicroelectronics.X-CUBE-ST67W61.pdsc
2025-11-26 13:39:13,529 [INFO] ServerAccessManage:452 - Complete download http(s) 200
2025-11-26 13:39:13,529 [INFO] ServerAccessManage:509 - Download File STMicroelectronics.X-CUBE-STSE01.pdsc
2025-11-26 13:39:13,597 [INFO] ServerAccessManage:452 - Complete download http(s) 200
2025-11-26 13:39:13,597 [INFO] ServerAccessManage:509 - Download File STMicroelectronics.X-CUBE-PM33A1.pdsc
2025-11-26 13:39:13,672 [INFO] ServerAccessManage:452 - Complete download http(s) 200
2025-11-26 13:39:13,672 [INFO] ServerAccessManage:509 - Download File STMicroelectronics.X-CUBE-TCPP.pdsc
2025-11-26 13:39:13,773 [INFO] ServerAccessManage:452 - Complete download http(s) 200
2025-11-26 13:39:13,773 [INFO] ServerAccessManage:509 - Download File STMicroelectronics.X-CUBE-TOF1.pdsc
2025-11-26 13:39:14,110 [ERROR] ServerAccessManage:1212 - Problem, file not found on Server
2025-11-26 13:39:14,158 [INFO] ServerAccessManage:452 - Complete download http(s) 200
2025-11-26 13:39:14,158 [INFO] ServerAccessManage:509 - Download File STMicroelectronics.X-CUBE-TOUCHGFX.pdsc
2025-11-26 13:39:14,820 [INFO] ServerAccessManage:452 - Complete download http(s) 200
2025-11-26 13:39:14,820 [INFO] ServerAccessManage:509 - Download File STMicroelectronics.X-CUBE-ALGOBUILD.pdsc
2025-11-26 13:39:15,006 [INFO] ServerAccessManage:452 - Complete download http(s) 200
2025-11-26 13:39:15,006 [INFO] ServerAccessManage:509 - Download File STMicroelectronics.X-CUBE-AZRTOS-H7.pdsc
2025-11-26 13:39:15,294 [INFO] ServerAccessManage:452 - Complete download http(s) 200
2025-11-26 13:39:15,294 [INFO] ServerAccessManage:509 - Download File STMicroelectronics.X-CUBE-AZRTOS-H7RS.pdsc
2025-11-26 13:39:15,421 [INFO] ServerAccessManage:452 - Complete download http(s) 200
2025-11-26 13:39:15,421 [INFO] ServerAccessManage:509 - Download File STMicroelectronics.X-CUBE-AZRTOS-F4.pdsc
2025-11-26 13:39:15,514 [WARN] MainUpdater:1193 - Updater busy. Cannot search thirdparties
2025-11-26 13:39:15,514 [INFO] ThirdPartyUpdaterWithRetryManager:96 - Updater plugin is busy. [4/15]
2025-11-26 13:39:15,518 [INFO] ServerAccessManage:452 - Complete download http(s) 200
2025-11-26 13:39:15,519 [INFO] ServerAccessManage:509 - Download File STMicroelectronics.X-CUBE-AZRTOS-F7.pdsc
2025-11-26 13:39:15,619 [INFO] ServerAccessManage:452 - Complete download http(s) 200
2025-11-26 13:39:15,619 [INFO] ServerAccessManage:509 - Download File STMicroelectronics.X-CUBE-AZRTOS-L4.pdsc
2025-11-26 13:39:15,732 [INFO] ServerAccessManage:452 - Complete download http(s) 200
2025-11-26 13:39:15,732 [INFO] ServerAccessManage:509 - Download File STMicroelectronics.X-CUBE-AZRTOS-L5.pdsc
2025-11-26 13:39:15,868 [INFO] ServerAccessManage:452 - Complete download http(s) 200
2025-11-26 13:39:15,868 [INFO] ServerAccessManage:509 - Download File STMicroelectronics.X-CUBE-AZRTOS-G0.pdsc
2025-11-26 13:39:15,977 [INFO] ServerAccessManage:452 - Complete download http(s) 200
2025-11-26 13:39:15,977 [INFO] ServerAccessManage:509 - Download File STMicroelectronics.X-CUBE-AZRTOS-G4.pdsc
2025-11-26 13:39:16,076 [INFO] ServerAccessManage:452 - Complete download http(s) 200
2025-11-26 13:39:16,076 [INFO] ServerAccessManage:509 - Download File STMicroelectronics.X-CUBE-AZRTOS-WB.pdsc
2025-11-26 13:39:16,177 [INFO] ServerAccessManage:452 - Complete download http(s) 200
2025-11-26 13:39:16,177 [INFO] ServerAccessManage:509 - Download File STMicroelectronics.X-CUBE-AZRTOS-WL.pdsc
2025-11-26 13:39:16,277 [INFO] ServerAccessManage:452 - Complete download http(s) 200
2025-11-26 13:39:16,277 [INFO] ServerAccessManage:509 - Download File STMicroelectronics.X-CUBE-WB05N.pdsc
2025-11-26 13:39:16,786 [INFO] ServerAccessManage:452 - Complete download http(s) 200
2025-11-26 13:39:16,786 [INFO] ServerAccessManage:509 - Download File wolfSSL.I-CUBE-wolfSSL.pdsc
2025-11-26 13:39:18,515 [WARN] MainUpdater:1193 - Updater busy. Cannot search thirdparties
2025-11-26 13:39:18,515 [INFO] ThirdPartyUpdaterWithRetryManager:96 - Updater plugin is busy. [5/15]
2025-11-26 13:39:20,165 [ERROR] ServerAccessManage:1212 - Problem, file not found on Server
2025-11-26 13:39:20,348 [ERROR] ServerAccessManage:1212 - Problem, file not found on Server
2025-11-26 13:39:20,530 [ERROR] ServerAccessManage:1212 - Problem, file not found on Server
2025-11-26 13:39:20,634 [INFO] ServerAccessManage:452 - Complete download http(s) 200
2025-11-26 13:39:20,634 [INFO] ServerAccessManage:509 - Download File wolfSSL.I-CUBE-wolfMQTT.pdsc
2025-11-26 13:39:21,396 [ERROR] ServerAccessManage:1212 - Problem, file not found on Server
2025-11-26 13:39:21,500 [INFO] ServerAccessManage:452 - Complete download http(s) 200
2025-11-26 13:39:21,500 [INFO] ServerAccessManage:509 - Download File wolfSSL.I-CUBE-wolfTPM.pdsc
2025-11-26 13:39:21,515 [WARN] MainUpdater:1193 - Updater busy. Cannot search thirdparties
2025-11-26 13:39:21,515 [INFO] ThirdPartyUpdaterWithRetryManager:96 - Updater plugin is busy. [6/15]
2025-11-26 13:39:22,448 [INFO] ServerAccessManage:452 - Complete download http(s) 200
2025-11-26 13:39:22,448 [INFO] ServerAccessManage:509 - Download File wolfSSL.I-CUBE-wolfSSH.pdsc
2025-11-26 13:39:23,486 [INFO] ServerAccessManage:452 - Complete download http(s) 200
2025-11-26 13:39:23,486 [INFO] ServerAccessManage:509 - Download File RealThread.X-CUBE-RT-Thread_Nano.pdsc
2025-11-26 13:39:24,197 [INFO] ServerAccessManage:452 - Complete download http(s) 200
2025-11-26 13:39:24,198 [INFO] ServerAccessManage:509 - Download File SEGGER.I-CUBE-embOS.pdsc
2025-11-26 13:39:24,506 [INFO] ServerAccessManage:452 - Complete download http(s) 200
2025-11-26 13:39:24,506 [INFO] ServerAccessManage:509 - Download File emotas.I-CUBE-CANOPEN.pdsc
2025-11-26 13:39:24,516 [WARN] MainUpdater:1193 - Updater busy. Cannot search thirdparties
2025-11-26 13:39:24,516 [INFO] ThirdPartyUpdaterWithRetryManager:96 - Updater plugin is busy. [7/15]
2025-11-26 13:39:25,299 [INFO] ServerAccessManage:452 - Complete download http(s) 200
2025-11-26 13:39:25,299 [INFO] ServerAccessManage:509 - Download File WES.I-CUBE-Cesium.pdsc
2025-11-26 13:39:25,980 [ERROR] ServerAccessManage:1212 - Problem, file not found on Server
2025-11-26 13:39:26,227 [ERROR] ServerAccessManage:1212 - Problem, file not found on Server
2025-11-26 13:39:26,921 [INFO] ServerAccessManage:452 - Complete download http(s) 200
2025-11-26 13:39:26,922 [INFO] ServerAccessManage:509 - Download File ITTIA_DB.I-CUBE-ITTIADB.pdsc
2025-11-26 13:39:27,518 [WARN] MainUpdater:1193 - Updater busy. Cannot search thirdparties
2025-11-26 13:39:27,518 [INFO] ThirdPartyUpdaterWithRetryManager:96 - Updater plugin is busy. [8/15]
2025-11-26 13:39:30,328 [INFO] ServerAccessManage:452 - Complete download http(s) 200
2025-11-26 13:39:30,328 [INFO] ServerAccessManage:509 - Download File Infineon.AIROC-Wi-Fi-Bluetooth-STM32.pdsc
2025-11-26 13:39:30,518 [WARN] MainUpdater:1193 - Updater busy. Cannot search thirdparties
2025-11-26 13:39:30,518 [INFO] ThirdPartyUpdaterWithRetryManager:96 - Updater plugin is busy. [9/15]
2025-11-26 13:39:33,519 [WARN] MainUpdater:1193 - Updater busy. Cannot search thirdparties
2025-11-26 13:39:33,520 [INFO] ThirdPartyUpdaterWithRetryManager:96 - Updater plugin is busy. [10/15]
2025-11-26 13:39:34,511 [INFO] ServerAccessManage:452 - Complete download http(s) 200
2025-11-26 13:39:34,511 [INFO] ServerAccessManage:509 - Download File Cesanta.I-CUBE-Mongoose.pdsc
2025-11-26 13:39:36,316 [INFO] ServerAccessManage:452 - Complete download http(s) 200
2025-11-26 13:39:36,316 [INFO] ServerAccessManage:509 - Download File EmbeddedOffice.I-CUBE-FS-RTOS.pdsc
2025-11-26 13:39:36,521 [WARN] MainUpdater:1193 - Updater busy. Cannot search thirdparties
2025-11-26 13:39:36,521 [INFO] ThirdPartyUpdaterWithRetryManager:96 - Updater plugin is busy. [11/15]
2025-11-26 13:39:36,948 [INFO] ServerAccessManage:452 - Complete download http(s) 200
2025-11-26 13:39:36,948 [INFO] ServerAccessManage:509 - Download File quantropi.X-CUBE-qispace-sdk-base.pdsc
2025-11-26 13:39:37,471 [INFO] ServerAccessManage:452 - Complete download http(s) 200
2025-11-26 13:39:37,471 [INFO] ServerAccessManage:509 - Download File Avnet-IOTCONNECT.X-CUBE-iotc-st67-sdk.pdsc
2025-11-26 13:39:37,559 [WARN] CheckServerUpdateThread:151 - Open CheckUpdateFile Fail
2025-11-26 13:39:37,569 [WARN] PackLoader:240 - Cannot read IP mode file for STMicroelectronics.FP-ATR-ASTRA1.2.0.2
2025-11-26 13:39:37,582 [WARN] PackLoader:240 - Cannot read IP mode file for STMicroelectronics.FP-ATR-SIGFOX1.3.2.0
2025-11-26 13:39:37,590 [WARN] PackLoader:240 - Cannot read IP mode file for STMicroelectronics.FP-SNS-STBOX1.2.1.0
2025-11-26 13:39:37,605 [WARN] PackLoader:240 - Cannot read IP mode file for STMicroelectronics.FP-SNS-FLIGHT1.5.1.0
2025-11-26 13:39:37,610 [WARN] PackLoader:240 - Cannot read IP mode file for STMicroelectronics.FP-SNS-MOTENV1.5.1.0
2025-11-26 13:39:37,616 [WARN] PackLoader:240 - Cannot read IP mode file for STMicroelectronics.FP-SNS-MOTENVWB1.1.4.0
2025-11-26 13:39:37,620 [WARN] PackLoader:240 - Cannot read IP mode file for STMicroelectronics.FP-SNS-SMARTAG2.1.2.0
2025-11-26 13:39:37,628 [WARN] PackLoader:240 - Cannot read IP mode file for STMicroelectronics.FP-SNS-STAIOTCFT.1.0.0
2025-11-26 13:39:37,632 [WARN] PackLoader:240 - Cannot read IP mode file for STMicroelectronics.X-CUBE-AI.10.2.0
2025-11-26 13:39:37,636 [WARN] PackLoader:240 - Cannot read IP mode file for STMicroelectronics.X-CUBE-ALS.1.0.2
2025-11-26 13:39:37,644 [WARN] PackLoader:240 - Cannot read IP mode file for STMicroelectronics.X-CUBE-BLE1.7.1.0
2025-11-26 13:39:37,660 [WARN] PackLoader:240 - Cannot read IP mode file for STMicroelectronics.X-CUBE-BLE2.3.3.0
2025-11-26 13:39:37,675 [WARN] PackLoader:240 - Cannot read IP mode file for STMicroelectronics.X-CUBE-BLEMGR.4.1.0
2025-11-26 13:39:37,687 [INFO] CheckServerUpdateThread:120 - End of CheckServer Thread
2025-11-26 13:39:37,697 [WARN] PackLoader:240 - Cannot read IP mode file for STMicroelectronics.X-CUBE-DISPLAY.3.0.0
2025-11-26 13:39:37,704 [WARN] PackLoader:240 - Cannot read IP mode file for STMicroelectronics.X-CUBE-DPower.1.3.0
2025-11-26 13:39:37,709 [WARN] PackLoader:240 - Cannot read IP mode file for STMicroelectronics.X-CUBE-EEPRMA1.5.2.0
2025-11-26 13:39:37,716 [WARN] PackLoader:240 - Cannot read IP mode file for STMicroelectronics.X-CUBE-FREERTOS.1.4.0
2025-11-26 13:39:37,721 [WARN] PackLoader:240 - Cannot read IP mode file for STMicroelectronics.X-CUBE-GNSS1.7.1.0
2025-11-26 13:39:37,725 [WARN] PackLoader:240 - Cannot read IP mode file for STMicroelectronics.X-CUBE-ISPU.2.1.0
2025-11-26 13:39:37,736 [WARN] PackLoader:240 - Cannot read IP mode file for STMicroelectronics.X-CUBE-IPS.3.2.0
2025-11-26 13:39:37,774 [WARN] PackLoader:240 - Cannot read IP mode file for STMicroelectronics.X-CUBE-MEMS1.12.0.0
2025-11-26 13:39:37,839 [WARN] PackLoader:240 - Cannot read IP mode file for STMicroelectronics.X-CUBE-NFC4.3.0.0
2025-11-26 13:39:37,844 [WARN] PackLoader:240 - Cannot read IP mode file for STMicroelectronics.X-CUBE-NFC6.3.1.0
2025-11-26 13:39:37,848 [WARN] PackLoader:240 - Cannot read IP mode file for STMicroelectronics.X-CUBE-NFC7.2.0.0
2025-11-26 13:39:37,852 [WARN] PackLoader:240 - Cannot read IP mode file for STMicroelectronics.X-CUBE-NFC9.1.0.0
2025-11-26 13:39:37,856 [WARN] PackLoader:240 - Cannot read IP mode file for STMicroelectronics.X-CUBE-NFC10.1.0.0
2025-11-26 13:39:37,861 [WARN] PackLoader:240 - Cannot read IP mode file for STMicroelectronics.X-CUBE-NFC12.1.0.0
2025-11-26 13:39:37,865 [WARN] PackLoader:240 - Cannot read IP mode file for STMicroelectronics.X-CUBE-SFXS2LP1.4.0.0
2025-11-26 13:39:37,873 [WARN] PackLoader:240 - Cannot read IP mode file for STMicroelectronics.X-CUBE-SUBG2.5.0.0
2025-11-26 13:39:37,879 [WARN] PackLoader:240 - Cannot read IP mode file for STMicroelectronics.X-CUBE-SMBUS.2.1.0
2025-11-26 13:39:37,882 [WARN] PackLoader:240 - Cannot read IP mode file for STMicroelectronics.X-CUBE-ST60.1.1.0
2025-11-26 13:39:37,887 [WARN] PackLoader:240 - Cannot read IP mode file for STMicroelectronics.X-CUBE-ST67W61.1.1.0
2025-11-26 13:39:37,891 [WARN] PackLoader:240 - Cannot read IP mode file for STMicroelectronics.X-CUBE-STSE01.1.0.0
2025-11-26 13:39:37,895 [WARN] PackLoader:240 - Cannot read IP mode file for STMicroelectronics.X-CUBE-PM33A1.1.0.0
2025-11-26 13:39:37,902 [WARN] PackLoader:240 - Cannot read IP mode file for STMicroelectronics.X-CUBE-TCPP.4.2.0
2025-11-26 13:39:37,909 [WARN] PackLoader:240 - Cannot read IP mode file for STMicroelectronics.X-CUBE-TOF1.3.4.3
2025-11-26 13:39:37,922 [WARN] PackLoader:240 - Cannot read IP mode file for STMicroelectronics.X-CUBE-TOUCHGFX.4.26.0
2025-11-26 13:39:37,925 [WARN] PackLoader:240 - Cannot read IP mode file for STMicroelectronics.X-CUBE-ALGOBUILD.1.4.0
2025-11-26 13:39:37,936 [WARN] PackLoader:240 - Cannot read IP mode file for STMicroelectronics.X-CUBE-AZRTOS-H7.3.4.0
2025-11-26 13:39:37,948 [WARN] PackLoader:240 - Cannot read IP mode file for STMicroelectronics.X-CUBE-AZRTOS-H7RS.1.2.0
2025-11-26 13:39:37,958 [WARN] PackLoader:240 - Cannot read IP mode file for STMicroelectronics.X-CUBE-AZRTOS-F4.1.1.0
2025-11-26 13:39:37,966 [WARN] PackLoader:240 - Cannot read IP mode file for STMicroelectronics.X-CUBE-AZRTOS-F7.1.1.0
2025-11-26 13:39:37,980 [WARN] ConditionMgr:438 - getConditionDescription Invalid condition id : LAN8742 Phy interface Condition cause : null
2025-11-26 13:39:37,980 [WARN] PackLoader:240 - Cannot read IP mode file for STMicroelectronics.X-CUBE-AZRTOS-L4.2.0.0
2025-11-26 13:39:37,981 [WARN] ConditionMgr:1044 - genDependencies : Invalid condition id : LAN8742 Phy interface Condition cause : null
2025-11-26 13:39:37,981 [WARN] ConditionMgr:1044 - genDependencies : Invalid condition id : LAN8742 Phy interface Condition cause : null
2025-11-26 13:39:37,981 [WARN] ConditionMgr:1044 - genDependencies : Invalid condition id : LAN8742 Phy interface Condition cause : null
2025-11-26 13:39:37,990 [WARN] PackLoader:240 - Cannot read IP mode file for STMicroelectronics.X-CUBE-AZRTOS-L5.2.0.0
2025-11-26 13:39:38,001 [WARN] PackLoader:240 - Cannot read IP mode file for STMicroelectronics.X-CUBE-AZRTOS-G0.1.1.0
2025-11-26 13:39:38,011 [WARN] PackLoader:240 - Cannot read IP mode file for STMicroelectronics.X-CUBE-AZRTOS-G4.2.0.0
2025-11-26 13:39:38,018 [WARN] ConditionMgr:438 - getConditionDescription Invalid condition id : UX DEVICE CLASS RTOS Condition cause : null
2025-11-26 13:39:38,018 [WARN] ConditionMgr:438 - getConditionDescription Invalid condition id : UX DEVICE CLASS RTOS Condition cause : null
2025-11-26 13:39:38,019 [WARN] PackLoader:240 - Cannot read IP mode file for STMicroelectronics.X-CUBE-AZRTOS-WB.2.0.0
2025-11-26 13:39:38,020 [WARN] ConditionMgr:1044 - genDependencies : Invalid condition id : UX DEVICE CLASS RTOS Condition cause : null
2025-11-26 13:39:38,020 [WARN] ConditionMgr:1044 - genDependencies : Invalid condition id : UX DEVICE CLASS RTOS Condition cause : null
2025-11-26 13:39:38,020 [WARN] ConditionMgr:1044 - genDependencies : Invalid condition id : UX DEVICE CLASS RTOS Condition cause : null
2025-11-26 13:39:38,020 [WARN] ConditionMgr:1044 - genDependencies : Invalid condition id : UX DEVICE CLASS RTOS Condition cause : null
2025-11-26 13:39:38,020 [WARN] ConditionMgr:1044 - genDependencies : Invalid condition id : UX DEVICE CLASS RTOS Condition cause : null
2025-11-26 13:39:38,028 [INFO] LogOutputStream:77 - [STDOUT_REDIRECT] 1 : Invalid condition id : UX_CORESTACK_Condition cause : null
2025-11-26 13:39:38,029 [INFO] LogOutputStream:77 - [STDOUT_REDIRECT] 1 : Invalid condition id : UX_CORESTACK_Condition cause : null
2025-11-26 13:39:38,030 [INFO] LogOutputStream:77 - [STDOUT_REDIRECT] 1 : Invalid condition id : UX_CORESTACK_Condition cause : null
2025-11-26 13:39:38,031 [INFO] LogOutputStream:77 - [STDOUT_REDIRECT] 1 : Invalid condition id : UX_CORESTACK_Condition cause : null
2025-11-26 13:39:38,032 [INFO] LogOutputStream:77 - [STDOUT_REDIRECT] 1 : Invalid condition id : UX_CORESTACK_Condition cause : null
2025-11-26 13:39:38,033 [WARN] PackLoader:240 - Cannot read IP mode file for STMicroelectronics.X-CUBE-AZRTOS-WL.2.0.0
2025-11-26 13:39:38,037 [WARN] PackLoader:240 - Cannot read IP mode file for STMicroelectronics.X-CUBE-WB05N.2.0.0
2025-11-26 13:39:38,040 [WARN] PackLoader:240 - Cannot read IP mode file for wolfSSL.I-CUBE-wolfSSL.5.8.2
2025-11-26 13:39:38,043 [WARN] PackLoader:240 - Cannot read IP mode file for wolfSSL.I-CUBE-wolfMQTT.1.19.2
2025-11-26 13:39:38,053 [WARN] PackLoader:240 - Cannot read IP mode file for wolfSSL.I-CUBE-wolfTPM.3.8.0
2025-11-26 13:39:38,057 [WARN] PackLoader:240 - Cannot read IP mode file for wolfSSL.I-CUBE-wolfSSH.1.4.20
2025-11-26 13:39:38,060 [WARN] PackLoader:240 - Cannot read IP mode file for RealThread.X-CUBE-RT-Thread_Nano.4.1.1
2025-11-26 13:39:38,077 [WARN] PackLoader:240 - Cannot read IP mode file for SEGGER.I-CUBE-embOS.1.3.1
2025-11-26 13:39:38,098 [WARN] PackLoader:240 - Cannot read IP mode file for emotas.I-CUBE-CANOPEN.1.3.0
2025-11-26 13:39:38,103 [WARN] PackLoader:240 - Cannot read IP mode file for WES.I-CUBE-Cesium.1.4.0
2025-11-26 13:39:38,107 [WARN] PackLoader:240 - Cannot read IP mode file for ITTIA_DB.I-CUBE-ITTIADB.8.9.0
2025-11-26 13:39:38,115 [WARN] PackLoader:240 - Cannot read IP mode file for Infineon.AIROC-Wi-Fi-Bluetooth-STM32.1.8.0
2025-11-26 13:39:38,120 [WARN] PackLoader:240 - Cannot read IP mode file for Cesanta.I-CUBE-Mongoose.7.20.0
2025-11-26 13:39:38,125 [WARN] PackLoader:240 - Cannot read IP mode file for EmbeddedOffice.I-CUBE-FS-RTOS.1.0.1
2025-11-26 13:39:38,128 [WARN] ConditionMgr:438 - getConditionDescription Invalid condition id : Cortex-A Device cause : null
2025-11-26 13:39:38,147 [WARN] ConditionMgr:1044 - genDependencies : Invalid condition id : Cortex-A Device cause : null
2025-11-26 13:39:38,147 [WARN] ConditionMgr:1044 - genDependencies : Invalid condition id : Cortex-A Device cause : null
2025-11-26 13:39:38,147 [WARN] ConditionMgr:1044 - genDependencies : Invalid condition id : Cortex-A Device cause : null
2025-11-26 13:39:38,163 [INFO] PopulateThirdPartyThread:66 - Ending populate Thread
2025-11-26 13:39:38,166 [INFO] ThirdParty:1030 - CMSIS Pack Vendor :STMicroelectronics X-CUBE-PM33A1 1.0.0
2025-11-26 13:39:38,166 [INFO] ThirdParty:1030 - CMSIS Pack Vendor :STMicroelectronics X-CUBE-NFC9 1.0.0
2025-11-26 13:39:38,166 [INFO] ThirdParty:1030 - CMSIS Pack Vendor :STMicroelectronics FP-SNS-MOTENVWB1 1.4.0
2025-11-26 13:39:38,166 [INFO] ThirdParty:1030 - CMSIS Pack Vendor :STMicroelectronics X-CUBE-AZRTOS-F4 1.1.0
2025-11-26 13:39:38,166 [INFO] ThirdParty:1030 - CMSIS Pack Vendor :STMicroelectronics FP-ATR-ASTRA1 2.0.2
2025-11-26 13:39:38,166 [INFO] ThirdParty:1030 - CMSIS Pack Vendor :wolfSSL I-CUBE-wolfSSL 5.8.2
2025-11-26 13:39:38,166 [INFO] ThirdParty:1030 - CMSIS Pack Vendor :STMicroelectronics X-CUBE-BLE1 7.1.0
2025-11-26 13:39:38,166 [INFO] ThirdParty:1030 - CMSIS Pack Vendor :STMicroelectronics X-CUBE-SMBUS 2.1.0
2025-11-26 13:39:38,167 [INFO] ThirdParty:1030 - CMSIS Pack Vendor :wolfSSL I-CUBE-wolfMQTT 1.19.2
2025-11-26 13:39:38,167 [INFO] ThirdParty:1030 - CMSIS Pack Vendor :STMicroelectronics X-CUBE-ISPU 2.1.0
2025-11-26 13:39:38,167 [INFO] ThirdParty:1030 - CMSIS Pack Vendor :STMicroelectronics X-CUBE-FREERTOS 1.4.0
2025-11-26 13:39:38,167 [INFO] ThirdParty:1030 - CMSIS Pack Vendor :STMicroelectronics X-CUBE-BLEMGR 4.1.0
2025-11-26 13:39:38,167 [INFO] ThirdParty:1030 - CMSIS Pack Vendor :STMicroelectronics X-CUBE-EEPRMA1 5.2.0
2025-11-26 13:39:38,167 [INFO] ThirdParty:1030 - CMSIS Pack Vendor :STMicroelectronics X-CUBE-IPS 3.2.0
2025-11-26 13:39:38,167 [INFO] ThirdParty:1030 - CMSIS Pack Vendor :STMicroelectronics X-CUBE-AZRTOS-WB 2.0.0
2025-11-26 13:39:38,167 [INFO] ThirdParty:1030 - CMSIS Pack Vendor :Cesanta I-CUBE-Mongoose 7.20.0
2025-11-26 13:39:38,167 [INFO] ThirdParty:1030 - CMSIS Pack Vendor :STMicroelectronics X-CUBE-NFC12 1.0.0
2025-11-26 13:39:38,167 [INFO] ThirdParty:1030 - CMSIS Pack Vendor :STMicroelectronics X-CUBE-AZRTOS-F7 1.1.0
2025-11-26 13:39:38,167 [INFO] ThirdParty:1030 - CMSIS Pack Vendor :STMicroelectronics X-CUBE-AZRTOS-L5 2.0.0
2025-11-26 13:39:38,167 [INFO] ThirdParty:1030 - CMSIS Pack Vendor :STMicroelectronics X-CUBE-NFC6 3.1.0
2025-11-26 13:39:38,167 [INFO] ThirdParty:1030 - CMSIS Pack Vendor :STMicroelectronics X-CUBE-ST67W61 1.1.0
2025-11-26 13:39:38,167 [INFO] ThirdParty:1030 - CMSIS Pack Vendor :quantropi X-CUBE-qispace-sdk-base 2.1.0
2025-11-26 13:39:38,167 [INFO] ThirdParty:1030 - CMSIS Pack Vendor :STMicroelectronics X-CUBE-MEMS1 12.0.0
2025-11-26 13:39:38,167 [INFO] ThirdParty:1030 - CMSIS Pack Vendor :STMicroelectronics FP-SNS-MOTENV1 5.1.0
2025-11-26 13:39:38,167 [INFO] ThirdParty:1030 - CMSIS Pack Vendor :STMicroelectronics X-CUBE-AZRTOS-G0 1.1.0
2025-11-26 13:39:38,167 [INFO] ThirdParty:1030 - CMSIS Pack Vendor :STMicroelectronics X-CUBE-NFC4 3.0.0
2025-11-26 13:39:38,167 [INFO] ThirdParty:1030 - CMSIS Pack Vendor :STMicroelectronics X-CUBE-SUBG2 5.0.0
2025-11-26 13:39:38,168 [INFO] ThirdParty:1030 - CMSIS Pack Vendor :EmbeddedOffice I-CUBE-FS-RTOS 1.0.1
2025-11-26 13:39:38,168 [INFO] ThirdParty:1030 - CMSIS Pack Vendor :WES I-CUBE-Cesium 1.4.0
2025-11-26 13:39:38,168 [INFO] ThirdParty:1030 - CMSIS Pack Vendor :STMicroelectronics X-CUBE-AZRTOS-G4 2.0.0
2025-11-26 13:39:38,168 [INFO] ThirdParty:1030 - CMSIS Pack Vendor :STMicroelectronics X-CUBE-WB05N 2.0.0
2025-11-26 13:39:38,168 [INFO] ThirdParty:1030 - CMSIS Pack Vendor :wolfSSL I-CUBE-wolfTPM 3.8.0
2025-11-26 13:39:38,168 [INFO] ThirdParty:1030 - CMSIS Pack Vendor :STMicroelectronics X-CUBE-AZRTOS-H7 3.4.0
2025-11-26 13:39:38,168 [INFO] ThirdParty:1030 - CMSIS Pack Vendor :STMicroelectronics X-CUBE-DISPLAY 3.0.0
2025-11-26 13:39:38,168 [INFO] ThirdParty:1030 - CMSIS Pack Vendor :wolfSSL I-CUBE-wolfSSH 1.4.20
2025-11-26 13:39:38,168 [INFO] ThirdParty:1030 - CMSIS Pack Vendor :STMicroelectronics X-CUBE-NFC7 2.0.0
2025-11-26 13:39:38,168 [INFO] ThirdParty:1030 - CMSIS Pack Vendor :STMicroelectronics X-CUBE-TCPP 4.2.0
2025-11-26 13:39:38,168 [INFO] ThirdParty:1030 - CMSIS Pack Vendor :RealThread X-CUBE-RT-Thread_Nano 4.1.1
2025-11-26 13:39:38,168 [INFO] ThirdParty:1030 - CMSIS Pack Vendor :STMicroelectronics FP-ATR-SIGFOX1 3.2.0
2025-11-26 13:39:38,168 [INFO] ThirdParty:1030 - CMSIS Pack Vendor :STMicroelectronics X-CUBE-NFC10 1.0.0
2025-11-26 13:39:38,168 [INFO] ThirdParty:1030 - CMSIS Pack Vendor :STMicroelectronics X-CUBE-ALS 1.0.2
2025-11-26 13:39:38,168 [INFO] ThirdParty:1030 - CMSIS Pack Vendor :STMicroelectronics X-CUBE-ST60 1.1.0
2025-11-26 13:39:38,168 [INFO] ThirdParty:1030 - CMSIS Pack Vendor :emotas I-CUBE-CANOPEN 1.3.0
2025-11-26 13:39:38,168 [INFO] ThirdParty:1030 - CMSIS Pack Vendor :STMicroelectronics X-CUBE-GNSS1 7.1.0
2025-11-26 13:39:38,168 [INFO] ThirdParty:1030 - CMSIS Pack Vendor :ITTIA_DB I-CUBE-ITTIADB 8.9.0
2025-11-26 13:39:38,169 [INFO] ThirdParty:1030 - CMSIS Pack Vendor :STMicroelectronics X-CUBE-TOUCHGFX 4.26.0
2025-11-26 13:39:38,169 [INFO] ThirdParty:1030 - CMSIS Pack Vendor :STMicroelectronics X-CUBE-STSE01 1.0.0
2025-11-26 13:39:38,169 [INFO] ThirdParty:1030 - CMSIS Pack Vendor :STMicroelectronics FP-SNS-STBOX1 2.1.0
2025-11-26 13:39:38,169 [INFO] ThirdParty:1030 - CMSIS Pack Vendor :STMicroelectronics FP-SNS-STAIOTCFT 1.0.0
2025-11-26 13:39:38,169 [INFO] ThirdParty:1030 - CMSIS Pack Vendor :STMicroelectronics X-CUBE-AI 10.2.0
2025-11-26 13:39:38,169 [INFO] ThirdParty:1030 - CMSIS Pack Vendor :STMicroelectronics FP-SNS-SMARTAG2 1.2.0
2025-11-26 13:39:38,169 [INFO] ThirdParty:1030 - CMSIS Pack Vendor :STMicroelectronics FP-SNS-FLIGHT1 5.1.0
2025-11-26 13:39:38,169 [INFO] ThirdParty:1030 - CMSIS Pack Vendor :STMicroelectronics X-CUBE-AZRTOS-WL 2.0.0
2025-11-26 13:39:38,169 [INFO] ThirdParty:1030 - CMSIS Pack Vendor :SEGGER I-CUBE-embOS 1.3.1
2025-11-26 13:39:38,169 [INFO] ThirdParty:1030 - CMSIS Pack Vendor :STMicroelectronics X-CUBE-DPower 1.3.0
2025-11-26 13:39:38,169 [INFO] ThirdParty:1030 - CMSIS Pack Vendor :STMicroelectronics X-CUBE-ALGOBUILD 1.4.0
2025-11-26 13:39:38,169 [INFO] ThirdParty:1030 - CMSIS Pack Vendor :STMicroelectronics X-CUBE-AZRTOS-H7RS 1.2.0
2025-11-26 13:39:38,169 [INFO] ThirdParty:1030 - CMSIS Pack Vendor :STMicroelectronics X-CUBE-AZRTOS-L4 2.0.0
2025-11-26 13:39:38,169 [INFO] ThirdParty:1030 - CMSIS Pack Vendor :STMicroelectronics X-CUBE-SFXS2LP1 4.0.0
2025-11-26 13:39:38,169 [INFO] ThirdParty:1030 - CMSIS Pack Vendor :STMicroelectronics X-CUBE-BLE2 3.3.0
2025-11-26 13:39:38,169 [INFO] ThirdParty:1030 - CMSIS Pack Vendor :Avnet-IOTCONNECT X-CUBE-iotc-st67-sdk 1.0.0
2025-11-26 13:39:38,169 [INFO] ThirdParty:1030 - CMSIS Pack Vendor :STMicroelectronics X-CUBE-TOF1 3.4.3
2025-11-26 13:39:38,169 [INFO] ThirdParty:1030 - CMSIS Pack Vendor :Infineon AIROC-Wi-Fi-Bluetooth-STM32 1.8.0
2025-11-26 13:39:38,170 [INFO] LoadServerUpdatesThread:375 - End of LoadServerUpdate Thread
2025-11-26 13:39:39,673 [WARN] PackLoader:240 - Cannot read IP mode file for STMicroelectronics.FP-SNS-MOTENVWB1.1.4.0
2025-11-26 13:39:39,677 [WARN] PackLoader:240 - Cannot read IP mode file for STMicroelectronics.FP-ATR-ASTRA1.2.0.2
2025-11-26 13:39:39,679 [WARN] PackLoader:240 - Cannot read IP mode file for STMicroelectronics.X-CUBE-SMBUS.2.1.0
2025-11-26 13:39:39,686 [WARN] PackLoader:240 - Cannot read IP mode file for STMicroelectronics.X-CUBE-AZRTOS-F7.1.1.0
2025-11-26 13:39:39,689 [WARN] PackLoader:240 - Cannot read IP mode file for STMicroelectronics.FP-SNS-MOTENV1.5.1.0
2025-11-26 13:39:39,692 [WARN] PackLoader:240 - Cannot read IP mode file for WES.I-CUBE-Cesium.1.4.0
2025-11-26 13:39:39,701 [WARN] PackLoader:240 - Cannot read IP mode file for STMicroelectronics.X-CUBE-AZRTOS-H7.3.4.0
2025-11-26 13:39:39,705 [WARN] PackLoader:240 - Cannot read IP mode file for STMicroelectronics.X-CUBE-DISPLAY.3.0.0
2025-11-26 13:39:39,709 [WARN] PackLoader:240 - Cannot read IP mode file for STMicroelectronics.X-CUBE-NFC10.1.0.0
2025-11-26 13:39:39,712 [WARN] PackLoader:240 - Cannot read IP mode file for STMicroelectronics.X-CUBE-ST60.1.1.0
2025-11-26 13:39:39,715 [WARN] PackLoader:240 - Cannot read IP mode file for emotas.I-CUBE-CANOPEN.1.3.0
2025-11-26 13:39:39,718 [WARN] PackLoader:240 - Cannot read IP mode file for STMicroelectronics.X-CUBE-GNSS1.7.1.0
2025-11-26 13:39:39,722 [WARN] PackLoader:240 - Cannot read IP mode file for STMicroelectronics.FP-SNS-STBOX1.2.1.0
2025-11-26 13:39:39,725 [WARN] PackLoader:240 - Cannot read IP mode file for STMicroelectronics.FP-SNS-SMARTAG2.1.2.0
2025-11-26 13:39:39,727 [WARN] PackLoader:240 - Cannot read IP mode file for STMicroelectronics.FP-SNS-FLIGHT1.5.1.0
2025-11-26 13:39:39,732 [INFO] LogOutputStream:77 - [STDOUT_REDIRECT] 1 : Invalid condition id : UX_CORESTACK_Condition cause : null
2025-11-26 13:39:39,733 [INFO] LogOutputStream:77 - [STDOUT_REDIRECT] 1 : Invalid condition id : UX_CORESTACK_Condition cause : null
2025-11-26 13:39:39,733 [INFO] LogOutputStream:77 - [STDOUT_REDIRECT] 1 : Invalid condition id : UX_CORESTACK_Condition cause : null
2025-11-26 13:39:39,734 [INFO] LogOutputStream:77 - [STDOUT_REDIRECT] 1 : Invalid condition id : UX_CORESTACK_Condition cause : null
2025-11-26 13:39:39,734 [INFO] LogOutputStream:77 - [STDOUT_REDIRECT] 1 : Invalid condition id : UX_CORESTACK_Condition cause : null
2025-11-26 13:39:39,735 [WARN] PackLoader:240 - Cannot read IP mode file for STMicroelectronics.X-CUBE-AZRTOS-WL.2.0.0
2025-11-26 13:39:39,742 [WARN] PackLoader:240 - Cannot read IP mode file for STMicroelectronics.X-CUBE-AZRTOS-H7RS.1.2.0
2025-11-26 13:39:39,746 [WARN] PackLoader:240 - Cannot read IP mode file for STMicroelectronics.X-CUBE-BLE2.3.3.0
2025-11-26 13:39:39,761 [WARN] PackLoader:240 - Cannot read IP mode file for Infineon.AIROC-Wi-Fi-Bluetooth-STM32.1.8.0
2025-11-26 13:39:39,767 [WARN] PackLoader:240 - Cannot read IP mode file for STMicroelectronics.X-CUBE-NFC9.1.0.0
2025-11-26 13:39:39,772 [WARN] PackLoader:240 - Cannot read IP mode file for wolfSSL.I-CUBE-wolfSSL.5.8.2
2025-11-26 13:39:39,775 [WARN] PackLoader:240 - Cannot read IP mode file for STMicroelectronics.X-CUBE-BLE1.7.1.0
2025-11-26 13:39:39,777 [WARN] PackLoader:240 - Cannot read IP mode file for wolfSSL.I-CUBE-wolfMQTT.1.19.2
2025-11-26 13:39:39,779 [WARN] PackLoader:240 - Cannot read IP mode file for STMicroelectronics.X-CUBE-FREERTOS.1.4.0
2025-11-26 13:39:39,782 [WARN] PackLoader:240 - Cannot read IP mode file for STMicroelectronics.X-CUBE-EEPRMA1.5.2.0
2025-11-26 13:39:39,785 [WARN] PackLoader:240 - Cannot read IP mode file for Cesanta.I-CUBE-Mongoose.7.20.0
2025-11-26 13:39:39,788 [WARN] PackLoader:240 - Cannot read IP mode file for STMicroelectronics.X-CUBE-ST67W61.1.1.0
2025-11-26 13:39:39,820 [WARN] PackLoader:240 - Cannot read IP mode file for STMicroelectronics.X-CUBE-MEMS1.12.0.0
2025-11-26 13:39:39,873 [WARN] PackLoader:240 - Cannot read IP mode file for STMicroelectronics.X-CUBE-AZRTOS-G0.1.1.0
2025-11-26 13:39:39,877 [WARN] PackLoader:240 - Cannot read IP mode file for STMicroelectronics.X-CUBE-NFC4.3.0.0
2025-11-26 13:39:39,891 [WARN] PackLoader:240 - Cannot read IP mode file for EmbeddedOffice.I-CUBE-FS-RTOS.1.0.1
2025-11-26 13:39:39,896 [WARN] PackLoader:240 - Cannot read IP mode file for STMicroelectronics.X-CUBE-WB05N.2.0.0
2025-11-26 13:39:39,899 [WARN] PackLoader:240 - Cannot read IP mode file for wolfSSL.I-CUBE-wolfTPM.3.8.0
2025-11-26 13:39:39,902 [WARN] PackLoader:240 - Cannot read IP mode file for STMicroelectronics.X-CUBE-TCPP.4.2.0
2025-11-26 13:39:39,906 [WARN] PackLoader:240 - Cannot read IP mode file for RealThread.X-CUBE-RT-Thread_Nano.4.1.1
2025-11-26 13:39:39,908 [WARN] PackLoader:240 - Cannot read IP mode file for STMicroelectronics.FP-ATR-SIGFOX1.3.2.0
2025-11-26 13:39:39,912 [WARN] PackLoader:240 - Cannot read IP mode file for ITTIA_DB.I-CUBE-ITTIADB.8.9.0
2025-11-26 13:39:39,916 [WARN] PackLoader:240 - Cannot read IP mode file for STMicroelectronics.X-CUBE-AI.10.2.0
2025-11-26 13:39:39,928 [WARN] PackLoader:240 - Cannot read IP mode file for SEGGER.I-CUBE-embOS.1.3.1
2025-11-26 13:39:39,944 [WARN] PackLoader:240 - Cannot read IP mode file for STMicroelectronics.X-CUBE-ALGOBUILD.1.4.0
2025-11-26 13:39:39,947 [WARN] PackLoader:240 - Cannot read IP mode file for STMicroelectronics.X-CUBE-PM33A1.1.0.0
2025-11-26 13:39:39,955 [WARN] PackLoader:240 - Cannot read IP mode file for STMicroelectronics.X-CUBE-AZRTOS-F4.1.1.0
2025-11-26 13:39:39,958 [WARN] PackLoader:240 - Cannot read IP mode file for STMicroelectronics.X-CUBE-ISPU.2.1.0
2025-11-26 13:39:39,963 [WARN] PackLoader:240 - Cannot read IP mode file for STMicroelectronics.X-CUBE-IPS.3.2.0
2025-11-26 13:39:39,969 [WARN] PackLoader:240 - Cannot read IP mode file for STMicroelectronics.X-CUBE-NFC12.1.0.0
2025-11-26 13:39:39,977 [WARN] PackLoader:240 - Cannot read IP mode file for STMicroelectronics.X-CUBE-AZRTOS-L5.2.0.0
2025-11-26 13:39:39,981 [WARN] PackLoader:240 - Cannot read IP mode file for STMicroelectronics.X-CUBE-NFC6.3.1.0
2025-11-26 13:39:39,985 [WARN] PackLoader:240 - Cannot read IP mode file for STMicroelectronics.X-CUBE-TOUCHGFX.4.26.0
2025-11-26 13:39:39,987 [WARN] PackLoader:240 - Cannot read IP mode file for STMicroelectronics.FP-SNS-STAIOTCFT.1.0.0
2025-11-26 13:39:39,991 [WARN] PackLoader:240 - Cannot read IP mode file for STMicroelectronics.X-CUBE-DPower.1.3.0
2025-11-26 13:39:39,997 [WARN] ConditionMgr:438 - getConditionDescription Invalid condition id : LAN8742 Phy interface Condition cause : null
2025-11-26 13:39:39,998 [WARN] PackLoader:240 - Cannot read IP mode file for STMicroelectronics.X-CUBE-AZRTOS-L4.2.0.0
2025-11-26 13:39:39,998 [WARN] ConditionMgr:1044 - genDependencies : Invalid condition id : LAN8742 Phy interface Condition cause : null
2025-11-26 13:39:39,998 [WARN] ConditionMgr:1044 - genDependencies : Invalid condition id : LAN8742 Phy interface Condition cause : null
2025-11-26 13:39:39,998 [WARN] ConditionMgr:1044 - genDependencies : Invalid condition id : LAN8742 Phy interface Condition cause : null
2025-11-26 13:39:40,001 [WARN] PackLoader:240 - Cannot read IP mode file for STMicroelectronics.X-CUBE-SFXS2LP1.4.0.0
2025-11-26 13:39:40,007 [WARN] PackLoader:240 - Cannot read IP mode file for STMicroelectronics.X-CUBE-BLEMGR.4.1.0
2025-11-26 13:39:40,013 [WARN] ConditionMgr:438 - getConditionDescription Invalid condition id : UX DEVICE CLASS RTOS Condition cause : null
2025-11-26 13:39:40,013 [WARN] ConditionMgr:438 - getConditionDescription Invalid condition id : UX DEVICE CLASS RTOS Condition cause : null
2025-11-26 13:39:40,014 [WARN] PackLoader:240 - Cannot read IP mode file for STMicroelectronics.X-CUBE-AZRTOS-WB.2.0.0
2025-11-26 13:39:40,014 [WARN] ConditionMgr:1044 - genDependencies : Invalid condition id : UX DEVICE CLASS RTOS Condition cause : null
2025-11-26 13:39:40,014 [WARN] ConditionMgr:1044 - genDependencies : Invalid condition id : UX DEVICE CLASS RTOS Condition cause : null
2025-11-26 13:39:40,014 [WARN] ConditionMgr:1044 - genDependencies : Invalid condition id : UX DEVICE CLASS RTOS Condition cause : null
2025-11-26 13:39:40,014 [WARN] ConditionMgr:1044 - genDependencies : Invalid condition id : UX DEVICE CLASS RTOS Condition cause : null
2025-11-26 13:39:40,014 [WARN] ConditionMgr:1044 - genDependencies : Invalid condition id : UX DEVICE CLASS RTOS Condition cause : null
2025-11-26 13:39:40,016 [WARN] ConditionMgr:438 - getConditionDescription Invalid condition id : Cortex-A Device cause : null
2025-11-26 13:39:40,021 [WARN] ConditionMgr:1044 - genDependencies : Invalid condition id : Cortex-A Device cause : null
2025-11-26 13:39:40,021 [WARN] ConditionMgr:1044 - genDependencies : Invalid condition id : Cortex-A Device cause : null
2025-11-26 13:39:40,021 [WARN] ConditionMgr:1044 - genDependencies : Invalid condition id : Cortex-A Device cause : null
2025-11-26 13:39:40,025 [WARN] PackLoader:240 - Cannot read IP mode file for STMicroelectronics.X-CUBE-SUBG2.5.0.0
2025-11-26 13:39:40,032 [WARN] PackLoader:240 - Cannot read IP mode file for STMicroelectronics.X-CUBE-AZRTOS-G4.2.0.0
2025-11-26 13:39:40,035 [WARN] PackLoader:240 - Cannot read IP mode file for wolfSSL.I-CUBE-wolfSSH.1.4.20
2025-11-26 13:39:40,038 [WARN] PackLoader:240 - Cannot read IP mode file for STMicroelectronics.X-CUBE-NFC7.2.0.0
2025-11-26 13:39:40,040 [WARN] PackLoader:240 - Cannot read IP mode file for STMicroelectronics.X-CUBE-ALS.1.0.2
2025-11-26 13:39:40,043 [WARN] PackLoader:240 - Cannot read IP mode file for STMicroelectronics.X-CUBE-STSE01.1.0.0
2025-11-26 13:39:40,048 [WARN] PackLoader:240 - Cannot read IP mode file for STMicroelectronics.X-CUBE-TOF1.3.4.3
2025-11-26 13:39:40,052 [INFO] ThirdParty:978 - Integrity check success = true
2025-11-26 13:39:40,052 [INFO] IntegrityCheckThread:100 - exiting critical section [integrity check]
2025-11-26 13:39:40,052 [INFO] IntegrityCheckThread:103 - End integrity checks thread
2025-11-26 14:01:31,138 [INFO] McuFinderGlobals:63 - Set McuFinder mode to 2 (CubeIDE integrated)
2025-11-26 14:01:35,153 [INFO] MainUpdater:2872 - connection check result : 10
2025-11-26 14:01:35,159 [INFO] MainUpdater:2872 - connection check result : 10
2025-11-26 14:01:35,290 [INFO] MicroXplorer:468 - Change Database Path : 
2025-11-26 14:01:35,290 [INFO] MicroXplorer:498 - Change Database Version : DB.6.0.150
2025-11-26 14:01:35,295 [WARN] ThirdParty:871 - waiting for thirdparty lock release [close project]
2025-11-26 14:01:35,295 [INFO] ThirdParty:873 - entering critical section [close project]
2025-11-26 14:01:35,296 [INFO] ThirdParty:883 - exiting critical section [close project]
2025-11-26 14:01:35,300 [INFO] PinOutPanel:1589 - setPackage(No Configuration,No Configuration)
2025-11-26 14:01:35,301 [INFO] UtilMem:75 - Begin LoadConfig() Used Memory: 785869216 Bytes (1073741824)
2025-11-26 14:01:51,170 [INFO] ServerAccessManage:452 - Complete download http(s) 200
2025-11-26 14:01:51,172 [INFO] ServerAccessManage:509 - Download File stm32cube_db_v5060.zip
2025-11-26 14:01:51,571 [INFO] FileExtend:248 - Unzip File : stm32cube_db_v5060.zip
2025-11-26 14:01:51,571 [INFO] FileExtend:263 - Standard Zip Deflate
2025-11-26 14:01:55,329 [INFO] LoadServerPackagesThread:196 - End of LoadServerPackages Thread
2025-11-26 14:01:55,586 [INFO] CheckServerUpdateThread:120 - End of CheckServer Thread
2025-11-26 14:02:54,024 [INFO] MainUpdater:2872 - connection check result : 10
2025-11-26 14:02:54,039 [INFO] McuFinderGlobals:76 - Set McuFinderConnectedMode to true
2025-11-26 14:02:54,285 [INFO] ServerAccessManage:452 - Complete download http(s) 200
2025-11-26 14:02:54,285 [INFO] ServerAccessManage:509 - Download File mcusAds.json._tmp_
2025-11-26 14:02:54,410 [INFO] LoadUrlFilesThread:156 - End of LoadUrlFiles Thread
2025-11-26 14:02:54,577 [INFO] ServerAccessManage:452 - Complete download http(s) 200
2025-11-26 14:02:54,577 [INFO] ServerAccessManage:509 - Download File cube-finder-db.zip
2025-11-26 14:02:55,073 [INFO] FileExtend:248 - Unzip File : cube-finder-db.zip
2025-11-26 14:02:55,073 [INFO] FileExtend:263 - Standard Zip Deflate
2025-11-26 14:02:55,726 [INFO] LoadUrlFilesThread:156 - End of LoadUrlFiles Thread
2025-11-26 14:02:55,949 [INFO] ServerAccessManage:452 - Complete download http(s) 200
2025-11-26 14:02:55,949 [INFO] ServerAccessManage:509 - Download File crdb.zip
2025-11-26 14:02:56,078 [INFO] FileExtend:248 - Unzip File : crdb.zip
2025-11-26 14:02:56,079 [INFO] FileExtend:263 - Standard Zip Deflate
2025-11-26 14:02:56,226 [INFO] LoadUrlFilesThread:156 - End of LoadUrlFiles Thread
2025-11-26 14:02:56,392 [INFO] ServerAccessManage:452 - Complete download http(s) 200
2025-11-26 14:02:56,392 [INFO] ServerAccessManage:509 - Download File tutoVideoDB.zip
2025-11-26 14:02:56,394 [INFO] FileExtend:248 - Unzip File : tutoVideoDB.zip
2025-11-26 14:02:56,395 [INFO] FileExtend:263 - Standard Zip Deflate
2025-11-26 14:02:56,535 [INFO] LoadUrlFilesThread:156 - End of LoadUrlFiles Thread
2025-11-26 14:02:56,538 [WARN] DbFile:41 - Overriding database path with different value: C:\Users\Matyas\.stmcufinder\plugins\mcufinder/ => C:\Users\Matyas\.stmcufinder\plugins\mcufinder
2025-11-26 14:02:56,654 [INFO] ServerAccessManage:452 - Complete download http(s) 200
2025-11-26 14:02:56,654 [INFO] ServerAccessManage:509 - Download File api_config.json
2025-11-26 14:02:56,785 [INFO] LoadUrlFilesThread:156 - End of LoadUrlFiles Thread
2025-11-26 14:02:56,787 [INFO] DbMcusAds:53 - JSON generation date=Tue Nov 25 15:08:32 CET 2025 (1764079712287)
2025-11-26 14:02:56,942 [INFO] ServerAccessManage:452 - Complete download http(s) 200
2025-11-26 14:02:56,942 [INFO] ServerAccessManage:509 - Download File 
2025-11-26 14:02:56,962 [INFO] LoadUrlFilesThread:185 - End of LoadServerUrlFiles without Thread
2025-11-26 14:02:56,963 [INFO] TargetSelectorAdapter:259 - Refresh data is successful
2025-11-26 14:02:57,741 [INFO] ApiDb:581 - Connected to CubeFinder SQLite database (C:\Users\Matyas\.stmcufinder\plugins\mcufinder\mcu\cube-finder-db.db)
2025-11-26 14:02:57,806 [INFO] ApiDb:668 - CubeFinder database Data Model version=2.1
2025-11-26 14:02:57,806 [INFO] ApiDb:669 - CubeFinder database Configuration version=3.0.39
2025-11-26 14:02:57,806 [INFO] ApiDb:670 - CubeFinder database generation date=2025-11-05 (1762334721)
2025-11-26 14:02:57,806 [INFO] ApiDb:671 - CubeFinder database FW Pack versions=[FP-ATR-ASTRA1_V2.0.0, FP-SNS-FLIGHT1_V5.1.0, FP-SNS-MOTENV1_V5.1.0, FP-SNS-MOTENVWB1_V1.4.0, FP-SNS-SMARTAG2_V1.2.0, FP-SNS-STBOX1_V2.1.0, STM32Cube_FW_C0_V1.4.0, STM32Cube_FW_F4_V1.28.3, STM32Cube_FW_F7_V1.17.4, STM32Cube_FW_G0_V1.6.2, STM32Cube_FW_G4_V1.6.1, STM32Cube_FW_H5_V1.5.1, STM32Cube_FW_H7RS_V1.3.0, STM32Cube_FW_H7_V1.12.1, STM32Cube_FW_L0_V1.12.2, STM32Cube_FW_L4_V1.18.1, STM32Cube_FW_L5_V1.6.0, STM32Cube_FW_N6_V1.3.0, STM32Cube_FW_U0_V1.3.0, STM32Cube_FW_U3_V1.2.1, STM32Cube_FW_U5_V1.8.0, STM32Cube_FW_WB0_V1.4.0, STM32Cube_FW_WBA_V1.8.0, STM32Cube_FW_WB_V1.24.0, STM32Cube_FW_WL3_V1.3.0, STM32Cube_FW_WL_V1.4.0, X-CUBE-ALGOBUILD_V1.4.0, X-CUBE-ALS_V1.0.2, X-CUBE-AZRTOS-F4_V1.1.0, X-CUBE-AZRTOS-F7_V1.1.0, X-CUBE-AZRTOS-G0_V1.1.0, X-CUBE-AZRTOS-G4_V2.0.0, X-CUBE-AZRTOS-H7RS_V1.1.0, X-CUBE-AZRTOS-H7_V3.4.0, X-CUBE-AZRTOS-L4_V2.0.0, X-CUBE-AZRTOS-L5_V2.0.0, X-CUBE-AZRTOS-WB_V2.0.0, X-CUBE-AZRTOS-WL_V2.0.0, X-CUBE-BLE1_V7.1.0, X-CUBE-BLE2_V3.3.0, X-CUBE-BLEMGR_V4.1.0, X-CUBE-EEPRMA1_V5.2.0, X-CUBE-FREERTOS_V1.3.1, X-CUBE-GNSS1_V6.0.0, X-CUBE-MEMS1_V11.3.0, X-CUBE-NFC4_V3.0.0, X-CUBE-NFC7_V2.0.0, X-CUBE-SFXS2LP1_V4.0.0, X-CUBE-ST67W61_V1.1.0, X-CUBE-SUBG2_V5.0.0, X-CUBE-TOF1_V3.4.3]
2025-11-26 14:02:59,731 [INFO] ApiDb:240 - Found 880 in-development CPN: [B-G473E-ZEST1S, B-WB1M-WPAN1, B-WBA5M-WPAN, B-WL5M-SUBG1, NUCLEO-C031C6, NUCLEO-C051C8, NUCLEO-C071RB, NUCLEO-C092RC, NUCLEO-H503RB, NUCLEO-H533RE, NUCLEO-H563ZI, NUCLEO-H7S3L8, NUCLEO-N657X0-Q, NUCLEO-U031R8, NUCLEO-U083RC, NUCLEO-U385RG-Q, NUCLEO-U545RE-Q, NUCLEO-U5A5ZJ-Q, NUCLEO-WB05KZ, NUCLEO-WB07CC, NUCLEO-WB09KE, NUCLEO-WBA52CG, NUCLEO-WBA55CG, NUCLEO-WL33CC1, NUCLEO-WL33CC2, STEVAL-PROTEUS1, STEVAL-SMARTAG2, STEVAL-STWINBX1, STM320518-EVAL, STM32C0116-DK, STM32C011D6Y3TR, STM32C011D6Y6TR, STM32C011F4P3, STM32C011F4P6, STM32C011F4U3, STM32C011F4U6TR, STM32C011F6P3, STM32C011F6P6, STM32C011F6U3, STM32C011F6U6TR, STM32C011J4M3, STM32C011J4M6, STM32C011J6M3, STM32C011J6M6, STM32C0316-DK, STM32C031C4T3, STM32C031C4T6, STM32C031C4U3, STM32C031C4U6, STM32C031C6T3, STM32C031C6T6, STM32C031C6U3, STM32C031C6U6, STM32C031F4P3, STM32C031F4P6, STM32C031F6P3, STM32C031F6P6, STM32C031G4U3, STM32C031G4U6, STM32C031G6U3, STM32C031G6U6, STM32C031K4T3, STM32C031K4T6, STM32C031K4U3, STM32C031K4U6, STM32C031K6T3, STM32C031K6T6, STM32C031K6U3, STM32C031K6U6, STM32C051C6T6, STM32C051C6U6, STM32C051C8T6, STM32C051C8U6, STM32C051D8Y6TR, STM32C051F6P6, STM32C051F8P6, STM32C051G6U6, STM32C051G8U6, STM32C051K6T6, STM32C051K6U6, STM32C051K8T6, STM32C071C8T6, STM32C071C8T6N, STM32C071C8U6, STM32C071C8U6N, STM32C071CBT6, STM32C071CBT6N, STM32C071CBU6, STM32C071CBU6N, STM32C071F8P6, STM32C071F8P6N, STM32C071FBP6, STM32C071FBP6N, STM32C071FBY6TR, STM32C071G8U6, STM32C071G8U6N, STM32C071GBU6, STM32C071GBU6N, STM32C071K8T6, STM32C071K8T6N, STM32C071K8U6, STM32C071K8U6N, STM32C071KBT6, STM32C071KBT6N, STM32C071KBU6, STM32C071KBU6N, STM32C071R8T6, STM32C071R8T6N, STM32C071RBI6N, STM32C071RBT6, STM32C071RBT6N, STM32C091CBT6, STM32C091CBU6, STM32C091CCT6, STM32C091CCU6, STM32C091ECY6TR, STM32C091FBP6, STM32C091FCP6, STM32C091GBU6, STM32C091GCU6, STM32C091KBT6, STM32C091KBU6, STM32C091KCT6, STM32C091KCU6, STM32C091RBT6, STM32C091RCI6, STM32C091RCT6, STM32C092CBT6, STM32C092CBU6, STM32C092CCT6, STM32C092CCU6, STM32C092ECY6TR, STM32C092FBP6, STM32C092FCP6, STM32C092GBU6, STM32C092GCU6, STM32C092KBT6, STM32C092KBU6, STM32C092KCT6, STM32C092KCU6, STM32C092RBT6, STM32C092RCI6, STM32C092RCT6, STM32G071K8TXN, STM32G071K8UXN, STM32G081GBU6N, STM32G081KBT6N, STM32G081KBUXN, STM32G0B1CCT6N, STM32G0B1KCT6, STM32G0B1NEY6TR, STM32G0B1RCT6N, STM32G0C1CCT6, STM32G0C1CCT6N, STM32G0C1CCU6N, STM32G0C1CET6N, STM32G0C1CEU6N, STM32G0C1KCT6, STM32G0C1NEY6TR, STM32G0C1RCI6N, STM32G0C1RCT6N, STM32G0C1REI6N, STM32G0C1RET6N, STM32G0C1VCI6, STM32G0C1VEI6, STM32G411C6T3, STM32G411C6T6, STM32G411C6U3, STM32G411C6U6, STM32G411C8T3, STM32G411C8T6, STM32G411C8U3, STM32G411C8U6, STM32G411CBT3, STM32G411CBT6, STM32G411CBU3, STM32G411CBU6, STM32G411K6T3, STM32G411K6T6, STM32G411K6U3, STM32G411K6U6, STM32G411K8T3, STM32G411K8T6, STM32G411K8U3, STM32G411K8U6, STM32G411KBT3, STM32G411KBT6, STM32G411KBU3, STM32G411KBU6, STM32G411M6T3, STM32G411M6T6, STM32G411M8T3, STM32G411M8T6, STM32G411MBT3, STM32G411MBT6, STM32G411R6T3, STM32G411R6T6, STM32G411R8T3, STM32G411R8T6, STM32G411RBT3, STM32G411RBT6, STM32G414CBT3, STM32G414CBT6, STM32G414CBU3, STM32G414CBU6, STM32G414CCT3, STM32G414CCT6, STM32G414CCU3, STM32G414CCU6, STM32G414MBT3, STM32G414MBT6, STM32G414MCT3, STM32G414MCT6, STM32G414RBT3, STM32G414RBT6, STM32G414RCT3, STM32G414RCT6, STM32G414VBT3, STM32G414VBT6, STM32G414VCT3, STM32G414VCT6, STM32G431CBT3Z, STM32G431RBT3Z, STM32G471CCT6, STM32G471CCU6, STM32G471CET3, STM32G471CET6, STM32G471CEU3, STM32G471CEU6, STM32G471MCT6, STM32G471MET3, STM32G471MET6, STM32G471MEY6TR, STM32G471QCT6, STM32G471QET3, STM32G471RCT6, STM32G471RET3, STM32G471RET6, STM32G471VCH6, STM32G471VCI6, STM32G471VCT6, STM32G471VEH3, STM32G471VEH6, STM32G471VEI3, STM32G471VEI6, STM32G471VET3, STM32G471VET6, STM32G473QET3Z, STM32G473RET3Z, STM32G474CCT6, STM32G491RET3Z, STM32H503CBT6, STM32H503CBU6, STM32H503EBY6TR, STM32H503KBU6, STM32H503RBT6, STM32H523CCT6, STM32H523CCU6, STM32H523CET6, STM32H523CEU6, STM32H523HEY6TR, STM32H523RCT6, STM32H523RET6, STM32H523VCI6, STM32H523VCT6, STM32H523VEI6, STM32H523VET6, STM32H523ZCJ6, STM32H523ZCT6, STM32H523ZEJ6, STM32H523ZET6, STM32H533CET6, STM32H533CEU6, STM32H533HEY6TR, STM32H533RET6, STM32H533VEI6, STM32H533VET6, STM32H533ZEJ6, STM32H533ZET6, STM32H562AGI6, STM32H562AII6, STM32H562IGK6, STM32H562IGT6, STM32H562IIK6, STM32H562IIT6, STM32H562RGT6, STM32H562RGV6, STM32H562RIT6, STM32H562RIV6, STM32H562VGT6, STM32H562VIT6, STM32H562ZGT6, STM32H562ZIT6, STM32H563AGI6, STM32H563AII3Q, STM32H563AII6, STM32H563IGK6, STM32H563IGT6, STM32H563IIK3Q, STM32H563IIK6, STM32H563IIT3Q, STM32H563IIT6, STM32H563MIY3QTR, STM32H563RGT6, STM32H563RGV6, STM32H563RIT6, STM32H563RIV6, STM32H563VGT6, STM32H563VIT3Q, STM32H563VIT6, STM32H563ZGT6, STM32H563ZIT3Q, STM32H563ZIT6, STM32H573AII3Q, STM32H573AII6, STM32H573I-DK, STM32H573IIK3Q, STM32H573IIK6, STM32H573IIT3Q, STM32H573IIT6, STM32H573MIY3QTR, STM32H573RIT6, STM32H573RIV6, STM32H573VIT3Q, STM32H573VIT6, STM32H573ZIT3Q, STM32H573ZIT6, STM32H7R3A8I6, STM32H7R3I8K6, STM32H7R3I8T6, STM32H7R3L8H6, STM32H7R3L8H6H, STM32H7R3R8V6, STM32H7R3V8H6, STM32H7R3V8T6, STM32H7R3V8Y6TR, STM32H7R3Z8J6, STM32H7R3Z8T6, STM32H7R7A8I6, STM32H7R7I8K6, STM32H7R7I8T6, STM32H7R7L8H6, STM32H7R7L8H6H, STM32H7R7Z8J6, STM32H7S3A8I6, STM32H7S3I8K6, STM32H7S3I8T6, STM32H7S3L8H6, STM32H7S3L8H6H, STM32H7S3R8V6, STM32H7S3V8H6, STM32H7S3V8T6, STM32H7S3V8Y6TR, STM32H7S3Z8J6, STM32H7S3Z8T6, STM32H7S78-DK, STM32H7S7A8I6, STM32H7S7I8K6, STM32H7S7I8T6, STM32H7S7L8H6, STM32H7S7L8H6H, STM32H7S7Z8J6, STM32L4R5QGI6STR, STM32MP131AAE3, STM32MP131AAF3, STM32MP131AAG3, STM32MP131CAE3, STM32MP131CAF3, STM32MP131CAG3, STM32MP131DAE7, STM32MP131DAF7, STM32MP131DAG7, STM32MP131FAE7, STM32MP131FAF7, STM32MP131FAG7, STM32MP133AAE3, STM32MP133AAF3, STM32MP133AAG3, STM32MP133CAE3, STM32MP133CAF3, STM32MP133CAG3, STM32MP133DAE7, STM32MP133DAF7, STM32MP133DAG7, STM32MP133FAE7, STM32MP133FAF7, STM32MP133FAG7, STM32MP135AAE3, STM32MP135AAF3, STM32MP135AAG3, STM32MP135CAE3, STM32MP135CAF3, STM32MP135CAG3, STM32MP135DAE7, STM32MP135DAF7, STM32MP135DAG7, STM32MP135F-DK, STM32MP135FAE7, STM32MP135FAF7, STM32MP135FAF7T, STM32MP135FAF7U, STM32MP135FAG7, STM32MP211AAL3, STM32MP211AAM3, STM32MP211AAN3, STM32MP211AAO3, STM32MP211CAL3, STM32MP211CAM3, STM32MP211CAN3, STM32MP211CAO3, STM32MP211DAL3, STM32MP211DAM3, STM32MP211DAN3, STM32MP211DAO3, STM32MP211FAL3, STM32MP211FAM3, STM32MP211FAN3, STM32MP211FAO3, STM32MP213AAL3, STM32MP213AAM3, STM32MP213AAN3, STM32MP213AAO3, STM32MP213CAL3, STM32MP213CAM3, STM32MP213CAN3, STM32MP213CAO3, STM32MP213DAL3, STM32MP213DAM3, STM32MP213DAN3, STM32MP213DAO3, STM32MP213FAL3, STM32MP213FAM3, STM32MP213FAN3, STM32MP213FAO3, STM32MP215AAL3, STM32MP215AAM3, STM32MP215AAN3, STM32MP215AAO3, STM32MP215CAL3, STM32MP215CAM3, STM32MP215CAN3, STM32MP215CAO3, STM32MP215DAL3, STM32MP215DAM3, STM32MP215DAN3, STM32MP215DAO3, STM32MP215F-DK, STM32MP215FAL3, STM32MP215FAM3, STM32MP215FAN3, STM32MP215FAO3, STM32MP231AAJ3, STM32MP231AAK3, STM32MP231AAL3, STM32MP231CAJ3, STM32MP231CAK3, STM32MP231CAL3, STM32MP231DAJ3, STM32MP231DAK3, STM32MP231DAL3, STM32MP231FAJ3, STM32MP231FAK3, STM32MP231FAL3, STM32MP233AAJ3, STM32MP233AAK3, STM32MP233AAL3, STM32MP233CAJ3, STM32MP233CAK3, STM32MP233CAL3, STM32MP233DAJ3, STM32MP233DAK3, STM32MP233DAL3, STM32MP233FAJ3, STM32MP233FAK3, STM32MP233FAL3, STM32MP235AAJ3, STM32MP235AAK3, STM32MP235AAL3, STM32MP235CAJ3, STM32MP235CAK3, STM32MP235CAL3, STM32MP235DAJ3, STM32MP235DAK3, STM32MP235DAL3, STM32MP235FAJ3, STM32MP235FAK3, STM32MP235FAL3, STM32MP251AAI3, STM32MP251AAK3, STM32MP251AAL3, STM32MP251CAI3, STM32MP251CAK3, STM32MP251CAL3, STM32MP251DAI3, STM32MP251DAK3, STM32MP251DAL3, STM32MP251FAI3, STM32MP251FAK3, STM32MP251FAL3, STM32MP253AAI3, STM32MP253AAK3, STM32MP253AAL3, STM32MP253CAI3, STM32MP253CAK3, STM32MP253CAL3, STM32MP253DAI3, STM32MP253DAK3, STM32MP253DAL3, STM32MP253FAI3, STM32MP253FAK3, STM32MP253FAL3, STM32MP255AAI3, STM32MP255AAK3, STM32MP255AAL3, STM32MP255CAI3, STM32MP255CAK3, STM32MP255CAL3, STM32MP255DAI3, STM32MP255DAK3, STM32MP255DAL3, STM32MP255FAI3, STM32MP255FAK3, STM32MP255FAL3, STM32MP257AAI3, STM32MP257AAK3, STM32MP257AAL3, STM32MP257CAI3, STM32MP257CAK3, STM32MP257CAL3, STM32MP257DAI3, STM32MP257DAK3, STM32MP257DAL3, STM32MP257F-DK, STM32MP257F-EV1, STM32MP257FAI3, STM32MP257FAK3, STM32MP257FAL3, STM32N645A0H3Q, STM32N645B0H3Q, STM32N645I0H3Q, STM32N645L0H3Q, STM32N645X0H3Q, STM32N645Z0H3Q, STM32N647A0H3Q, STM32N647B0H3Q, STM32N647I0H3Q, STM32N647L0H3Q, STM32N647X0H3Q, STM32N647Z0H3Q, STM32N655A0H3Q, STM32N655B0H3Q, STM32N655I0H3Q, STM32N655L0H3Q, STM32N655X0H3Q, STM32N655Z0H3Q, STM32N6570-DK, STM32N657A0H3Q, STM32N657B0H3Q, STM32N657I0H3Q, STM32N657L0H3Q, STM32N657X0H3Q, STM32N657Z0H3Q, STM32U031C6T6, STM32U031C6U6, STM32U031C8T6, STM32U031C8U6, STM32U031F4P6, STM32U031F6P6, STM32U031F8P6, STM32U031G6Y6TR, STM32U031G8Y6TR, STM32U031K4U6, STM32U031K6U6, STM32U031K8U6, STM32U031R6I6, STM32U031R6T6, STM32U031R8I6, STM32U031R8T6, STM32U073C8T6, STM32U073C8U6, STM32U073CBT6, STM32U073CBU6, STM32U073CCT6, STM32U073CCU6, STM32U073H8Y6TR, STM32U073HBY6TR, STM32U073HCY6TR, STM32U073K8U6, STM32U073KBU6, STM32U073KCU6, STM32U073M8I6, STM32U073M8T6, STM32U073MBI6, STM32U073MBT6, STM32U073MCI6, STM32U073MCT6, STM32U073R8I6, STM32U073R8T6, STM32U073RBI6, STM32U073RBT6, STM32U073RCI6, STM32U073RCT6, STM32U083C-DK, STM32U083CCT6, STM32U083CCU6, STM32U083HCY6TR, STM32U083KCU6, STM32U083MCI6, STM32U083MCT6, STM32U083RCI6, STM32U083RCT6, STM32U375CET6, STM32U375CET6Q, STM32U375CEU6, STM32U375CEU6Q, STM32U375CEY6QTR, STM32U375CGT6, STM32U375CGT6Q, STM32U375CGU6, STM32U375CGU6Q, STM32U375CGY6QTR, STM32U375KEU6, STM32U375KGU6, STM32U375REI6, STM32U375REI6Q, STM32U375RET6, STM32U375RET6Q, STM32U375REY6GTR, STM32U375REY6QTR, STM32U375RGI6, STM32U375RGI6Q, STM32U375RGT6, STM32U375RGT6Q, STM32U375RGY6GTR, STM32U375RGY6QTR, STM32U375VEI6, STM32U375VEI6Q, STM32U375VET6, STM32U375VET6Q, STM32U375VGI6, STM32U375VGI6Q, STM32U375VGT6, STM32U375VGT6Q, STM32U385CGT6, STM32U385CGT6Q, STM32U385CGU6, STM32U385CGU6Q, STM32U385CGY6QTR, STM32U385KGU6, STM32U385RGI6, STM32U385RGI6Q, STM32U385RGT6, STM32U385RGT6Q, STM32U385RGY6GTR, STM32U385RGY6QTR, STM32U385VGI6, STM32U385VGI6Q, STM32U385VGT6, STM32U385VGT6Q, STM32U535CBT6, STM32U535CBT6Q, STM32U535CBU6, STM32U535CBU6Q, STM32U535CCT6, STM32U535CCT6Q, STM32U535CCU6, STM32U535CCU6Q, STM32U535CET6, STM32U535CET6Q, STM32U535CEU6, STM32U535CEU6Q, STM32U535JEY6QTR, STM32U535NCY6QTR, STM32U535NEY6QTR, STM32U535RBI6, STM32U535RBI6Q, STM32U535RBT6, STM32U535RBT6Q, STM32U535RCI6, STM32U535RCI6Q, STM32U535RCT6, STM32U535RCT6Q, STM32U535REI6, STM32U535REI6Q, STM32U535RET6, STM32U535RET6Q, STM32U535VCI6, STM32U535VCI6Q, STM32U535VCT6, STM32U535VCT6Q, STM32U535VEI6, STM32U535VEI6Q, STM32U535VET6, STM32U535VET6Q, STM32U545CET6, STM32U545CET6Q, STM32U545CEU6, STM32U545CEU6Q, STM32U545JEY6QTR, STM32U545NEY6QTR, STM32U545REI6, STM32U545REI6Q, STM32U545RET6, STM32U545RET6Q, STM32U545VEI6, STM32U545VEI6Q, STM32U545VET6, STM32U545VET6Q, STM32U595AIH6, STM32U595AIH6Q, STM32U595AJH6, STM32U595AJH6Q, STM32U595QII6, STM32U595QII6Q, STM32U595QJI6, STM32U595QJI6Q, STM32U595RIT6, STM32U595RIT6Q, STM32U595RJT6, STM32U595RJT6Q, STM32U595VIT6, STM32U595VIT6Q, STM32U595VJT6, STM32U595VJT6Q, STM32U595ZIT6, STM32U595ZIT6Q, STM32U595ZIY6QTR, STM32U595ZJT6, STM32U595ZJT6Q, STM32U595ZJY6QTR, STM32U599BJY6QTR, STM32U599NIH6Q, STM32U599NJH6Q, STM32U599VIT6Q, STM32U599VJT6, STM32U599VJT6Q, STM32U599ZIT6Q, STM32U599ZIY6QTR, STM32U599ZJT6Q, STM32U599ZJY6QTR, STM32U5A5AJH6, STM32U5A5AJH6Q, STM32U5A5QII3Q , STM32U5A5QJI6, STM32U5A5QJI6Q, STM32U5A5RJT6, STM32U5A5RJT6Q, STM32U5A5VJT6, STM32U5A5VJT6Q, STM32U5A5ZJT6, STM32U5A5ZJT6Q, STM32U5A5ZJY6QTR, STM32U5A9BJY6QTR, STM32U5A9J-DK, STM32U5A9NJH6Q, STM32U5A9VJT6Q, STM32U5A9ZJT6Q, STM32U5A9ZJY6QTR, STM32U5F7VIT6, STM32U5F7VIT6Q, STM32U5F7VJT6, STM32U5F7VJT6Q, STM32U5F9BJY6QTR, STM32U5F9NJH6Q, STM32U5F9VIT6Q, STM32U5F9VJT6Q, STM32U5F9ZIJ6QTR, STM32U5F9ZIT6Q, STM32U5F9ZJJ6QTR, STM32U5F9ZJT6Q, STM32U5G7VJT6, STM32U5G7VJT6Q, STM32U5G9BJY6QTR, STM32U5G9J-DK1, STM32U5G9J-DK2, STM32U5G9NJH6Q, STM32U5G9VJT6Q, STM32U5G9ZJJ6QTR, STM32U5G9ZJT6Q, STM32WB05KZV6TR, STM32WB05KZV7TR, STM32WB05TZF6TR, STM32WB05TZF7TR, STM32WB06CCF6TR, STM32WB06CCF7TR, STM32WB06CCV6TR, STM32WB06CCV7TR, STM32WB06KCV6TR, STM32WB06KCV7TR, STM32WB07CCF6TR, STM32WB07CCF7TR, STM32WB07CCV6TR, STM32WB07CCV7TR, STM32WB07KCV6TR, STM32WB07KCV7TR, STM32WB09KEV6TR, STM32WB09KEV7TR, STM32WB09TEF6TR, STM32WB09TEF7TR, STM32WB1MMCH6, STM32WBA50KGU6, STM32WBA50KGU6TR, STM32WBA52CEU6, STM32WBA52CEU6TR, STM32WBA52CEU7, STM32WBA52CEU7TR, STM32WBA52CGU6, STM32WBA52CGU6TR, STM32WBA52CGU6U, STM32WBA52CGU7, STM32WBA52CGU7TR, STM32WBA52KEU6, STM32WBA52KEU6TR, STM32WBA52KGU6, STM32WBA52KGU6TR, STM32WBA54CEU6, STM32WBA54CEU6TR, STM32WBA54CEU7, STM32WBA54CEU7TR, STM32WBA54CGU6, STM32WBA54CGU6TR, STM32WBA54CGU7, STM32WBA54CGU7TR, STM32WBA54KEU6, STM32WBA54KEU6TR, STM32WBA54KEU7, STM32WBA54KEU7TR, STM32WBA54KGU6, STM32WBA54KGU6TR, STM32WBA54KGU7, STM32WBA54KGU7TR, STM32WBA55CEU6, STM32WBA55CEU6TR, STM32WBA55CEU7, STM32WBA55CEU7TR, STM32WBA55CGU6, STM32WBA55CGU6TR, STM32WBA55CGU6U, STM32WBA55CGU7, STM32WBA55CGU7TR, STM32WBA55G-DK1, STM32WBA55HEF6, STM32WBA55HEF7, STM32WBA55HGF6, STM32WBA55HGF7, STM32WBA55UEI6, STM32WBA55UEI6TR, STM32WBA55UEI7, STM32WBA55UEI7TR, STM32WBA55UGI6, STM32WBA55UGI6TR, STM32WBA55UGI7, STM32WBA55UGI7TR, STM32WBA5MMGH6TR, STM32WBA62MGF6, STM32WBA62MIF6, STM32WBA65MGF7, STM32WBA65MIF6, STM32WBA65MIF7, STM32WL30K8V6, STM32WL30KBV6, STM32WL31C8V6, STM32WL31CBV6, STM32WL31K8V6, STM32WL31KBV6, STM32WL33C8V6, STM32WL33C8V6X, STM32WL33CBV6, STM32WL33CBV6X, STM32WL33CCV6, STM32WL33CCV6A, STM32WL33CCV6X, STM32WL33K8V7, STM32WL33K8V7X, STM32WL33KBV7 , STM32WL33KBV7X, STM32WL33KCV7, STM32WL33KCV7X, STM32WL5MOCH6, STM32WL5MOCH6TR]
2025-11-26 14:02:59,734 [INFO] DbMcus:218 - Found 4876 MCUs, 4876 are supported
2025-11-26 14:02:59,734 [INFO] ApiDb:414 - User favorites file not found: C:\Users\Matyas/.stm32cubeide/favorites.mcus.txt
2025-11-26 14:02:59,734 [INFO] DbMcus:224 - Set 0 / 0 favorites MCUs
2025-11-26 14:03:00,139 [INFO] ApiDb:668 - CubeFinder database Data Model version=2.1
2025-11-26 14:03:00,139 [INFO] ApiDb:669 - CubeFinder database Configuration version=3.0.39
2025-11-26 14:03:00,139 [INFO] ApiDb:670 - CubeFinder database generation date=2025-11-05 (1762334721)
2025-11-26 14:03:00,140 [INFO] ApiDb:671 - CubeFinder database FW Pack versions=[FP-ATR-ASTRA1_V2.0.0, FP-SNS-FLIGHT1_V5.1.0, FP-SNS-MOTENV1_V5.1.0, FP-SNS-MOTENVWB1_V1.4.0, FP-SNS-SMARTAG2_V1.2.0, FP-SNS-STBOX1_V2.1.0, STM32Cube_FW_C0_V1.4.0, STM32Cube_FW_F4_V1.28.3, STM32Cube_FW_F7_V1.17.4, STM32Cube_FW_G0_V1.6.2, STM32Cube_FW_G4_V1.6.1, STM32Cube_FW_H5_V1.5.1, STM32Cube_FW_H7RS_V1.3.0, STM32Cube_FW_H7_V1.12.1, STM32Cube_FW_L0_V1.12.2, STM32Cube_FW_L4_V1.18.1, STM32Cube_FW_L5_V1.6.0, STM32Cube_FW_N6_V1.3.0, STM32Cube_FW_U0_V1.3.0, STM32Cube_FW_U3_V1.2.1, STM32Cube_FW_U5_V1.8.0, STM32Cube_FW_WB0_V1.4.0, STM32Cube_FW_WBA_V1.8.0, STM32Cube_FW_WB_V1.24.0, STM32Cube_FW_WL3_V1.3.0, STM32Cube_FW_WL_V1.4.0, X-CUBE-ALGOBUILD_V1.4.0, X-CUBE-ALS_V1.0.2, X-CUBE-AZRTOS-F4_V1.1.0, X-CUBE-AZRTOS-F7_V1.1.0, X-CUBE-AZRTOS-G0_V1.1.0, X-CUBE-AZRTOS-G4_V2.0.0, X-CUBE-AZRTOS-H7RS_V1.1.0, X-CUBE-AZRTOS-H7_V3.4.0, X-CUBE-AZRTOS-L4_V2.0.0, X-CUBE-AZRTOS-L5_V2.0.0, X-CUBE-AZRTOS-WB_V2.0.0, X-CUBE-AZRTOS-WL_V2.0.0, X-CUBE-BLE1_V7.1.0, X-CUBE-BLE2_V3.3.0, X-CUBE-BLEMGR_V4.1.0, X-CUBE-EEPRMA1_V5.2.0, X-CUBE-FREERTOS_V1.3.1, X-CUBE-GNSS1_V6.0.0, X-CUBE-MEMS1_V11.3.0, X-CUBE-NFC4_V3.0.0, X-CUBE-NFC7_V2.0.0, X-CUBE-SFXS2LP1_V4.0.0, X-CUBE-ST67W61_V1.1.0, X-CUBE-SUBG2_V5.0.0, X-CUBE-TOF1_V3.4.3]
2025-11-26 14:03:00,178 [INFO] DbBoardsSqlite:226 - include board P-NUCLEO-WB55-NUCLEO as a kit item of type 'Nucleo-64'
2025-11-26 14:03:00,178 [INFO] DbBoardsSqlite:226 - include board P-NUCLEO-WB55-USBDONGLE as a kit item of type 'Nucleo USB Dongle'
2025-11-26 14:03:00,179 [INFO] DbBoardsSqlite:226 - include board STEVAL-IDP005V1 as a kit item of type 'Evaluation Board'
2025-11-26 14:03:00,179 [INFO] DbBoardsSqlite:226 - include board STEVAL-IDP005V2 as a kit item of type 'Evaluation Board'
2025-11-26 14:03:00,231 [INFO] ApiDb:240 - Found 880 in-development CPN: [B-G473E-ZEST1S, B-WB1M-WPAN1, B-WBA5M-WPAN, B-WL5M-SUBG1, NUCLEO-C031C6, NUCLEO-C051C8, NUCLEO-C071RB, NUCLEO-C092RC, NUCLEO-H503RB, NUCLEO-H533RE, NUCLEO-H563ZI, NUCLEO-H7S3L8, NUCLEO-N657X0-Q, NUCLEO-U031R8, NUCLEO-U083RC, NUCLEO-U385RG-Q, NUCLEO-U545RE-Q, NUCLEO-U5A5ZJ-Q, NUCLEO-WB05KZ, NUCLEO-WB07CC, NUCLEO-WB09KE, NUCLEO-WBA52CG, NUCLEO-WBA55CG, NUCLEO-WL33CC1, NUCLEO-WL33CC2, STEVAL-PROTEUS1, STEVAL-SMARTAG2, STEVAL-STWINBX1, STM320518-EVAL, STM32C0116-DK, STM32C011D6Y3TR, STM32C011D6Y6TR, STM32C011F4P3, STM32C011F4P6, STM32C011F4U3, STM32C011F4U6TR, STM32C011F6P3, STM32C011F6P6, STM32C011F6U3, STM32C011F6U6TR, STM32C011J4M3, STM32C011J4M6, STM32C011J6M3, STM32C011J6M6, STM32C0316-DK, STM32C031C4T3, STM32C031C4T6, STM32C031C4U3, STM32C031C4U6, STM32C031C6T3, STM32C031C6T6, STM32C031C6U3, STM32C031C6U6, STM32C031F4P3, STM32C031F4P6, STM32C031F6P3, STM32C031F6P6, STM32C031G4U3, STM32C031G4U6, STM32C031G6U3, STM32C031G6U6, STM32C031K4T3, STM32C031K4T6, STM32C031K4U3, STM32C031K4U6, STM32C031K6T3, STM32C031K6T6, STM32C031K6U3, STM32C031K6U6, STM32C051C6T6, STM32C051C6U6, STM32C051C8T6, STM32C051C8U6, STM32C051D8Y6TR, STM32C051F6P6, STM32C051F8P6, STM32C051G6U6, STM32C051G8U6, STM32C051K6T6, STM32C051K6U6, STM32C051K8T6, STM32C071C8T6, STM32C071C8T6N, STM32C071C8U6, STM32C071C8U6N, STM32C071CBT6, STM32C071CBT6N, STM32C071CBU6, STM32C071CBU6N, STM32C071F8P6, STM32C071F8P6N, STM32C071FBP6, STM32C071FBP6N, STM32C071FBY6TR, STM32C071G8U6, STM32C071G8U6N, STM32C071GBU6, STM32C071GBU6N, STM32C071K8T6, STM32C071K8T6N, STM32C071K8U6, STM32C071K8U6N, STM32C071KBT6, STM32C071KBT6N, STM32C071KBU6, STM32C071KBU6N, STM32C071R8T6, STM32C071R8T6N, STM32C071RBI6N, STM32C071RBT6, STM32C071RBT6N, STM32C091CBT6, STM32C091CBU6, STM32C091CCT6, STM32C091CCU6, STM32C091ECY6TR, STM32C091FBP6, STM32C091FCP6, STM32C091GBU6, STM32C091GCU6, STM32C091KBT6, STM32C091KBU6, STM32C091KCT6, STM32C091KCU6, STM32C091RBT6, STM32C091RCI6, STM32C091RCT6, STM32C092CBT6, STM32C092CBU6, STM32C092CCT6, STM32C092CCU6, STM32C092ECY6TR, STM32C092FBP6, STM32C092FCP6, STM32C092GBU6, STM32C092GCU6, STM32C092KBT6, STM32C092KBU6, STM32C092KCT6, STM32C092KCU6, STM32C092RBT6, STM32C092RCI6, STM32C092RCT6, STM32G071K8TXN, STM32G071K8UXN, STM32G081GBU6N, STM32G081KBT6N, STM32G081KBUXN, STM32G0B1CCT6N, STM32G0B1KCT6, STM32G0B1NEY6TR, STM32G0B1RCT6N, STM32G0C1CCT6, STM32G0C1CCT6N, STM32G0C1CCU6N, STM32G0C1CET6N, STM32G0C1CEU6N, STM32G0C1KCT6, STM32G0C1NEY6TR, STM32G0C1RCI6N, STM32G0C1RCT6N, STM32G0C1REI6N, STM32G0C1RET6N, STM32G0C1VCI6, STM32G0C1VEI6, STM32G411C6T3, STM32G411C6T6, STM32G411C6U3, STM32G411C6U6, STM32G411C8T3, STM32G411C8T6, STM32G411C8U3, STM32G411C8U6, STM32G411CBT3, STM32G411CBT6, STM32G411CBU3, STM32G411CBU6, STM32G411K6T3, STM32G411K6T6, STM32G411K6U3, STM32G411K6U6, STM32G411K8T3, STM32G411K8T6, STM32G411K8U3, STM32G411K8U6, STM32G411KBT3, STM32G411KBT6, STM32G411KBU3, STM32G411KBU6, STM32G411M6T3, STM32G411M6T6, STM32G411M8T3, STM32G411M8T6, STM32G411MBT3, STM32G411MBT6, STM32G411R6T3, STM32G411R6T6, STM32G411R8T3, STM32G411R8T6, STM32G411RBT3, STM32G411RBT6, STM32G414CBT3, STM32G414CBT6, STM32G414CBU3, STM32G414CBU6, STM32G414CCT3, STM32G414CCT6, STM32G414CCU3, STM32G414CCU6, STM32G414MBT3, STM32G414MBT6, STM32G414MCT3, STM32G414MCT6, STM32G414RBT3, STM32G414RBT6, STM32G414RCT3, STM32G414RCT6, STM32G414VBT3, STM32G414VBT6, STM32G414VCT3, STM32G414VCT6, STM32G431CBT3Z, STM32G431RBT3Z, STM32G471CCT6, STM32G471CCU6, STM32G471CET3, STM32G471CET6, STM32G471CEU3, STM32G471CEU6, STM32G471MCT6, STM32G471MET3, STM32G471MET6, STM32G471MEY6TR, STM32G471QCT6, STM32G471QET3, STM32G471RCT6, STM32G471RET3, STM32G471RET6, STM32G471VCH6, STM32G471VCI6, STM32G471VCT6, STM32G471VEH3, STM32G471VEH6, STM32G471VEI3, STM32G471VEI6, STM32G471VET3, STM32G471VET6, STM32G473QET3Z, STM32G473RET3Z, STM32G474CCT6, STM32G491RET3Z, STM32H503CBT6, STM32H503CBU6, STM32H503EBY6TR, STM32H503KBU6, STM32H503RBT6, STM32H523CCT6, STM32H523CCU6, STM32H523CET6, STM32H523CEU6, STM32H523HEY6TR, STM32H523RCT6, STM32H523RET6, STM32H523VCI6, STM32H523VCT6, STM32H523VEI6, STM32H523VET6, STM32H523ZCJ6, STM32H523ZCT6, STM32H523ZEJ6, STM32H523ZET6, STM32H533CET6, STM32H533CEU6, STM32H533HEY6TR, STM32H533RET6, STM32H533VEI6, STM32H533VET6, STM32H533ZEJ6, STM32H533ZET6, STM32H562AGI6, STM32H562AII6, STM32H562IGK6, STM32H562IGT6, STM32H562IIK6, STM32H562IIT6, STM32H562RGT6, STM32H562RGV6, STM32H562RIT6, STM32H562RIV6, STM32H562VGT6, STM32H562VIT6, STM32H562ZGT6, STM32H562ZIT6, STM32H563AGI6, STM32H563AII3Q, STM32H563AII6, STM32H563IGK6, STM32H563IGT6, STM32H563IIK3Q, STM32H563IIK6, STM32H563IIT3Q, STM32H563IIT6, STM32H563MIY3QTR, STM32H563RGT6, STM32H563RGV6, STM32H563RIT6, STM32H563RIV6, STM32H563VGT6, STM32H563VIT3Q, STM32H563VIT6, STM32H563ZGT6, STM32H563ZIT3Q, STM32H563ZIT6, STM32H573AII3Q, STM32H573AII6, STM32H573I-DK, STM32H573IIK3Q, STM32H573IIK6, STM32H573IIT3Q, STM32H573IIT6, STM32H573MIY3QTR, STM32H573RIT6, STM32H573RIV6, STM32H573VIT3Q, STM32H573VIT6, STM32H573ZIT3Q, STM32H573ZIT6, STM32H7R3A8I6, STM32H7R3I8K6, STM32H7R3I8T6, STM32H7R3L8H6, STM32H7R3L8H6H, STM32H7R3R8V6, STM32H7R3V8H6, STM32H7R3V8T6, STM32H7R3V8Y6TR, STM32H7R3Z8J6, STM32H7R3Z8T6, STM32H7R7A8I6, STM32H7R7I8K6, STM32H7R7I8T6, STM32H7R7L8H6, STM32H7R7L8H6H, STM32H7R7Z8J6, STM32H7S3A8I6, STM32H7S3I8K6, STM32H7S3I8T6, STM32H7S3L8H6, STM32H7S3L8H6H, STM32H7S3R8V6, STM32H7S3V8H6, STM32H7S3V8T6, STM32H7S3V8Y6TR, STM32H7S3Z8J6, STM32H7S3Z8T6, STM32H7S78-DK, STM32H7S7A8I6, STM32H7S7I8K6, STM32H7S7I8T6, STM32H7S7L8H6, STM32H7S7L8H6H, STM32H7S7Z8J6, STM32L4R5QGI6STR, STM32MP131AAE3, STM32MP131AAF3, STM32MP131AAG3, STM32MP131CAE3, STM32MP131CAF3, STM32MP131CAG3, STM32MP131DAE7, STM32MP131DAF7, STM32MP131DAG7, STM32MP131FAE7, STM32MP131FAF7, STM32MP131FAG7, STM32MP133AAE3, STM32MP133AAF3, STM32MP133AAG3, STM32MP133CAE3, STM32MP133CAF3, STM32MP133CAG3, STM32MP133DAE7, STM32MP133DAF7, STM32MP133DAG7, STM32MP133FAE7, STM32MP133FAF7, STM32MP133FAG7, STM32MP135AAE3, STM32MP135AAF3, STM32MP135AAG3, STM32MP135CAE3, STM32MP135CAF3, STM32MP135CAG3, STM32MP135DAE7, STM32MP135DAF7, STM32MP135DAG7, STM32MP135F-DK, STM32MP135FAE7, STM32MP135FAF7, STM32MP135FAF7T, STM32MP135FAF7U, STM32MP135FAG7, STM32MP211AAL3, STM32MP211AAM3, STM32MP211AAN3, STM32MP211AAO3, STM32MP211CAL3, STM32MP211CAM3, STM32MP211CAN3, STM32MP211CAO3, STM32MP211DAL3, STM32MP211DAM3, STM32MP211DAN3, STM32MP211DAO3, STM32MP211FAL3, STM32MP211FAM3, STM32MP211FAN3, STM32MP211FAO3, STM32MP213AAL3, STM32MP213AAM3, STM32MP213AAN3, STM32MP213AAO3, STM32MP213CAL3, STM32MP213CAM3, STM32MP213CAN3, STM32MP213CAO3, STM32MP213DAL3, STM32MP213DAM3, STM32MP213DAN3, STM32MP213DAO3, STM32MP213FAL3, STM32MP213FAM3, STM32MP213FAN3, STM32MP213FAO3, STM32MP215AAL3, STM32MP215AAM3, STM32MP215AAN3, STM32MP215AAO3, STM32MP215CAL3, STM32MP215CAM3, STM32MP215CAN3, STM32MP215CAO3, STM32MP215DAL3, STM32MP215DAM3, STM32MP215DAN3, STM32MP215DAO3, STM32MP215F-DK, STM32MP215FAL3, STM32MP215FAM3, STM32MP215FAN3, STM32MP215FAO3, STM32MP231AAJ3, STM32MP231AAK3, STM32MP231AAL3, STM32MP231CAJ3, STM32MP231CAK3, STM32MP231CAL3, STM32MP231DAJ3, STM32MP231DAK3, STM32MP231DAL3, STM32MP231FAJ3, STM32MP231FAK3, STM32MP231FAL3, STM32MP233AAJ3, STM32MP233AAK3, STM32MP233AAL3, STM32MP233CAJ3, STM32MP233CAK3, STM32MP233CAL3, STM32MP233DAJ3, STM32MP233DAK3, STM32MP233DAL3, STM32MP233FAJ3, STM32MP233FAK3, STM32MP233FAL3, STM32MP235AAJ3, STM32MP235AAK3, STM32MP235AAL3, STM32MP235CAJ3, STM32MP235CAK3, STM32MP235CAL3, STM32MP235DAJ3, STM32MP235DAK3, STM32MP235DAL3, STM32MP235FAJ3, STM32MP235FAK3, STM32MP235FAL3, STM32MP251AAI3, STM32MP251AAK3, STM32MP251AAL3, STM32MP251CAI3, STM32MP251CAK3, STM32MP251CAL3, STM32MP251DAI3, STM32MP251DAK3, STM32MP251DAL3, STM32MP251FAI3, STM32MP251FAK3, STM32MP251FAL3, STM32MP253AAI3, STM32MP253AAK3, STM32MP253AAL3, STM32MP253CAI3, STM32MP253CAK3, STM32MP253CAL3, STM32MP253DAI3, STM32MP253DAK3, STM32MP253DAL3, STM32MP253FAI3, STM32MP253FAK3, STM32MP253FAL3, STM32MP255AAI3, STM32MP255AAK3, STM32MP255AAL3, STM32MP255CAI3, STM32MP255CAK3, STM32MP255CAL3, STM32MP255DAI3, STM32MP255DAK3, STM32MP255DAL3, STM32MP255FAI3, STM32MP255FAK3, STM32MP255FAL3, STM32MP257AAI3, STM32MP257AAK3, STM32MP257AAL3, STM32MP257CAI3, STM32MP257CAK3, STM32MP257CAL3, STM32MP257DAI3, STM32MP257DAK3, STM32MP257DAL3, STM32MP257F-DK, STM32MP257F-EV1, STM32MP257FAI3, STM32MP257FAK3, STM32MP257FAL3, STM32N645A0H3Q, STM32N645B0H3Q, STM32N645I0H3Q, STM32N645L0H3Q, STM32N645X0H3Q, STM32N645Z0H3Q, STM32N647A0H3Q, STM32N647B0H3Q, STM32N647I0H3Q, STM32N647L0H3Q, STM32N647X0H3Q, STM32N647Z0H3Q, STM32N655A0H3Q, STM32N655B0H3Q, STM32N655I0H3Q, STM32N655L0H3Q, STM32N655X0H3Q, STM32N655Z0H3Q, STM32N6570-DK, STM32N657A0H3Q, STM32N657B0H3Q, STM32N657I0H3Q, STM32N657L0H3Q, STM32N657X0H3Q, STM32N657Z0H3Q, STM32U031C6T6, STM32U031C6U6, STM32U031C8T6, STM32U031C8U6, STM32U031F4P6, STM32U031F6P6, STM32U031F8P6, STM32U031G6Y6TR, STM32U031G8Y6TR, STM32U031K4U6, STM32U031K6U6, STM32U031K8U6, STM32U031R6I6, STM32U031R6T6, STM32U031R8I6, STM32U031R8T6, STM32U073C8T6, STM32U073C8U6, STM32U073CBT6, STM32U073CBU6, STM32U073CCT6, STM32U073CCU6, STM32U073H8Y6TR, STM32U073HBY6TR, STM32U073HCY6TR, STM32U073K8U6, STM32U073KBU6, STM32U073KCU6, STM32U073M8I6, STM32U073M8T6, STM32U073MBI6, STM32U073MBT6, STM32U073MCI6, STM32U073MCT6, STM32U073R8I6, STM32U073R8T6, STM32U073RBI6, STM32U073RBT6, STM32U073RCI6, STM32U073RCT6, STM32U083C-DK, STM32U083CCT6, STM32U083CCU6, STM32U083HCY6TR, STM32U083KCU6, STM32U083MCI6, STM32U083MCT6, STM32U083RCI6, STM32U083RCT6, STM32U375CET6, STM32U375CET6Q, STM32U375CEU6, STM32U375CEU6Q, STM32U375CEY6QTR, STM32U375CGT6, STM32U375CGT6Q, STM32U375CGU6, STM32U375CGU6Q, STM32U375CGY6QTR, STM32U375KEU6, STM32U375KGU6, STM32U375REI6, STM32U375REI6Q, STM32U375RET6, STM32U375RET6Q, STM32U375REY6GTR, STM32U375REY6QTR, STM32U375RGI6, STM32U375RGI6Q, STM32U375RGT6, STM32U375RGT6Q, STM32U375RGY6GTR, STM32U375RGY6QTR, STM32U375VEI6, STM32U375VEI6Q, STM32U375VET6, STM32U375VET6Q, STM32U375VGI6, STM32U375VGI6Q, STM32U375VGT6, STM32U375VGT6Q, STM32U385CGT6, STM32U385CGT6Q, STM32U385CGU6, STM32U385CGU6Q, STM32U385CGY6QTR, STM32U385KGU6, STM32U385RGI6, STM32U385RGI6Q, STM32U385RGT6, STM32U385RGT6Q, STM32U385RGY6GTR, STM32U385RGY6QTR, STM32U385VGI6, STM32U385VGI6Q, STM32U385VGT6, STM32U385VGT6Q, STM32U535CBT6, STM32U535CBT6Q, STM32U535CBU6, STM32U535CBU6Q, STM32U535CCT6, STM32U535CCT6Q, STM32U535CCU6, STM32U535CCU6Q, STM32U535CET6, STM32U535CET6Q, STM32U535CEU6, STM32U535CEU6Q, STM32U535JEY6QTR, STM32U535NCY6QTR, STM32U535NEY6QTR, STM32U535RBI6, STM32U535RBI6Q, STM32U535RBT6, STM32U535RBT6Q, STM32U535RCI6, STM32U535RCI6Q, STM32U535RCT6, STM32U535RCT6Q, STM32U535REI6, STM32U535REI6Q, STM32U535RET6, STM32U535RET6Q, STM32U535VCI6, STM32U535VCI6Q, STM32U535VCT6, STM32U535VCT6Q, STM32U535VEI6, STM32U535VEI6Q, STM32U535VET6, STM32U535VET6Q, STM32U545CET6, STM32U545CET6Q, STM32U545CEU6, STM32U545CEU6Q, STM32U545JEY6QTR, STM32U545NEY6QTR, STM32U545REI6, STM32U545REI6Q, STM32U545RET6, STM32U545RET6Q, STM32U545VEI6, STM32U545VEI6Q, STM32U545VET6, STM32U545VET6Q, STM32U595AIH6, STM32U595AIH6Q, STM32U595AJH6, STM32U595AJH6Q, STM32U595QII6, STM32U595QII6Q, STM32U595QJI6, STM32U595QJI6Q, STM32U595RIT6, STM32U595RIT6Q, STM32U595RJT6, STM32U595RJT6Q, STM32U595VIT6, STM32U595VIT6Q, STM32U595VJT6, STM32U595VJT6Q, STM32U595ZIT6, STM32U595ZIT6Q, STM32U595ZIY6QTR, STM32U595ZJT6, STM32U595ZJT6Q, STM32U595ZJY6QTR, STM32U599BJY6QTR, STM32U599NIH6Q, STM32U599NJH6Q, STM32U599VIT6Q, STM32U599VJT6, STM32U599VJT6Q, STM32U599ZIT6Q, STM32U599ZIY6QTR, STM32U599ZJT6Q, STM32U599ZJY6QTR, STM32U5A5AJH6, STM32U5A5AJH6Q, STM32U5A5QII3Q , STM32U5A5QJI6, STM32U5A5QJI6Q, STM32U5A5RJT6, STM32U5A5RJT6Q, STM32U5A5VJT6, STM32U5A5VJT6Q, STM32U5A5ZJT6, STM32U5A5ZJT6Q, STM32U5A5ZJY6QTR, STM32U5A9BJY6QTR, STM32U5A9J-DK, STM32U5A9NJH6Q, STM32U5A9VJT6Q, STM32U5A9ZJT6Q, STM32U5A9ZJY6QTR, STM32U5F7VIT6, STM32U5F7VIT6Q, STM32U5F7VJT6, STM32U5F7VJT6Q, STM32U5F9BJY6QTR, STM32U5F9NJH6Q, STM32U5F9VIT6Q, STM32U5F9VJT6Q, STM32U5F9ZIJ6QTR, STM32U5F9ZIT6Q, STM32U5F9ZJJ6QTR, STM32U5F9ZJT6Q, STM32U5G7VJT6, STM32U5G7VJT6Q, STM32U5G9BJY6QTR, STM32U5G9J-DK1, STM32U5G9J-DK2, STM32U5G9NJH6Q, STM32U5G9VJT6Q, STM32U5G9ZJJ6QTR, STM32U5G9ZJT6Q, STM32WB05KZV6TR, STM32WB05KZV7TR, STM32WB05TZF6TR, STM32WB05TZF7TR, STM32WB06CCF6TR, STM32WB06CCF7TR, STM32WB06CCV6TR, STM32WB06CCV7TR, STM32WB06KCV6TR, STM32WB06KCV7TR, STM32WB07CCF6TR, STM32WB07CCF7TR, STM32WB07CCV6TR, STM32WB07CCV7TR, STM32WB07KCV6TR, STM32WB07KCV7TR, STM32WB09KEV6TR, STM32WB09KEV7TR, STM32WB09TEF6TR, STM32WB09TEF7TR, STM32WB1MMCH6, STM32WBA50KGU6, STM32WBA50KGU6TR, STM32WBA52CEU6, STM32WBA52CEU6TR, STM32WBA52CEU7, STM32WBA52CEU7TR, STM32WBA52CGU6, STM32WBA52CGU6TR, STM32WBA52CGU6U, STM32WBA52CGU7, STM32WBA52CGU7TR, STM32WBA52KEU6, STM32WBA52KEU6TR, STM32WBA52KGU6, STM32WBA52KGU6TR, STM32WBA54CEU6, STM32WBA54CEU6TR, STM32WBA54CEU7, STM32WBA54CEU7TR, STM32WBA54CGU6, STM32WBA54CGU6TR, STM32WBA54CGU7, STM32WBA54CGU7TR, STM32WBA54KEU6, STM32WBA54KEU6TR, STM32WBA54KEU7, STM32WBA54KEU7TR, STM32WBA54KGU6, STM32WBA54KGU6TR, STM32WBA54KGU7, STM32WBA54KGU7TR, STM32WBA55CEU6, STM32WBA55CEU6TR, STM32WBA55CEU7, STM32WBA55CEU7TR, STM32WBA55CGU6, STM32WBA55CGU6TR, STM32WBA55CGU6U, STM32WBA55CGU7, STM32WBA55CGU7TR, STM32WBA55G-DK1, STM32WBA55HEF6, STM32WBA55HEF7, STM32WBA55HGF6, STM32WBA55HGF7, STM32WBA55UEI6, STM32WBA55UEI6TR, STM32WBA55UEI7, STM32WBA55UEI7TR, STM32WBA55UGI6, STM32WBA55UGI6TR, STM32WBA55UGI7, STM32WBA55UGI7TR, STM32WBA5MMGH6TR, STM32WBA62MGF6, STM32WBA62MIF6, STM32WBA65MGF7, STM32WBA65MIF6, STM32WBA65MIF7, STM32WL30K8V6, STM32WL30KBV6, STM32WL31C8V6, STM32WL31CBV6, STM32WL31K8V6, STM32WL31KBV6, STM32WL33C8V6, STM32WL33C8V6X, STM32WL33CBV6, STM32WL33CBV6X, STM32WL33CCV6, STM32WL33CCV6A, STM32WL33CCV6X, STM32WL33K8V7, STM32WL33K8V7X, STM32WL33KBV7 , STM32WL33KBV7X, STM32WL33KCV7, STM32WL33KCV7X, STM32WL5MOCH6, STM32WL5MOCH6TR]
2025-11-26 14:03:00,411 [INFO] BoardInfo:889 - No configuration file found for board P-NUCLEO-WB55
2025-11-26 14:03:00,411 [INFO] DbBoards:161 - Kit is not supported: P-NUCLEO-WB55
2025-11-26 14:03:00,417 [INFO] BoardInfo:889 - No configuration file found for board STEVAL-BFA001V1B
2025-11-26 14:03:00,419 [INFO] DbBoards:161 - Kit is not supported: STEVAL-BFA001V1B
2025-11-26 14:03:00,419 [INFO] BoardInfo:889 - No configuration file found for board STEVAL-BFA001V2B
2025-11-26 14:03:00,421 [INFO] DbBoards:161 - Kit is not supported: STEVAL-BFA001V2B
2025-11-26 14:03:00,605 [INFO] DbBoards:168 - Found 212 boards, 209 are supported
2025-11-26 14:03:00,606 [INFO] DbBoards:169 - Found 212 boards, 43 of them is supported for  Bsp
2025-11-26 14:03:00,607 [INFO] ApiDb:414 - User favorites file not found: C:\Users\Matyas/.stm32cubeide/favorites.boards.txt
2025-11-26 14:03:00,607 [INFO] DbBoards:198 - Set 0 / 0 favorites Boards
2025-11-26 14:03:00,613 [INFO] ApiDb:668 - CubeFinder database Data Model version=2.1
2025-11-26 14:03:00,613 [INFO] ApiDb:669 - CubeFinder database Configuration version=3.0.39
2025-11-26 14:03:00,613 [INFO] ApiDb:670 - CubeFinder database generation date=2025-11-05 (1762334721)
2025-11-26 14:03:00,613 [INFO] ApiDb:671 - CubeFinder database FW Pack versions=[FP-ATR-ASTRA1_V2.0.0, FP-SNS-FLIGHT1_V5.1.0, FP-SNS-MOTENV1_V5.1.0, FP-SNS-MOTENVWB1_V1.4.0, FP-SNS-SMARTAG2_V1.2.0, FP-SNS-STBOX1_V2.1.0, STM32Cube_FW_C0_V1.4.0, STM32Cube_FW_F4_V1.28.3, STM32Cube_FW_F7_V1.17.4, STM32Cube_FW_G0_V1.6.2, STM32Cube_FW_G4_V1.6.1, STM32Cube_FW_H5_V1.5.1, STM32Cube_FW_H7RS_V1.3.0, STM32Cube_FW_H7_V1.12.1, STM32Cube_FW_L0_V1.12.2, STM32Cube_FW_L4_V1.18.1, STM32Cube_FW_L5_V1.6.0, STM32Cube_FW_N6_V1.3.0, STM32Cube_FW_U0_V1.3.0, STM32Cube_FW_U3_V1.2.1, STM32Cube_FW_U5_V1.8.0, STM32Cube_FW_WB0_V1.4.0, STM32Cube_FW_WBA_V1.8.0, STM32Cube_FW_WB_V1.24.0, STM32Cube_FW_WL3_V1.3.0, STM32Cube_FW_WL_V1.4.0, X-CUBE-ALGOBUILD_V1.4.0, X-CUBE-ALS_V1.0.2, X-CUBE-AZRTOS-F4_V1.1.0, X-CUBE-AZRTOS-F7_V1.1.0, X-CUBE-AZRTOS-G0_V1.1.0, X-CUBE-AZRTOS-G4_V2.0.0, X-CUBE-AZRTOS-H7RS_V1.1.0, X-CUBE-AZRTOS-H7_V3.4.0, X-CUBE-AZRTOS-L4_V2.0.0, X-CUBE-AZRTOS-L5_V2.0.0, X-CUBE-AZRTOS-WB_V2.0.0, X-CUBE-AZRTOS-WL_V2.0.0, X-CUBE-BLE1_V7.1.0, X-CUBE-BLE2_V3.3.0, X-CUBE-BLEMGR_V4.1.0, X-CUBE-EEPRMA1_V5.2.0, X-CUBE-FREERTOS_V1.3.1, X-CUBE-GNSS1_V6.0.0, X-CUBE-MEMS1_V11.3.0, X-CUBE-NFC4_V3.0.0, X-CUBE-NFC7_V2.0.0, X-CUBE-SFXS2LP1_V4.0.0, X-CUBE-ST67W61_V1.1.0, X-CUBE-SUBG2_V5.0.0, X-CUBE-TOF1_V3.4.3]
2025-11-26 14:03:01,083 [ERROR] DbExamplesSqlite:437 - Missing JSON key: board_cpn
2025-11-26 14:03:01,083 [ERROR] DbExamplesSqlite:437 - Missing JSON key: board_cpn
2025-11-26 14:03:01,083 [ERROR] DbExamplesSqlite:437 - Missing JSON key: board_cpn
2025-11-26 14:03:01,083 [ERROR] DbExamplesSqlite:437 - Missing JSON key: board_cpn
2025-11-26 14:03:01,294 [ERROR] DbExamplesSqlite:437 - Missing JSON key: board_cpn
2025-11-26 14:03:01,294 [ERROR] DbExamplesSqlite:437 - Missing JSON key: board_cpn
2025-11-26 14:03:01,300 [INFO] DbExamplesSqlite:395 - Ignored 42 examples not supported by CubeIDE
2025-11-26 14:03:01,300 [INFO] DbExamplesSqlite:396 - Found 10883 examples active
2025-11-26 14:03:01,301 [INFO] DbExamplesSqlite:397 - Found 0 examples obsolete
2025-11-26 14:03:01,301 [INFO] DbExamplesSqlite:398 - Found 0 examples under development
2025-11-26 14:03:01,302 [INFO] DbExamplesSqlite:399 - Found 85 examples not building
2025-11-26 14:03:01,303 [INFO] DbExamples:125 - Found 10926 examples
2025-11-26 14:03:01,333 [ERROR] DbExamples:208 - Found 73 examples with invalid data (board or MCU)
2025-11-26 14:03:01,333 [INFO] DbExamples:222 - Found 134 boards with related examples
2025-11-26 14:03:01,333 [INFO] DbExamples:235 - Found 111 MCUs with related examples
2025-11-26 14:03:01,352 [INFO] ApiDb:414 - User favorites file not found: C:\Users\Matyas/.stm32cubeide/favorites.examples.txt
2025-11-26 14:03:01,352 [INFO] DbExamples:250 - Set 0 / 0 favorites Examples
2025-11-26 14:03:01,614 [INFO] McuFinderGlobals:76 - Set McuFinderConnectedMode to true
2025-11-26 14:03:01,619 [INFO] MultiScanPanel:200 - Auto-refresh data requested => check proxy status ongoing
2025-11-26 14:03:01,621 [INFO] FinderPluginLoader:96 - Searching for filters in installed packs
2025-11-26 14:03:02,614 [INFO] LoadUrlFilesThread:185 - End of LoadServerUrlFiles without Thread
2025-11-26 14:03:02,639 [INFO] DetailPanel:341 - Set advertising image to C:/Users/Matyas/STM32Cube/Repository/\en.mcu-finder-preevent.jpg
2025-11-26 14:03:14,584 [INFO] MultiScanPanel:200 - Auto-refresh data requested => check proxy status ongoing
2025-11-26 14:03:14,677 [INFO] LoadUrlFilesThread:185 - End of LoadServerUrlFiles without Thread
2025-11-26 14:03:14,677 [INFO] DetailPanel:341 - Set advertising image to C:/Users/Matyas/STM32Cube/Repository/\en.mcu-finder-preevent.jpg
2025-11-26 14:03:14,686 [INFO] DbBoards:642 - Loading board mini-images...
2025-11-26 14:03:16,226 [ERROR] DbBoards:659 - Image file not found for board STM32MP215F-DK: C:\Users\Matyas\.stmcufinder\plugins\mcufinder//mcu//boards_images/STM32MP215F-DK.jpg
2025-11-26 14:03:16,303 [INFO] DbBoards:665 - Loaded 211 board mini-images
2025-11-26 14:05:19,704 [INFO] MetaSearchPanel:329 - Expand all filters sections
2025-11-26 14:05:32,701 [INFO] McuResultTable:1403 - Mark MCU STM32F401CDU6 as favorite
2025-11-26 14:05:33,259 [INFO] McuResultTable:1403 - Unmark MCU STM32F401CDU6 as favorite
2025-11-26 14:06:05,506 [INFO] ServerAccessManage:452 - Complete download http(s) 200
2025-11-26 14:06:05,506 [INFO] ServerAccessManage:509 - Download File 
2025-11-26 14:06:05,822 [INFO] LoadUrlFilesThread:185 - End of LoadServerUrlFiles without Thread
2025-11-26 14:06:05,840 [INFO] McuAction:173 - Block Diagram
2025-11-26 14:06:06,535 [INFO] McuAction:51 - Features
2025-11-26 14:06:36,505 [INFO] MainUpdater:2872 - connection check result : 10
2025-11-26 14:06:36,505 [INFO] MainUpdater:2872 - connection check result : 10
2025-11-26 14:06:36,519 [INFO] MicroXplorer:468 - Change Database Path : 
2025-11-26 14:06:36,519 [INFO] MicroXplorer:498 - Change Database Version : DB.6.0.150
2025-11-26 14:06:36,519 [WARN] ThirdParty:871 - waiting for thirdparty lock release [close project]
2025-11-26 14:06:36,519 [INFO] ThirdParty:873 - entering critical section [close project]
2025-11-26 14:06:36,519 [INFO] ThirdParty:883 - exiting critical section [close project]
2025-11-26 14:06:36,520 [INFO] PinOutPanel:1589 - setPackage(No Configuration,No Configuration)
2025-11-26 14:06:36,521 [INFO] UtilMem:75 - Begin LoadConfig() Used Memory: 972307080 Bytes (1073741824)
2025-11-26 14:06:36,522 [INFO] MicroXplorer:468 - Change Database Path : 
2025-11-26 14:06:36,522 [INFO] MicroXplorer:498 - Change Database Version : DB.6.0.150
2025-11-26 14:06:36,522 [INFO] OpenFileManager:355 - Change cursor
2025-11-26 14:06:36,627 [INFO] Mcu:2029 - Initializing MCU STM32F401CDUx STM32F401CDUx STM32F401CDU6
2025-11-26 14:06:37,936 [INFO] Context:786 - Trying to add GPIOservice into a context  which must be forbidden
2025-11-26 14:06:38,207 [INFO] ImportTextPane:234 - (OptionalMessage_ERROR) Unable to find key (Mcu.ThirdPartyNb) in loaded IOC file
2025-11-26 14:06:38,207 [INFO] ImportTextPane:234 - (OptionalMessage_ERROR) Unable to find key (Mcu.PinsNb) in loaded IOC file
2025-11-26 14:06:38,210 [INFO] ImportTextPane:234 - (OptionalMessage_ERROR) Pin0 (VP_RIF_VS_RIF1) cannot be retrieved for this MCU
2025-11-26 14:06:38,210 [INFO] ImportTextPane:234 - (OptionalMessage_ERROR) Unable to find key (Mcu.IPNb) in loaded IOC file
2025-11-26 14:06:38,388 [INFO] RtosManager:558 - Registered RTOS mode: class=CMSIS, group=RTOS, mode=CMSIS_V1, owner=FREERTOS
2025-11-26 14:06:38,388 [INFO] RtosManager:558 - Registered RTOS mode: class=CMSIS, group=RTOS2, mode=CMSIS_V2, owner=FREERTOS
2025-11-26 14:06:38,388 [INFO] RtosManager:558 - Registered RTOS mode: class=RTOS, group=Core, mode=CMSIS_V1, owner=FREERTOS
2025-11-26 14:06:38,388 [INFO] RtosManager:558 - Registered RTOS mode: class=RTOS, group=Core, mode=CMSIS_V2, owner=FREERTOS
2025-11-26 14:06:38,388 [WARN] ModelIntegratedComponent:184 - Missing modes for component STMicroelectronics:FreeRTOS:0.0.1:STMicroelectronics:RTOS:FreeRTOS:Core:::10.2.0:
2025-11-26 14:06:38,405 [WARN] ModelIntegratedComponent:63 - No mode defined for component null
2025-11-26 14:06:38,405 [WARN] ModelIntegratedComponent:63 - No mode defined for component null
2025-11-26 14:06:38,405 [WARN] ModelIntegratedComponent:63 - No mode defined for component null
2025-11-26 14:06:38,405 [WARN] ModelIntegratedComponent:63 - No mode defined for component null
2025-11-26 14:06:38,405 [WARN] ModelIntegratedComponent:63 - No mode defined for component null
2025-11-26 14:06:38,405 [WARN] ModelIntegratedComponent:63 - No mode defined for component null
2025-11-26 14:06:38,405 [WARN] ModelIntegratedComponent:63 - No mode defined for component null
2025-11-26 14:06:38,405 [WARN] ModelIntegratedComponent:63 - No mode defined for component null
2025-11-26 14:06:38,405 [WARN] ModelIntegratedComponent:63 - No mode defined for component null
2025-11-26 14:06:38,405 [WARN] ModelIntegratedComponent:63 - No mode defined for component null
2025-11-26 14:06:38,405 [WARN] ModelIntegratedComponent:63 - No mode defined for component null
2025-11-26 14:06:38,405 [WARN] ModelIntegratedComponent:63 - No mode defined for component null
2025-11-26 14:06:38,405 [WARN] ModelIntegratedComponent:63 - No mode defined for component null
2025-11-26 14:06:38,405 [WARN] ModelIntegratedComponent:63 - No mode defined for component null
2025-11-26 14:06:38,405 [WARN] ModelIntegratedComponent:63 - No mode defined for component null
2025-11-26 14:06:38,405 [WARN] ModelIntegratedComponent:63 - No mode defined for component null
2025-11-26 14:06:38,405 [WARN] ModelIntegratedComponent:63 - No mode defined for component null
2025-11-26 14:06:38,405 [WARN] ModelIntegratedComponent:63 - No mode defined for component null
2025-11-26 14:06:38,405 [WARN] ModelIntegratedComponent:63 - No mode defined for component null
2025-11-26 14:06:38,406 [WARN] ModelIntegratedComponent:63 - No mode defined for component null
2025-11-26 14:06:38,406 [WARN] ModelIntegratedComponent:63 - No mode defined for component null
2025-11-26 14:06:38,406 [WARN] ModelIntegratedComponent:63 - No mode defined for component null
2025-11-26 14:06:38,406 [WARN] ModelIntegratedComponent:63 - No mode defined for component null
2025-11-26 14:06:38,406 [WARN] ModelIntegratedComponent:63 - No mode defined for component null
2025-11-26 14:06:38,406 [WARN] ModelIntegratedComponent:63 - No mode defined for component null
2025-11-26 14:06:38,406 [WARN] ModelIntegratedComponent:63 - No mode defined for component null
2025-11-26 14:06:38,406 [WARN] ModelIntegratedComponent:63 - No mode defined for component null
2025-11-26 14:06:38,406 [WARN] ModelIntegratedComponent:63 - No mode defined for component null
2025-11-26 14:06:38,406 [WARN] ModelIntegratedComponent:63 - No mode defined for component null
2025-11-26 14:06:38,406 [WARN] ModelIntegratedComponent:63 - No mode defined for component null
2025-11-26 14:06:38,406 [WARN] ModelIntegratedComponent:63 - No mode defined for component null
2025-11-26 14:06:38,406 [WARN] ModelIntegratedComponent:63 - No mode defined for component null
2025-11-26 14:06:38,406 [WARN] ModelIntegratedComponent:63 - No mode defined for component null
2025-11-26 14:06:38,406 [WARN] ModelIntegratedComponent:63 - No mode defined for component null
2025-11-26 14:06:38,406 [WARN] ModelIntegratedComponent:63 - No mode defined for component null
2025-11-26 14:06:38,406 [WARN] ModelPack:524 - Component already loaded: STMicroelectronics:HAL Drivers:0.0.0:STMicroelectronics:Device:STMicro_Driver:XSPI:HAL::0.0.1:HAL_XSPI
2025-11-26 14:06:38,442 [INFO] ThirdPartyModel:298 - Start build external matchings
2025-11-26 14:06:38,801 [INFO] ThirdPartyModel:316 - End build external matchings
2025-11-26 14:06:39,006 [INFO] UtilMem:75 - End LoadConfig() Used Memory: 906280088 Bytes (1073741824)
2025-11-26 14:06:39,030 [WARN] ThirdParty:833 - waiting for thirdparty lock release [change project]
2025-11-26 14:06:39,031 [INFO] ThirdParty:835 - entering critical section [change project]
2025-11-26 14:06:39,031 [INFO] ThirdParty:1030 - CMSIS Pack Vendor :STMicroelectronics X-CUBE-PM33A1 1.0.0
2025-11-26 14:06:39,031 [INFO] ThirdParty:1030 - CMSIS Pack Vendor :STMicroelectronics USBPD 4.1
2025-11-26 14:06:39,031 [INFO] ThirdParty:1030 - CMSIS Pack Vendor :STMicroelectronics X-CUBE-NFC9 1.0.0
2025-11-26 14:06:39,031 [INFO] ThirdParty:1030 - CMSIS Pack Vendor :STMicroelectronics USB_HOST 2.0.0
2025-11-26 14:06:39,031 [INFO] ThirdParty:1030 - CMSIS Pack Vendor :STMicroelectronics FP-SNS-MOTENVWB1 1.4.0
2025-11-26 14:06:39,031 [INFO] ThirdParty:1030 - CMSIS Pack Vendor :STMicroelectronics X-CUBE-AZRTOS-F4 1.1.0
2025-11-26 14:06:39,031 [INFO] ThirdParty:1030 - CMSIS Pack Vendor :STMicroelectronics LIBJPEG 8.0.0
2025-11-26 14:06:39,031 [INFO] ThirdParty:1030 - CMSIS Pack Vendor :STMicroelectronics FP-ATR-ASTRA1 2.0.2
2025-11-26 14:06:39,031 [INFO] ThirdParty:1030 - CMSIS Pack Vendor :wolfSSL I-CUBE-wolfSSL 5.8.2
2025-11-26 14:06:39,031 [INFO] ThirdParty:1030 - CMSIS Pack Vendor :STMicroelectronics X-CUBE-BLE1 7.1.0
2025-11-26 14:06:39,031 [INFO] ThirdParty:1030 - CMSIS Pack Vendor :STMicroelectronics X-CUBE-SMBUS 2.1.0
2025-11-26 14:06:39,031 [INFO] ThirdParty:1030 - CMSIS Pack Vendor :wolfSSL I-CUBE-wolfMQTT 1.19.2
2025-11-26 14:06:39,031 [INFO] ThirdParty:1030 - CMSIS Pack Vendor :STMicroelectronics USB_DEVICE 3.0.0
2025-11-26 14:06:39,031 [INFO] ThirdParty:1030 - CMSIS Pack Vendor :STMicroelectronics X-CUBE-ISPU 2.1.0
2025-11-26 14:06:39,031 [INFO] ThirdParty:1030 - CMSIS Pack Vendor :STMicroelectronics X-CUBE-FREERTOS 1.4.0
2025-11-26 14:06:39,031 [INFO] ThirdParty:1030 - CMSIS Pack Vendor :STMicroelectronics X-CUBE-EEPRMA1 5.2.0
2025-11-26 14:06:39,031 [INFO] ThirdParty:1030 - CMSIS Pack Vendor :STMicroelectronics X-CUBE-IPS 3.2.0
2025-11-26 14:06:39,031 [INFO] ThirdParty:1030 - CMSIS Pack Vendor :STMicroelectronics X-CUBE-BLEMGR 4.1.0
2025-11-26 14:06:39,031 [INFO] ThirdParty:1030 - CMSIS Pack Vendor :STMicroelectronics X-CUBE-AZRTOS-WB 2.0.0
2025-11-26 14:06:39,031 [INFO] ThirdParty:1030 - CMSIS Pack Vendor :Cesanta I-CUBE-Mongoose 7.20.0
2025-11-26 14:06:39,031 [INFO] ThirdParty:1030 - CMSIS Pack Vendor :STMicroelectronics X-CUBE-NFC12 1.0.0
2025-11-26 14:06:39,031 [INFO] ThirdParty:1030 - CMSIS Pack Vendor :STMicroelectronics X-CUBE-AZRTOS-F7 1.1.0
2025-11-26 14:06:39,031 [INFO] ThirdParty:1030 - CMSIS Pack Vendor :STMicroelectronics X-CUBE-AZRTOS-L5 2.0.0
2025-11-26 14:06:39,031 [INFO] ThirdParty:1030 - CMSIS Pack Vendor :STMicroelectronics USB_DEVICE 2.0.0
2025-11-26 14:06:39,031 [INFO] ThirdParty:1030 - CMSIS Pack Vendor :STMicroelectronics X-CUBE-NFC6 3.1.0
2025-11-26 14:06:39,031 [INFO] ThirdParty:1030 - CMSIS Pack Vendor :STMicroelectronics X-CUBE-ST67W61 1.1.0
2025-11-26 14:06:39,031 [INFO] ThirdParty:1030 - CMSIS Pack Vendor :quantropi X-CUBE-qispace-sdk-base 2.1.0
2025-11-26 14:06:39,031 [INFO] ThirdParty:1030 - CMSIS Pack Vendor :STMicroelectronics X-CUBE-MEMS1 12.0.0
2025-11-26 14:06:39,031 [INFO] ThirdParty:1030 - CMSIS Pack Vendor :STMicroelectronics FP-SNS-MOTENV1 5.1.0
2025-11-26 14:06:39,031 [INFO] ThirdParty:1030 - CMSIS Pack Vendor :STMicroelectronics FreeRTOS 0.0.1
2025-11-26 14:06:39,031 [INFO] ThirdParty:1030 - CMSIS Pack Vendor :STMicroelectronics X-CUBE-AZRTOS-G0 1.1.0
2025-11-26 14:06:39,031 [INFO] ThirdParty:1030 - CMSIS Pack Vendor :STMicroelectronics X-CUBE-NFC4 3.0.0
2025-11-26 14:06:39,031 [INFO] ThirdParty:1030 - CMSIS Pack Vendor :STMicroelectronics X-CUBE-SUBG2 5.0.0
2025-11-26 14:06:39,031 [INFO] ThirdParty:1030 - CMSIS Pack Vendor :STMicroelectronics STM32_WPAN 1.0.0
2025-11-26 14:06:39,031 [INFO] ThirdParty:1030 - CMSIS Pack Vendor :EmbeddedOffice I-CUBE-FS-RTOS 1.0.1
2025-11-26 14:06:39,031 [INFO] ThirdParty:1030 - CMSIS Pack Vendor :STMicroelectronics lwIP 2.0.3
2025-11-26 14:06:39,031 [INFO] ThirdParty:1030 - CMSIS Pack Vendor :WES I-CUBE-Cesium 1.4.0
2025-11-26 14:06:39,031 [INFO] ThirdParty:1030 - CMSIS Pack Vendor :STMicroelectronics USB_HOST 1.0.0
2025-11-26 14:06:39,031 [INFO] ThirdParty:1030 - CMSIS Pack Vendor :STMicroelectronics X-CUBE-AZRTOS-G4 2.0.0
2025-11-26 14:06:39,031 [INFO] ThirdParty:1030 - CMSIS Pack Vendor :STMicroelectronics X-CUBE-WB05N 2.0.0
2025-11-26 14:06:39,032 [INFO] ThirdParty:1030 - CMSIS Pack Vendor :STMicroelectronics PDM2PCM 3.1.0
2025-11-26 14:06:39,032 [INFO] ThirdParty:1030 - CMSIS Pack Vendor :STMicroelectronics PDM2PCM 3.3.0
2025-11-26 14:06:39,032 [INFO] ThirdParty:1030 - CMSIS Pack Vendor :wolfSSL I-CUBE-wolfTPM 3.8.0
2025-11-26 14:06:39,032 [INFO] ThirdParty:1030 - CMSIS Pack Vendor :STMicroelectronics X-CUBE-AZRTOS-H7 3.4.0
2025-11-26 14:06:39,032 [INFO] ThirdParty:1030 - CMSIS Pack Vendor :STMicroelectronics X-CUBE-DISPLAY 3.0.0
2025-11-26 14:06:39,032 [INFO] ThirdParty:1030 - CMSIS Pack Vendor :wolfSSL I-CUBE-wolfSSH 1.4.20
2025-11-26 14:06:39,032 [INFO] ThirdParty:1030 - CMSIS Pack Vendor :STMicroelectronics X-CUBE-NFC7 2.0.0
2025-11-26 14:06:39,032 [INFO] ThirdParty:1030 - CMSIS Pack Vendor :STMicroelectronics X-CUBE-TCPP 4.2.0
2025-11-26 14:06:39,032 [INFO] ThirdParty:1030 - CMSIS Pack Vendor :RealThread X-CUBE-RT-Thread_Nano 4.1.1
2025-11-26 14:06:39,032 [INFO] ThirdParty:1030 - CMSIS Pack Vendor :STMicroelectronics FP-ATR-SIGFOX1 3.2.0
2025-11-26 14:06:39,032 [INFO] ThirdParty:1030 - CMSIS Pack Vendor :STMicroelectronics X-CUBE-NFC10 1.0.0
2025-11-26 14:06:39,032 [INFO] ThirdParty:1030 - CMSIS Pack Vendor :STMicroelectronics HAL Drivers 0.0.0
2025-11-26 14:06:39,032 [INFO] ThirdParty:1030 - CMSIS Pack Vendor :STMicroelectronics MBEDTLS 2.16.2
2025-11-26 14:06:39,032 [INFO] ThirdParty:1030 - CMSIS Pack Vendor :STMicroelectronics X-CUBE-ST60 1.1.0
2025-11-26 14:06:39,032 [INFO] ThirdParty:1030 - CMSIS Pack Vendor :STMicroelectronics X-CUBE-ALS 1.0.2
2025-11-26 14:06:39,032 [INFO] ThirdParty:1030 - CMSIS Pack Vendor :emotas I-CUBE-CANOPEN 1.3.0
2025-11-26 14:06:39,032 [INFO] ThirdParty:1030 - CMSIS Pack Vendor :STMicroelectronics MBEDTLS 2.14.1
2025-11-26 14:06:39,033 [INFO] ThirdParty:1030 - CMSIS Pack Vendor :STMicroelectronics X-CUBE-GNSS1 7.1.0
2025-11-26 14:06:39,033 [INFO] ThirdParty:1030 - CMSIS Pack Vendor :ITTIA_DB I-CUBE-ITTIADB 8.9.0
2025-11-26 14:06:39,033 [INFO] ThirdParty:1030 - CMSIS Pack Vendor :STMicroelectronics X-CUBE-TOUCHGFX 4.26.0
2025-11-26 14:06:39,033 [INFO] ThirdParty:1030 - CMSIS Pack Vendor :STMicroelectronics X-CUBE-STSE01 1.0.0
2025-11-26 14:06:39,033 [INFO] ThirdParty:1030 - CMSIS Pack Vendor :STMicroelectronics FP-SNS-STBOX1 2.1.0
2025-11-26 14:06:39,033 [INFO] ThirdParty:1030 - CMSIS Pack Vendor :STMicroelectronics X-CUBE-AI 10.2.0
2025-11-26 14:06:39,033 [INFO] ThirdParty:1030 - CMSIS Pack Vendor :STMicroelectronics FP-SNS-STAIOTCFT 1.0.0
2025-11-26 14:06:39,033 [INFO] ThirdParty:1030 - CMSIS Pack Vendor :STMicroelectronics ThreadX 1.0.0
2025-11-26 14:06:39,033 [INFO] ThirdParty:1030 - CMSIS Pack Vendor :STMicroelectronics FP-SNS-SMARTAG2 1.2.0
2025-11-26 14:06:39,033 [INFO] ThirdParty:1030 - CMSIS Pack Vendor :STMicroelectronics FP-SNS-FLIGHT1 5.1.0
2025-11-26 14:06:39,033 [INFO] ThirdParty:1030 - CMSIS Pack Vendor :STMicroelectronics X-CUBE-AZRTOS-WL 2.0.0
2025-11-26 14:06:39,033 [INFO] ThirdParty:1030 - CMSIS Pack Vendor :SEGGER I-CUBE-embOS 1.3.1
2025-11-26 14:06:39,033 [INFO] ThirdParty:1030 - CMSIS Pack Vendor :STMicroelectronics X-CUBE-ALGOBUILD 1.4.0
2025-11-26 14:06:39,033 [INFO] ThirdParty:1030 - CMSIS Pack Vendor :STMicroelectronics X-CUBE-DPower 1.3.0
2025-11-26 14:06:39,033 [INFO] ThirdParty:1030 - CMSIS Pack Vendor :STMicroelectronics USB_DEVICE 1.0.0
2025-11-26 14:06:39,034 [INFO] ThirdParty:1030 - CMSIS Pack Vendor :STMicroelectronics X-CUBE-AZRTOS-H7RS 1.2.0
2025-11-26 14:06:39,034 [INFO] ThirdParty:1030 - CMSIS Pack Vendor :STMicroelectronics X-CUBE-AZRTOS-L4 2.0.0
2025-11-26 14:06:39,034 [INFO] ThirdParty:1030 - CMSIS Pack Vendor :STMicroelectronics ThreadX 0.0.2
2025-11-26 14:06:39,034 [INFO] ThirdParty:1030 - CMSIS Pack Vendor :STMicroelectronics lwIP 2.1.2
2025-11-26 14:06:39,034 [INFO] ThirdParty:1030 - CMSIS Pack Vendor :STMicroelectronics X-CUBE-SFXS2LP1 4.0.0
2025-11-26 14:06:39,034 [INFO] ThirdParty:1030 - CMSIS Pack Vendor :STMicroelectronics X-CUBE-BLE2 3.3.0
2025-11-26 14:06:39,034 [INFO] ThirdParty:1030 - CMSIS Pack Vendor :Avnet-IOTCONNECT X-CUBE-iotc-st67-sdk 1.0.0
2025-11-26 14:06:39,034 [INFO] ThirdParty:1030 - CMSIS Pack Vendor :STMicroelectronics X-CUBE-TOF1 3.4.3
2025-11-26 14:06:39,034 [INFO] ThirdParty:1030 - CMSIS Pack Vendor :Infineon AIROC-Wi-Fi-Bluetooth-STM32 1.8.0
2025-11-26 14:06:39,034 [INFO] ThirdParty:1030 - CMSIS Pack Vendor :STMicroelectronics PDM2PCM 3.2.0
2025-11-26 14:06:39,034 [INFO] ThirdParty:841 - exiting critical section [change project]
2025-11-26 14:06:39,252 [INFO] PinOutPanel:1589 - setPackage(No Configuration,No Configuration)
2025-11-26 14:06:39,254 [INFO] PinOutPanel:1589 - setPackage(STM32F401CDUx,UFQFPN48)
2025-11-26 14:06:39,668 [INFO] UtilMem:75 - Before build in PCC Used Memory: 827113024 Bytes (1073741824)
2025-11-26 14:06:40,382 [INFO] UtilMem:75 - After build in PCC Used Memory: 886881856 Bytes (1073741824)
2025-11-26 14:06:40,402 [INFO] IPUIPlugin:80 - create IPUIPlugin
2025-11-26 14:06:40,402 [INFO] IPUIPlugin:80 - create IPUIPlugin
2025-11-26 14:06:40,402 [INFO] IPUIPlugin:80 - create IPUIPlugin
2025-11-26 14:06:40,402 [INFO] IPUIPlugin:80 - create IPUIPlugin
2025-11-26 14:06:40,403 [INFO] IPUIPlugin:80 - create IPUIPlugin
2025-11-26 14:06:40,403 [INFO] IPUIPlugin:80 - create IPUIPlugin
2025-11-26 14:06:40,403 [INFO] IPUIPlugin:80 - create IPUIPlugin
2025-11-26 14:06:40,403 [INFO] IPUIPlugin:80 - create IPUIPlugin
2025-11-26 14:06:40,403 [INFO] IPUIPlugin:80 - create IPUIPlugin
2025-11-26 14:06:40,403 [INFO] IPUIPlugin:80 - create IPUIPlugin
2025-11-26 14:06:40,403 [INFO] IPUIPlugin:80 - create IPUIPlugin
2025-11-26 14:06:40,403 [INFO] IPUIPlugin:80 - create IPUIPlugin
2025-11-26 14:06:40,403 [INFO] IPUIPlugin:80 - create IPUIPlugin
2025-11-26 14:06:40,403 [INFO] IPUIPlugin:80 - create IPUIPlugin
2025-11-26 14:06:40,403 [INFO] IPUIPlugin:80 - create IPUIPlugin
2025-11-26 14:06:40,403 [INFO] IPUIPlugin:80 - create IPUIPlugin
2025-11-26 14:06:40,404 [INFO] IPUIPlugin:80 - create IPUIPlugin
2025-11-26 14:06:40,404 [INFO] IPUIPlugin:80 - create IPUIPlugin
2025-11-26 14:06:40,404 [INFO] IPUIPlugin:80 - create IPUIPlugin
2025-11-26 14:06:40,404 [INFO] IPUIPlugin:80 - create IPUIPlugin
2025-11-26 14:06:40,404 [INFO] IPUIPlugin:80 - create IPUIPlugin
2025-11-26 14:06:40,404 [INFO] IPUIPlugin:80 - create IPUIPlugin
2025-11-26 14:06:40,404 [INFO] IPUIPlugin:80 - create IPUIPlugin
2025-11-26 14:06:40,404 [INFO] IPUIPlugin:80 - create IPUIPlugin
2025-11-26 14:06:40,405 [INFO] IPUIPlugin:80 - create IPUIPlugin
2025-11-26 14:06:40,405 [INFO] IPUIPlugin:80 - create IPUIPlugin
2025-11-26 14:06:40,405 [INFO] IPUIPlugin:80 - create IPUIPlugin
2025-11-26 14:06:40,405 [INFO] IPUIPlugin:80 - create IPUIPlugin
2025-11-26 14:06:40,405 [INFO] IPUIPlugin:80 - create IPUIPlugin
2025-11-26 14:06:40,405 [INFO] IPUIPlugin:80 - create IPUIPlugin
2025-11-26 14:06:40,405 [INFO] IPUIPlugin:80 - create IPUIPlugin
2025-11-26 14:06:40,405 [INFO] IPUIPlugin:80 - create IPUIPlugin
2025-11-26 14:06:40,405 [INFO] IPUIPlugin:80 - create IPUIPlugin
2025-11-26 14:06:40,406 [INFO] IPUIPlugin:80 - create IPUIPlugin
2025-11-26 14:06:40,406 [INFO] IPUIPlugin:80 - create IPUIPlugin
2025-11-26 14:06:40,406 [INFO] IPUIPlugin:80 - create IPUIPlugin
2025-11-26 14:06:40,406 [INFO] IPUIPlugin:80 - create IPUIPlugin
2025-11-26 14:06:40,528 [INFO] ApiDbMcu:532 - Load IP Config File for PDM2PCM
2025-11-26 14:06:40,656 [INFO] CADModel:165 - CPN selected for project levelSTM32F401CDU6
2025-11-26 14:06:40,657 [INFO] CADModel:114 - Register for checkConnection events
2025-11-26 14:06:40,703 [INFO] OpenFileManager:386 - Restore cursor
2025-11-26 14:06:42,703 [INFO] UtilMem:75 - End SaveConfig() Used Memory: 978122280 Bytes (1073741824)
2025-11-26 14:07:08,277 [INFO] McuFinderGlobals:76 - Set McuFinderConnectedMode to true
2025-11-26 14:07:08,279 [INFO] ApiDb:448 - Save user favorites file C:\Users\Matyas/.stm32cubeide/favorites.mcus.txt: 0 item(s)
2025-11-26 14:07:08,279 [INFO] ApiDb:452 - User favorites MCUs=[]
2025-11-26 14:07:08,281 [INFO] ApiDb:448 - Save user favorites file C:\Users\Matyas/.stm32cubeide/favorites.boards.txt: 0 item(s)
2025-11-26 14:07:08,281 [INFO] ApiDb:452 - User favorites Boards=[]
2025-11-26 14:07:14,108 [INFO] McuFinderGlobals:63 - Set McuFinder mode to 2 (CubeIDE integrated)
2025-11-26 14:07:14,108 [INFO] UserAuth:171 - activating auth plugin
2025-11-26 14:07:14,110 [INFO] UserAuth:487 - Internet connection configuration mode: 1
2025-11-26 14:07:29,713 [INFO] WebApp:652 - userauth.ini deleted or not created
2025-11-26 14:07:44,973 [INFO] ServerAccessManage:452 - Complete download http(s) 200
2025-11-26 14:07:44,973 [INFO] ServerAccessManage:509 - Download File stm32cube_fw_f4_v1280.zip
2025-11-26 14:07:58,908 [INFO] AnalyticsPlugin:368 - Accepted License(s): [FW.F4.1.28.0]
2025-11-26 14:07:58,909 [INFO] FileExtend:248 - Unzip File : stm32cube_fw_f4_v1280.zip
2025-11-26 14:07:58,909 [INFO] FileExtend:263 - Standard Zip Deflate
2025-11-26 14:08:47,074 [INFO] ServerAccessManage:452 - Complete download http(s) 200
2025-11-26 14:08:47,075 [INFO] ServerAccessManage:509 - Download File stm32cube_fw_f4_v1283.zip
2025-11-26 14:08:50,660 [INFO] FileExtend:248 - Unzip File : stm32cube_fw_f4_v1283.zip
2025-11-26 14:08:50,661 [INFO] FileExtend:263 - Standard Zip Deflate
2025-11-26 14:09:26,816 [INFO] LoadServerPackagesThread:196 - End of LoadServerPackages Thread
2025-11-26 14:09:27,435 [INFO] ThirdPartyModel:298 - Start build external matchings
2025-11-26 14:09:27,465 [INFO] UtilMem:75 - End SaveConfig() Used Memory: 868103472 Bytes (1073741824)
2025-11-26 14:09:28,401 [INFO] ThirdPartyModel:316 - End build external matchings
2025-11-26 14:09:28,414 [INFO] CheckServerUpdateThread:120 - End of CheckServer Thread
2025-11-26 14:09:28,670 [INFO] BlockDiagram:2775 - set Specific Code input for plugin: NVIC
2025-11-26 14:09:28,670 [INFO] BlockDiagram:2775 - set Specific Code input for plugin: RCC
2025-11-26 14:09:28,672 [INFO] CodeGenerator:892 - code generatio: config db path: C:\ST\STM32CubeIDE_1.19.0\STM32CubeIDE\plugins\com.st.stm32cube.common.mx_6.15.0.202507011659\\db\
2025-11-26 14:09:28,834 [INFO] CodeEngine:265 - oldGeneratedFile, C:\Users\Matyas\STM32CubeIDE\workspace_1.19.0\SecureBoot-1\MXTmpFiles\license.tmp_save
2025-11-26 14:09:29,409 [INFO] CodeEngine:289 - Generated code: C:\Users\Matyas\STM32CubeIDE\workspace_1.19.0\SecureBoot-1\MXTmpFiles\license.tmp
2025-11-26 14:09:29,439 [INFO] CodeEngine:265 - oldGeneratedFile, C:\Users\Matyas\STM32CubeIDE\workspace_1.19.0\SecureBoot-1\Core\Src\stm32f4xx_it.c_save
2025-11-26 14:09:29,643 [INFO] CodeEngine:289 - Generated code: C:\Users\Matyas\STM32CubeIDE\workspace_1.19.0\SecureBoot-1\Core\Src\stm32f4xx_it.c
2025-11-26 14:09:29,655 [INFO] CodeEngine:265 - oldGeneratedFile, C:\Users\Matyas\STM32CubeIDE\workspace_1.19.0\SecureBoot-1\Core\Inc\stm32f4xx_it.h_save
2025-11-26 14:09:29,745 [INFO] CodeEngine:289 - Generated code: C:\Users\Matyas\STM32CubeIDE\workspace_1.19.0\SecureBoot-1\Core\Inc\stm32f4xx_it.h
2025-11-26 14:09:29,858 [INFO] CodeEngine:265 - oldGeneratedFile, C:\Users\Matyas\STM32CubeIDE\workspace_1.19.0\SecureBoot-1\Core\Src\stm32f4xx_hal_msp.c_save
2025-11-26 14:09:30,022 [INFO] CodeEngine:289 - Generated code: C:\Users\Matyas\STM32CubeIDE\workspace_1.19.0\SecureBoot-1\Core\Src\stm32f4xx_hal_msp.c
2025-11-26 14:09:30,035 [INFO] CodeEngine:265 - oldGeneratedFile, C:\Users\Matyas\STM32CubeIDE\workspace_1.19.0\SecureBoot-1\MXTmpFiles\system.tmp_save
2025-11-26 14:09:30,114 [INFO] CodeEngine:289 - Generated code: C:\Users\Matyas\STM32CubeIDE\workspace_1.19.0\SecureBoot-1\MXTmpFiles\system.tmp
2025-11-26 14:09:30,131 [INFO] CodeEngine:321 - oldGeneratedFile, C:\Users\Matyas\STM32CubeIDE\workspace_1.19.0\SecureBoot-1\Core\Inc\stm32f4xx_hal_conf.h_save
2025-11-26 14:09:30,256 [INFO] CodeEngine:345 - Generated code: C:\Users\Matyas\STM32CubeIDE\workspace_1.19.0\SecureBoot-1\Core\Inc\stm32f4xx_hal_conf.h
2025-11-26 14:09:30,326 [INFO] ApiDbMcu:532 - Load IP Config File for RCC
2025-11-26 14:09:30,334 [INFO] CodeEngine:265 - oldGeneratedFile, C:\Users\Matyas\STM32CubeIDE\workspace_1.19.0\SecureBoot-1\Core\Inc\main.h_save
2025-11-26 14:09:30,470 [INFO] CodeEngine:289 - Generated code: C:\Users\Matyas\STM32CubeIDE\workspace_1.19.0\SecureBoot-1\Core\Inc\main.h
2025-11-26 14:09:30,480 [INFO] CodeEngine:265 - oldGeneratedFile, C:\Users\Matyas\STM32CubeIDE\workspace_1.19.0\SecureBoot-1\Core\Src\main.c_save
2025-11-26 14:09:30,617 [INFO] CodeEngine:289 - Generated code: C:\Users\Matyas\STM32CubeIDE\workspace_1.19.0\SecureBoot-1\Core\Src\main.c
2025-11-26 14:09:30,986 [INFO] ProjectBuilder:3606 - Time for Copy HAL[1] : 120mS.
2025-11-26 14:09:30,995 [INFO] ProjectBuilder:5216 - Project Generator version: 4.7.0-B52
2025-11-26 14:09:31,068 [INFO] ConfigFileManager:1595 - The Die is : DIE433
2025-11-26 14:09:31,093 [INFO] ApiDbMcu:532 - Load IP Config File for FATFS
2025-11-26 14:09:31,106 [INFO] ApiDbMcu:532 - Load IP Config File for FREERTOS
2025-11-26 14:09:31,114 [INFO] ApiDbMcu:532 - Load IP Config File for LIBJPEG
2025-11-26 14:09:31,129 [INFO] ApiDbMcu:532 - Load IP Config File for MBEDTLS
2025-11-26 14:09:31,143 [INFO] ApiDbMcu:532 - Load IP Config File for USB_DEVICE
2025-11-26 14:09:31,153 [INFO] ApiDbMcu:532 - Load IP Config File for USB_HOST
2025-11-26 14:09:31,747 [INFO] LogOutputStream:77 - [STDOUT_REDIRECT] 
2025-11-26 14:09:33,604 [INFO] ProjectBuilder:5496 - Time for Generating toolchain IDE Files: 2609mS.
2025-11-26 14:09:33,605 [INFO] ProjectBuilder:3463 - Time for Copy CMSIS : 0mS.
2025-11-26 14:09:33,608 [INFO] ProjectBuilder:3463 - Time for Copy CMSIS : 0mS.
2025-11-26 14:10:52,069 [ERROR] LogOutputStream:75 - [STDERR_REDIRECT] Exception in thread "AWT-EventQueue-0" java.awt.IllegalComponentStateException: Native resources unavailable
2025-11-26 14:10:52,070 [ERROR] LogOutputStream:75 - [STDERR_REDIRECT] 	at java.desktop/sun.awt.windows.WWindowPeer.getScreenImOn(Native Method)
2025-11-26 14:10:52,072 [ERROR] LogOutputStream:75 - [STDERR_REDIRECT] 	at java.desktop/sun.awt.windows.WWindowPeer.updateGC(WWindowPeer.java:566)
2025-11-26 14:10:52,073 [ERROR] LogOutputStream:75 - [STDERR_REDIRECT] 	at java.desktop/java.awt.event.InvocationEvent.dispatch(InvocationEvent.java:318)
2025-11-26 14:10:52,074 [ERROR] LogOutputStream:75 - [STDERR_REDIRECT] 	at java.desktop/java.awt.EventQueue.dispatchEventImpl(EventQueue.java:773)
2025-11-26 14:10:52,075 [ERROR] LogOutputStream:75 - [STDERR_REDIRECT] 	at java.desktop/java.awt.EventQueue$4.run(EventQueue.java:720)
2025-11-26 14:10:52,077 [ERROR] LogOutputStream:75 - [STDERR_REDIRECT] 	at java.desktop/java.awt.EventQueue$4.run(EventQueue.java:714)
2025-11-26 14:10:52,078 [ERROR] LogOutputStream:75 - [STDERR_REDIRECT] 	at java.base/java.security.AccessController.doPrivileged(AccessController.java:400)
2025-11-26 14:10:52,079 [ERROR] LogOutputStream:75 - [STDERR_REDIRECT] 	at java.base/java.security.ProtectionDomain$JavaSecurityAccessImpl.doIntersectionPrivilege(ProtectionDomain.java:87)
2025-11-26 14:10:52,081 [ERROR] LogOutputStream:75 - [STDERR_REDIRECT] 	at java.base/java.security.ProtectionDomain$JavaSecurityAccessImpl.doIntersectionPrivilege(ProtectionDomain.java:98)
2025-11-26 14:10:52,083 [ERROR] LogOutputStream:75 - [STDERR_REDIRECT] 	at java.desktop/java.awt.EventQueue$5.run(EventQueue.java:747)
2025-11-26 14:10:52,084 [ERROR] LogOutputStream:75 - [STDERR_REDIRECT] 	at java.desktop/java.awt.EventQueue$5.run(EventQueue.java:745)
2025-11-26 14:10:52,085 [ERROR] LogOutputStream:75 - [STDERR_REDIRECT] 	at java.base/java.security.AccessController.doPrivileged(AccessController.java:400)
2025-11-26 14:10:52,086 [ERROR] LogOutputStream:75 - [STDERR_REDIRECT] 	at java.base/java.security.ProtectionDomain$JavaSecurityAccessImpl.doIntersectionPrivilege(ProtectionDomain.java:87)
2025-11-26 14:10:52,087 [ERROR] LogOutputStream:75 - [STDERR_REDIRECT] 	at java.desktop/java.awt.EventQueue.dispatchEvent(EventQueue.java:744)
2025-11-26 14:10:52,089 [ERROR] LogOutputStream:75 - [STDERR_REDIRECT] 	at java.desktop/java.awt.EventDispatchThread.pumpOneEventForFilters(EventDispatchThread.java:203)
2025-11-26 14:10:52,090 [ERROR] LogOutputStream:75 - [STDERR_REDIRECT] 	at java.desktop/java.awt.EventDispatchThread.pumpEventsForFilter(EventDispatchThread.java:124)
2025-11-26 14:10:52,092 [ERROR] LogOutputStream:75 - [STDERR_REDIRECT] 	at java.desktop/java.awt.EventDispatchThread.pumpEventsForHierarchy(EventDispatchThread.java:113)
2025-11-26 14:10:52,093 [ERROR] LogOutputStream:75 - [STDERR_REDIRECT] 	at java.desktop/java.awt.EventDispatchThread.pumpEvents(EventDispatchThread.java:109)
2025-11-26 14:10:52,094 [ERROR] LogOutputStream:75 - [STDERR_REDIRECT] 	at java.desktop/java.awt.EventDispatchThread.pumpEvents(EventDispatchThread.java:101)
2025-11-26 14:10:52,097 [ERROR] LogOutputStream:75 - [STDERR_REDIRECT] 	at java.desktop/java.awt.EventDispatchThread.run(EventDispatchThread.java:90)
2025-11-26 15:26:36,944 [INFO] MainUpdater:2872 - connection check result : 10
2025-11-26 15:26:36,946 [INFO] MainUpdater:2872 - connection check result : 10
2025-11-26 15:26:37,045 [INFO] MicroXplorer:468 - Change Database Path : 
2025-11-26 15:26:37,046 [INFO] MicroXplorer:498 - Change Database Version : DB.6.0.150
2025-11-26 15:26:37,119 [ERROR] ProjectManagerView:395 - 
java.lang.NullPointerException: Cannot invoke "javax.swing.JTextField.getText()" because the return value of "java.util.List.get(int)" is null
	at com.st.microxplorer.plugins.projectmanager.gui.ProjectChoiceTab$9.caretUpdate(ProjectChoiceTab.java:2706) ~[filemanager.jar:?]
	at javax.swing.text.JTextComponent.fireCaretUpdate(JTextComponent.java:408) ~[?:?]
	at javax.swing.text.JTextComponent$MutableCaretEvent.fire(JTextComponent.java:4484) ~[?:?]
	at javax.swing.text.JTextComponent$MutableCaretEvent.stateChanged(JTextComponent.java:4506) ~[?:?]
	at javax.swing.text.DefaultCaret.fireStateChanged(DefaultCaret.java:857) ~[?:?]
	at javax.swing.text.DefaultCaret.changeCaretPosition(DefaultCaret.java:1343) ~[?:?]
	at javax.swing.text.DefaultCaret.handleSetDot(DefaultCaret.java:1242) ~[?:?]
	at javax.swing.text.DefaultCaret.setDot(DefaultCaret.java:1223) ~[?:?]
	at javax.swing.text.DefaultCaret$Handler.insertUpdate(DefaultCaret.java:1819) ~[?:?]
	at javax.swing.text.AbstractDocument.fireInsertUpdate(AbstractDocument.java:227) ~[?:?]
	at javax.swing.text.AbstractDocument.handleInsertString(AbstractDocument.java:781) ~[?:?]
	at javax.swing.text.AbstractDocument.insertString(AbstractDocument.java:740) ~[?:?]
	at javax.swing.text.PlainDocument.insertString(PlainDocument.java:131) ~[?:?]
	at javax.swing.text.AbstractDocument.replace(AbstractDocument.java:699) ~[?:?]
	at javax.swing.text.JTextComponent.setText(JTextComponent.java:1725) ~[?:?]
	at com.st.microxplorer.plugins.projectmanager.gui.ProjectChoiceTab.createHeapStackFields(ProjectChoiceTab.java:993) ~[filemanager.jar:?]
	at com.st.microxplorer.plugins.projectmanager.gui.ProjectChoiceTab.buildLinkSettingsPanel(ProjectChoiceTab.java:3813) ~[filemanager.jar:?]
	at com.st.microxplorer.plugins.projectmanager.gui.ProjectChoiceTab.defineWindowsFields(ProjectChoiceTab.java:1987) ~[filemanager.jar:?]
	at com.st.microxplorer.plugins.projectmanager.gui.ProjectChoiceTab.updateSettings(ProjectChoiceTab.java:558) ~[filemanager.jar:?]
	at com.st.microxplorer.plugins.projectmanager.gui.ProjectSettingsPanel.UpdateDialog(ProjectSettingsPanel.java:247) ~[filemanager.jar:?]
	at com.st.microxplorer.plugins.projectmanager.ProjectManagerView.propertyChange(ProjectManagerView.java:392) ~[filemanager.jar:?]
	at java.beans.PropertyChangeSupport.fire(PropertyChangeSupport.java:343) ~[?:?]
	at java.beans.PropertyChangeSupport.firePropertyChange(PropertyChangeSupport.java:335) ~[?:?]
	at java.beans.PropertyChangeSupport.firePropertyChange(PropertyChangeSupport.java:268) ~[?:?]
	at com.st.microxplorer.util.MXPropertyChangeSupport.firePropertyChange(MXPropertyChangeSupport.java:54) ~[STM32CubeMX.jar:?]
	at com.st.microxplorer.mxsystem.MxSystem.closeConfig(MxSystem.java:899) ~[STM32CubeMX.jar:?]
	at com.st.microxplorer.maingui.MainPanel.closeConfig(MainPanel.java:792) ~[STM32CubeMX.jar:?]
	at com.st.microxplorer.plugins.filemanager.engine.OpenFileManager.loadConfigurationFile(OpenFileManager.java:288) ~[filemanager.jar:?]
	at com.st.microxplorer.plugins.filemanager.engine.MainFileManager.userLoadConfig(MainFileManager.java:364) ~[filemanager.jar:?]
	at com.st.microxplorer.plugins.filemanager.engine.MainFileManager.userLoadConfig(MainFileManager.java:342) ~[filemanager.jar:?]
	at com.st.microxplorer.plugins.filemanager.FileManagerView.getSpecificTask(FileManagerView.java:264) ~[filemanager.jar:?]
	at com.st.stm32cube.common.mx.editor.CubeMxEditor.getMxTabbedPaneInstance(CubeMxEditor.java:1198) ~[com.st.stm32cube.common.mx_6.15.0.202507011659/:?]
	at com.st.stm32cube.common.mx.editor.CubeMxEditor$12$1.createSwingComponent(CubeMxEditor.java:1068) ~[com.st.stm32cube.common.mx_6.15.0.202507011659/:?]
	at com.st.stm32cube.common.mx.oss.core.awtswtbridge.EmbeddedSwingComposite.doComponentCreation(EmbeddedSwingComposite.java:492) ~[com.st.stm32cube.common.mx.oss_6.15.0.202507011659/:?]
	at com.st.stm32cube.common.mx.oss.core.awtswtbridge.EmbeddedSwingComposite$4.run(EmbeddedSwingComposite.java:291) ~[com.st.stm32cube.common.mx.oss_6.15.0.202507011659/:?]
	at com.st.stm32cube.common.mx.oss.core.awtswtbridge.AwtEnvironment$2.run(AwtEnvironment.java:166) ~[com.st.stm32cube.common.mx.oss_6.15.0.202507011659/:?]
	at java.awt.event.InvocationEvent.dispatch(InvocationEvent.java:318) ~[?:?]
	at java.awt.EventQueue.dispatchEventImpl(EventQueue.java:773) ~[?:?]
	at java.awt.EventQueue$4.run(EventQueue.java:720) ~[?:?]
	at java.awt.EventQueue$4.run(EventQueue.java:714) ~[?:?]
	at java.security.AccessController.doPrivileged(AccessController.java:400) ~[?:?]
	at java.security.ProtectionDomain$JavaSecurityAccessImpl.doIntersectionPrivilege(ProtectionDomain.java:87) ~[?:?]
	at java.awt.EventQueue.dispatchEvent(EventQueue.java:742) ~[?:?]
	at java.awt.EventDispatchThread.pumpOneEventForFilters(EventDispatchThread.java:203) ~[?:?]
	at java.awt.EventDispatchThread.pumpEventsForFilter(EventDispatchThread.java:124) ~[?:?]
	at java.awt.EventDispatchThread.pumpEventsForHierarchy(EventDispatchThread.java:113) ~[?:?]
	at java.awt.EventDispatchThread.pumpEvents(EventDispatchThread.java:109) ~[?:?]
	at java.awt.EventDispatchThread.pumpEvents(EventDispatchThread.java:101) ~[?:?]
	at java.awt.EventDispatchThread.run(EventDispatchThread.java:90) ~[?:?]
2025-11-26 15:26:37,156 [WARN] ThirdParty:871 - waiting for thirdparty lock release [close project]
2025-11-26 15:26:37,157 [INFO] ThirdParty:873 - entering critical section [close project]
2025-11-26 15:26:37,157 [INFO] ThirdParty:883 - exiting critical section [close project]
2025-11-26 15:26:37,162 [INFO] PinOutPanel:1589 - setPackage(No Configuration,No Configuration)
2025-11-26 15:26:37,214 [WARN] IpParametersView:155 - Warning: This peripheral hasn't parameters
2025-11-26 15:26:37,250 [WARN] MainPanel:289 - <html><b><center>Warning: This peripheral has no parameters to be configured<br></b></html>
2025-11-26 15:26:37,272 [INFO] UtilMem:75 - Begin LoadConfig() Used Memory: 898393456 Bytes (1073741824)
2025-11-26 15:26:37,273 [INFO] MicroXplorer:468 - Change Database Path : 
2025-11-26 15:26:37,274 [INFO] MicroXplorer:498 - Change Database Version : DB.6.0.150
2025-11-26 15:26:37,274 [INFO] OpenFileManager:355 - Change cursor
2025-11-26 15:26:37,314 [INFO] RulesReader:64 - Compatibility file has been processed (317 Rules)
2025-11-26 15:26:37,321 [INFO] Mcu:2029 - Initializing MCU STM32F401C(D-E)Ux STM32F401CDUx STM32F401CDU6
2025-11-26 15:26:38,424 [INFO] Context:786 - Trying to add GPIOservice into a context  which must be forbidden
2025-11-26 15:26:38,741 [INFO] ImportTextPane:234 - (OptionalMessage_ERROR) Pin0 (VP_RIF_VS_RIF1) cannot be retrieved for this MCU
2025-11-26 15:26:38,888 [INFO] RtosManager:558 - Registered RTOS mode: class=CMSIS, group=RTOS, mode=CMSIS_V1, owner=FREERTOS
2025-11-26 15:26:38,888 [INFO] RtosManager:558 - Registered RTOS mode: class=CMSIS, group=RTOS2, mode=CMSIS_V2, owner=FREERTOS
2025-11-26 15:26:38,890 [INFO] RtosManager:558 - Registered RTOS mode: class=RTOS, group=Core, mode=CMSIS_V1, owner=FREERTOS
2025-11-26 15:26:38,890 [INFO] RtosManager:558 - Registered RTOS mode: class=RTOS, group=Core, mode=CMSIS_V2, owner=FREERTOS
2025-11-26 15:26:38,890 [WARN] ModelIntegratedComponent:184 - Missing modes for component STMicroelectronics:FreeRTOS:0.0.1:STMicroelectronics:RTOS:FreeRTOS:Core:::10.2.0:
2025-11-26 15:26:38,895 [WARN] ModelIntegratedComponent:63 - No mode defined for component null
2025-11-26 15:26:38,895 [WARN] ModelIntegratedComponent:63 - No mode defined for component null
2025-11-26 15:26:38,895 [WARN] ModelIntegratedComponent:63 - No mode defined for component null
2025-11-26 15:26:38,895 [WARN] ModelIntegratedComponent:63 - No mode defined for component null
2025-11-26 15:26:38,895 [WARN] ModelIntegratedComponent:63 - No mode defined for component null
2025-11-26 15:26:38,895 [WARN] ModelIntegratedComponent:63 - No mode defined for component null
2025-11-26 15:26:38,896 [WARN] ModelIntegratedComponent:63 - No mode defined for component null
2025-11-26 15:26:38,896 [WARN] ModelIntegratedComponent:63 - No mode defined for component null
2025-11-26 15:26:38,896 [WARN] ModelIntegratedComponent:63 - No mode defined for component null
2025-11-26 15:26:38,896 [WARN] ModelIntegratedComponent:63 - No mode defined for component null
2025-11-26 15:26:38,896 [WARN] ModelIntegratedComponent:63 - No mode defined for component null
2025-11-26 15:26:38,896 [WARN] ModelIntegratedComponent:63 - No mode defined for component null
2025-11-26 15:26:38,896 [WARN] ModelIntegratedComponent:63 - No mode defined for component null
2025-11-26 15:26:38,896 [WARN] ModelIntegratedComponent:63 - No mode defined for component null
2025-11-26 15:26:38,896 [WARN] ModelIntegratedComponent:63 - No mode defined for component null
2025-11-26 15:26:38,897 [WARN] ModelIntegratedComponent:63 - No mode defined for component null
2025-11-26 15:26:38,897 [WARN] ModelIntegratedComponent:63 - No mode defined for component null
2025-11-26 15:26:38,897 [WARN] ModelIntegratedComponent:63 - No mode defined for component null
2025-11-26 15:26:38,897 [WARN] ModelIntegratedComponent:63 - No mode defined for component null
2025-11-26 15:26:38,897 [WARN] ModelIntegratedComponent:63 - No mode defined for component null
2025-11-26 15:26:38,897 [WARN] ModelIntegratedComponent:63 - No mode defined for component null
2025-11-26 15:26:38,897 [WARN] ModelIntegratedComponent:63 - No mode defined for component null
2025-11-26 15:26:38,897 [WARN] ModelIntegratedComponent:63 - No mode defined for component null
2025-11-26 15:26:38,897 [WARN] ModelIntegratedComponent:63 - No mode defined for component null
2025-11-26 15:26:38,897 [WARN] ModelIntegratedComponent:63 - No mode defined for component null
2025-11-26 15:26:38,897 [WARN] ModelIntegratedComponent:63 - No mode defined for component null
2025-11-26 15:26:38,897 [WARN] ModelIntegratedComponent:63 - No mode defined for component null
2025-11-26 15:26:38,897 [WARN] ModelIntegratedComponent:63 - No mode defined for component null
2025-11-26 15:26:38,897 [WARN] ModelIntegratedComponent:63 - No mode defined for component null
2025-11-26 15:26:38,898 [WARN] ModelIntegratedComponent:63 - No mode defined for component null
2025-11-26 15:26:38,898 [WARN] ModelIntegratedComponent:63 - No mode defined for component null
2025-11-26 15:26:38,898 [WARN] ModelIntegratedComponent:63 - No mode defined for component null
2025-11-26 15:26:38,898 [WARN] ModelIntegratedComponent:63 - No mode defined for component null
2025-11-26 15:26:38,898 [WARN] ModelIntegratedComponent:63 - No mode defined for component null
2025-11-26 15:26:38,898 [WARN] ModelIntegratedComponent:63 - No mode defined for component null
2025-11-26 15:26:38,898 [WARN] ModelPack:524 - Component already loaded: STMicroelectronics:HAL Drivers:0.0.0:STMicroelectronics:Device:STMicro_Driver:XSPI:HAL::0.0.1:HAL_XSPI
2025-11-26 15:26:38,909 [INFO] ThirdPartyModel:298 - Start build external matchings
2025-11-26 15:26:39,243 [INFO] ThirdPartyModel:316 - End build external matchings
2025-11-26 15:26:39,574 [INFO] UtilMem:75 - End LoadConfig() Used Memory: 736947096 Bytes (1073741824)
2025-11-26 15:26:39,617 [WARN] ThirdParty:833 - waiting for thirdparty lock release [change project]
2025-11-26 15:26:39,618 [INFO] ThirdParty:835 - entering critical section [change project]
2025-11-26 15:26:39,618 [INFO] ThirdParty:1030 - CMSIS Pack Vendor :STMicroelectronics X-CUBE-PM33A1 1.0.0
2025-11-26 15:26:39,618 [INFO] ThirdParty:1030 - CMSIS Pack Vendor :STMicroelectronics USBPD 4.1
2025-11-26 15:26:39,618 [INFO] ThirdParty:1030 - CMSIS Pack Vendor :STMicroelectronics X-CUBE-NFC9 1.0.0
2025-11-26 15:26:39,618 [INFO] ThirdParty:1030 - CMSIS Pack Vendor :STMicroelectronics USB_HOST 2.0.0
2025-11-26 15:26:39,618 [INFO] ThirdParty:1030 - CMSIS Pack Vendor :STMicroelectronics FP-SNS-MOTENVWB1 1.4.0
2025-11-26 15:26:39,618 [INFO] ThirdParty:1030 - CMSIS Pack Vendor :STMicroelectronics X-CUBE-AZRTOS-F4 1.1.0
2025-11-26 15:26:39,618 [INFO] ThirdParty:1030 - CMSIS Pack Vendor :STMicroelectronics LIBJPEG 8.0.0
2025-11-26 15:26:39,618 [INFO] ThirdParty:1030 - CMSIS Pack Vendor :STMicroelectronics FP-ATR-ASTRA1 2.0.2
2025-11-26 15:26:39,618 [INFO] ThirdParty:1030 - CMSIS Pack Vendor :wolfSSL I-CUBE-wolfSSL 5.8.2
2025-11-26 15:26:39,618 [INFO] ThirdParty:1030 - CMSIS Pack Vendor :STMicroelectronics X-CUBE-BLE1 7.1.0
2025-11-26 15:26:39,619 [INFO] ThirdParty:1030 - CMSIS Pack Vendor :STMicroelectronics X-CUBE-SMBUS 2.1.0
2025-11-26 15:26:39,619 [INFO] ThirdParty:1030 - CMSIS Pack Vendor :wolfSSL I-CUBE-wolfMQTT 1.19.2
2025-11-26 15:26:39,619 [INFO] ThirdParty:1030 - CMSIS Pack Vendor :STMicroelectronics USB_DEVICE 3.0.0
2025-11-26 15:26:39,619 [INFO] ThirdParty:1030 - CMSIS Pack Vendor :STMicroelectronics X-CUBE-ISPU 2.1.0
2025-11-26 15:26:39,619 [INFO] ThirdParty:1030 - CMSIS Pack Vendor :STMicroelectronics X-CUBE-FREERTOS 1.4.0
2025-11-26 15:26:39,619 [INFO] ThirdParty:1030 - CMSIS Pack Vendor :STMicroelectronics X-CUBE-EEPRMA1 5.2.0
2025-11-26 15:26:39,619 [INFO] ThirdParty:1030 - CMSIS Pack Vendor :STMicroelectronics X-CUBE-IPS 3.2.0
2025-11-26 15:26:39,619 [INFO] ThirdParty:1030 - CMSIS Pack Vendor :STMicroelectronics X-CUBE-BLEMGR 4.1.0
2025-11-26 15:26:39,619 [INFO] ThirdParty:1030 - CMSIS Pack Vendor :STMicroelectronics X-CUBE-AZRTOS-WB 2.0.0
2025-11-26 15:26:39,619 [INFO] ThirdParty:1030 - CMSIS Pack Vendor :Cesanta I-CUBE-Mongoose 7.20.0
2025-11-26 15:26:39,619 [INFO] ThirdParty:1030 - CMSIS Pack Vendor :STMicroelectronics X-CUBE-NFC12 1.0.0
2025-11-26 15:26:39,619 [INFO] ThirdParty:1030 - CMSIS Pack Vendor :STMicroelectronics X-CUBE-AZRTOS-F7 1.1.0
2025-11-26 15:26:39,619 [INFO] ThirdParty:1030 - CMSIS Pack Vendor :STMicroelectronics X-CUBE-AZRTOS-L5 2.0.0
2025-11-26 15:26:39,619 [INFO] ThirdParty:1030 - CMSIS Pack Vendor :STMicroelectronics USB_DEVICE 2.0.0
2025-11-26 15:26:39,619 [INFO] ThirdParty:1030 - CMSIS Pack Vendor :STMicroelectronics X-CUBE-NFC6 3.1.0
2025-11-26 15:26:39,619 [INFO] ThirdParty:1030 - CMSIS Pack Vendor :STMicroelectronics X-CUBE-ST67W61 1.1.0
2025-11-26 15:26:39,619 [INFO] ThirdParty:1030 - CMSIS Pack Vendor :quantropi X-CUBE-qispace-sdk-base 2.1.0
2025-11-26 15:26:39,619 [INFO] ThirdParty:1030 - CMSIS Pack Vendor :STMicroelectronics X-CUBE-MEMS1 12.0.0
2025-11-26 15:26:39,619 [INFO] ThirdParty:1030 - CMSIS Pack Vendor :STMicroelectronics FP-SNS-MOTENV1 5.1.0
2025-11-26 15:26:39,619 [INFO] ThirdParty:1030 - CMSIS Pack Vendor :STMicroelectronics FreeRTOS 0.0.1
2025-11-26 15:26:39,619 [INFO] ThirdParty:1030 - CMSIS Pack Vendor :STMicroelectronics X-CUBE-AZRTOS-G0 1.1.0
2025-11-26 15:26:39,619 [INFO] ThirdParty:1030 - CMSIS Pack Vendor :STMicroelectronics X-CUBE-NFC4 3.0.0
2025-11-26 15:26:39,619 [INFO] ThirdParty:1030 - CMSIS Pack Vendor :STMicroelectronics X-CUBE-SUBG2 5.0.0
2025-11-26 15:26:39,619 [INFO] ThirdParty:1030 - CMSIS Pack Vendor :STMicroelectronics STM32_WPAN 1.0.0
2025-11-26 15:26:39,619 [INFO] ThirdParty:1030 - CMSIS Pack Vendor :EmbeddedOffice I-CUBE-FS-RTOS 1.0.1
2025-11-26 15:26:39,619 [INFO] ThirdParty:1030 - CMSIS Pack Vendor :STMicroelectronics lwIP 2.0.3
2025-11-26 15:26:39,619 [INFO] ThirdParty:1030 - CMSIS Pack Vendor :WES I-CUBE-Cesium 1.4.0
2025-11-26 15:26:39,619 [INFO] ThirdParty:1030 - CMSIS Pack Vendor :STMicroelectronics USB_HOST 1.0.0
2025-11-26 15:26:39,619 [INFO] ThirdParty:1030 - CMSIS Pack Vendor :STMicroelectronics X-CUBE-AZRTOS-G4 2.0.0
2025-11-26 15:26:39,620 [INFO] ThirdParty:1030 - CMSIS Pack Vendor :STMicroelectronics X-CUBE-WB05N 2.0.0
2025-11-26 15:26:39,620 [INFO] ThirdParty:1030 - CMSIS Pack Vendor :STMicroelectronics PDM2PCM 3.1.0
2025-11-26 15:26:39,620 [INFO] ThirdParty:1030 - CMSIS Pack Vendor :STMicroelectronics PDM2PCM 3.3.0
2025-11-26 15:26:39,620 [INFO] ThirdParty:1030 - CMSIS Pack Vendor :wolfSSL I-CUBE-wolfTPM 3.8.0
2025-11-26 15:26:39,620 [INFO] ThirdParty:1030 - CMSIS Pack Vendor :STMicroelectronics X-CUBE-AZRTOS-H7 3.4.0
2025-11-26 15:26:39,620 [INFO] ThirdParty:1030 - CMSIS Pack Vendor :STMicroelectronics X-CUBE-DISPLAY 3.0.0
2025-11-26 15:26:39,620 [INFO] ThirdParty:1030 - CMSIS Pack Vendor :wolfSSL I-CUBE-wolfSSH 1.4.20
2025-11-26 15:26:39,620 [INFO] ThirdParty:1030 - CMSIS Pack Vendor :STMicroelectronics X-CUBE-NFC7 2.0.0
2025-11-26 15:26:39,620 [INFO] ThirdParty:1030 - CMSIS Pack Vendor :STMicroelectronics X-CUBE-TCPP 4.2.0
2025-11-26 15:26:39,620 [INFO] ThirdParty:1030 - CMSIS Pack Vendor :RealThread X-CUBE-RT-Thread_Nano 4.1.1
2025-11-26 15:26:39,620 [INFO] ThirdParty:1030 - CMSIS Pack Vendor :STMicroelectronics FP-ATR-SIGFOX1 3.2.0
2025-11-26 15:26:39,620 [INFO] ThirdParty:1030 - CMSIS Pack Vendor :STMicroelectronics X-CUBE-NFC10 1.0.0
2025-11-26 15:26:39,620 [INFO] ThirdParty:1030 - CMSIS Pack Vendor :STMicroelectronics HAL Drivers 0.0.0
2025-11-26 15:26:39,620 [INFO] ThirdParty:1030 - CMSIS Pack Vendor :STMicroelectronics MBEDTLS 2.16.2
2025-11-26 15:26:39,620 [INFO] ThirdParty:1030 - CMSIS Pack Vendor :STMicroelectronics X-CUBE-ST60 1.1.0
2025-11-26 15:26:39,620 [INFO] ThirdParty:1030 - CMSIS Pack Vendor :STMicroelectronics X-CUBE-ALS 1.0.2
2025-11-26 15:26:39,620 [INFO] ThirdParty:1030 - CMSIS Pack Vendor :emotas I-CUBE-CANOPEN 1.3.0
2025-11-26 15:26:39,620 [INFO] ThirdParty:1030 - CMSIS Pack Vendor :STMicroelectronics MBEDTLS 2.14.1
2025-11-26 15:26:39,620 [INFO] ThirdParty:1030 - CMSIS Pack Vendor :STMicroelectronics X-CUBE-GNSS1 7.1.0
2025-11-26 15:26:39,620 [INFO] ThirdParty:1030 - CMSIS Pack Vendor :ITTIA_DB I-CUBE-ITTIADB 8.9.0
2025-11-26 15:26:39,620 [INFO] ThirdParty:1030 - CMSIS Pack Vendor :STMicroelectronics X-CUBE-TOUCHGFX 4.26.0
2025-11-26 15:26:39,620 [INFO] ThirdParty:1030 - CMSIS Pack Vendor :STMicroelectronics X-CUBE-STSE01 1.0.0
2025-11-26 15:26:39,620 [INFO] ThirdParty:1030 - CMSIS Pack Vendor :STMicroelectronics FP-SNS-STBOX1 2.1.0
2025-11-26 15:26:39,620 [INFO] ThirdParty:1030 - CMSIS Pack Vendor :STMicroelectronics X-CUBE-AI 10.2.0
2025-11-26 15:26:39,620 [INFO] ThirdParty:1030 - CMSIS Pack Vendor :STMicroelectronics FP-SNS-STAIOTCFT 1.0.0
2025-11-26 15:26:39,620 [INFO] ThirdParty:1030 - CMSIS Pack Vendor :STMicroelectronics ThreadX 1.0.0
2025-11-26 15:26:39,620 [INFO] ThirdParty:1030 - CMSIS Pack Vendor :STMicroelectronics FP-SNS-SMARTAG2 1.2.0
2025-11-26 15:26:39,621 [INFO] ThirdParty:1030 - CMSIS Pack Vendor :STMicroelectronics FP-SNS-FLIGHT1 5.1.0
2025-11-26 15:26:39,621 [INFO] ThirdParty:1030 - CMSIS Pack Vendor :STMicroelectronics X-CUBE-AZRTOS-WL 2.0.0
2025-11-26 15:26:39,621 [INFO] ThirdParty:1030 - CMSIS Pack Vendor :SEGGER I-CUBE-embOS 1.3.1
2025-11-26 15:26:39,621 [INFO] ThirdParty:1030 - CMSIS Pack Vendor :STMicroelectronics X-CUBE-ALGOBUILD 1.4.0
2025-11-26 15:26:39,621 [INFO] ThirdParty:1030 - CMSIS Pack Vendor :STMicroelectronics X-CUBE-DPower 1.3.0
2025-11-26 15:26:39,621 [INFO] ThirdParty:1030 - CMSIS Pack Vendor :STMicroelectronics USB_DEVICE 1.0.0
2025-11-26 15:26:39,621 [INFO] ThirdParty:1030 - CMSIS Pack Vendor :STMicroelectronics X-CUBE-AZRTOS-H7RS 1.2.0
2025-11-26 15:26:39,621 [INFO] ThirdParty:1030 - CMSIS Pack Vendor :STMicroelectronics X-CUBE-AZRTOS-L4 2.0.0
2025-11-26 15:26:39,621 [INFO] ThirdParty:1030 - CMSIS Pack Vendor :STMicroelectronics ThreadX 0.0.2
2025-11-26 15:26:39,621 [INFO] ThirdParty:1030 - CMSIS Pack Vendor :STMicroelectronics lwIP 2.1.2
2025-11-26 15:26:39,621 [INFO] ThirdParty:1030 - CMSIS Pack Vendor :STMicroelectronics X-CUBE-SFXS2LP1 4.0.0
2025-11-26 15:26:39,621 [INFO] ThirdParty:1030 - CMSIS Pack Vendor :STMicroelectronics X-CUBE-BLE2 3.3.0
2025-11-26 15:26:39,621 [INFO] ThirdParty:1030 - CMSIS Pack Vendor :Avnet-IOTCONNECT X-CUBE-iotc-st67-sdk 1.0.0
2025-11-26 15:26:39,621 [INFO] ThirdParty:1030 - CMSIS Pack Vendor :STMicroelectronics X-CUBE-TOF1 3.4.3
2025-11-26 15:26:39,621 [INFO] ThirdParty:1030 - CMSIS Pack Vendor :Infineon AIROC-Wi-Fi-Bluetooth-STM32 1.8.0
2025-11-26 15:26:39,621 [INFO] ThirdParty:1030 - CMSIS Pack Vendor :STMicroelectronics PDM2PCM 3.2.0
2025-11-26 15:26:39,621 [INFO] ThirdParty:841 - exiting critical section [change project]
2025-11-26 15:26:39,806 [INFO] PinOutPanel:1589 - setPackage(No Configuration,No Configuration)
2025-11-26 15:26:39,807 [INFO] PinOutPanel:1589 - setPackage(STM32F401CDUx,UFQFPN48)
2025-11-26 15:26:40,044 [INFO] UtilMem:75 - Before build in PCC Used Memory: 854600144 Bytes (1073741824)
2025-11-26 15:26:40,291 [INFO] UtilMem:75 - After build in PCC Used Memory: 900737488 Bytes (1073741824)
2025-11-26 15:26:40,309 [INFO] IPUIPlugin:80 - create IPUIPlugin
2025-11-26 15:26:40,309 [INFO] IPUIPlugin:80 - create IPUIPlugin
2025-11-26 15:26:40,309 [INFO] IPUIPlugin:80 - create IPUIPlugin
2025-11-26 15:26:40,309 [INFO] IPUIPlugin:80 - create IPUIPlugin
2025-11-26 15:26:40,309 [INFO] IPUIPlugin:80 - create IPUIPlugin
2025-11-26 15:26:40,309 [INFO] IPUIPlugin:80 - create IPUIPlugin
2025-11-26 15:26:40,309 [INFO] IPUIPlugin:80 - create IPUIPlugin
2025-11-26 15:26:40,309 [INFO] IPUIPlugin:80 - create IPUIPlugin
2025-11-26 15:26:40,309 [INFO] IPUIPlugin:80 - create IPUIPlugin
2025-11-26 15:26:40,309 [INFO] IPUIPlugin:80 - create IPUIPlugin
2025-11-26 15:26:40,310 [INFO] IPUIPlugin:80 - create IPUIPlugin
2025-11-26 15:26:40,310 [INFO] IPUIPlugin:80 - create IPUIPlugin
2025-11-26 15:26:40,310 [INFO] IPUIPlugin:80 - create IPUIPlugin
2025-11-26 15:26:40,310 [INFO] IPUIPlugin:80 - create IPUIPlugin
2025-11-26 15:26:40,310 [INFO] IPUIPlugin:80 - create IPUIPlugin
2025-11-26 15:26:40,310 [INFO] IPUIPlugin:80 - create IPUIPlugin
2025-11-26 15:26:40,310 [INFO] IPUIPlugin:80 - create IPUIPlugin
2025-11-26 15:26:40,310 [INFO] IPUIPlugin:80 - create IPUIPlugin
2025-11-26 15:26:40,310 [INFO] IPUIPlugin:80 - create IPUIPlugin
2025-11-26 15:26:40,311 [INFO] IPUIPlugin:80 - create IPUIPlugin
2025-11-26 15:26:40,311 [INFO] IPUIPlugin:80 - create IPUIPlugin
2025-11-26 15:26:40,311 [INFO] IPUIPlugin:80 - create IPUIPlugin
2025-11-26 15:26:40,311 [INFO] IPUIPlugin:80 - create IPUIPlugin
2025-11-26 15:26:40,311 [INFO] IPUIPlugin:80 - create IPUIPlugin
2025-11-26 15:26:40,311 [INFO] IPUIPlugin:80 - create IPUIPlugin
2025-11-26 15:26:40,311 [INFO] IPUIPlugin:80 - create IPUIPlugin
2025-11-26 15:26:40,312 [INFO] IPUIPlugin:80 - create IPUIPlugin
2025-11-26 15:26:40,312 [INFO] IPUIPlugin:80 - create IPUIPlugin
2025-11-26 15:26:40,312 [INFO] IPUIPlugin:80 - create IPUIPlugin
2025-11-26 15:26:40,312 [INFO] IPUIPlugin:80 - create IPUIPlugin
2025-11-26 15:26:40,312 [INFO] IPUIPlugin:80 - create IPUIPlugin
2025-11-26 15:26:40,312 [INFO] IPUIPlugin:80 - create IPUIPlugin
2025-11-26 15:26:40,312 [INFO] IPUIPlugin:80 - create IPUIPlugin
2025-11-26 15:26:40,312 [INFO] IPUIPlugin:80 - create IPUIPlugin
2025-11-26 15:26:40,312 [INFO] IPUIPlugin:80 - create IPUIPlugin
2025-11-26 15:26:40,314 [INFO] IPUIPlugin:80 - create IPUIPlugin
2025-11-26 15:26:40,314 [INFO] IPUIPlugin:80 - create IPUIPlugin
2025-11-26 15:26:40,319 [INFO] ApiDbMcu:532 - Load IP Config File for PDM2PCM
2025-11-26 15:26:40,343 [INFO] CADModel:165 - CPN selected for project levelSTM32F401CDU6
2025-11-26 15:26:40,343 [INFO] CADModel:114 - Register for checkConnection events
2025-11-26 15:26:40,399 [INFO] OpenFileManager:386 - Restore cursor
2025-11-26 15:26:40,404 [INFO] ApiDb:581 - Connected to CubeFinder SQLite database (C:\Users\Matyas\.stmcufinder\plugins\mcufinder\mcu\cube-finder-db.db)
2025-11-26 15:27:39,677 [INFO] UtilMem:75 - End SaveConfig() Used Memory: 947300984 Bytes (1073741824)
2025-11-26 15:27:46,511 [INFO] UtilMem:75 - End SaveConfig() Used Memory: 826246880 Bytes (1073741824)
2025-11-26 15:27:46,602 [INFO] BlockDiagram:2775 - set Specific Code input for plugin: NVIC
2025-11-26 15:27:46,602 [INFO] BlockDiagram:2775 - set Specific Code input for plugin: USART
2025-11-26 15:27:46,602 [INFO] BlockDiagram:2775 - set Specific Code input for plugin: SYS
2025-11-26 15:27:46,603 [INFO] BlockDiagram:2775 - set Specific Code input for plugin: GPIO
2025-11-26 15:27:46,603 [INFO] BlockDiagram:2775 - set Specific Code input for plugin: RCC
2025-11-26 15:27:46,603 [INFO] CodeGenerator:892 - code generatio: config db path: C:\ST\STM32CubeIDE_1.19.0\STM32CubeIDE\plugins\com.st.stm32cube.common.mx_6.15.0.202507011659\\db\
2025-11-26 15:27:46,663 [INFO] CodeEngine:265 - oldGeneratedFile, C:\Users\Matyas\STM32CubeIDE\workspace_1.19.0\SecureBoot-1\MXTmpFiles\license.tmp_save
2025-11-26 15:27:46,918 [INFO] CodeEngine:289 - Generated code: C:\Users\Matyas\STM32CubeIDE\workspace_1.19.0\SecureBoot-1\MXTmpFiles\license.tmp
2025-11-26 15:27:46,973 [INFO] CodeEngine:265 - oldGeneratedFile, C:\Users\Matyas\STM32CubeIDE\workspace_1.19.0\SecureBoot-1\MXTmpFiles\gpio.tmp_save
2025-11-26 15:27:47,108 [INFO] CodeEngine:289 - Generated code: C:\Users\Matyas\STM32CubeIDE\workspace_1.19.0\SecureBoot-1\MXTmpFiles\gpio.tmp
2025-11-26 15:27:47,167 [INFO] CodeEngine:265 - oldGeneratedFile, C:\Users\Matyas\STM32CubeIDE\workspace_1.19.0\SecureBoot-1\Core\Src\stm32f4xx_it.c_save
2025-11-26 15:27:47,383 [INFO] CodeEngine:289 - Generated code: C:\Users\Matyas\STM32CubeIDE\workspace_1.19.0\SecureBoot-1\Core\Src\stm32f4xx_it.c
2025-11-26 15:27:47,390 [INFO] CodeEngine:265 - oldGeneratedFile, C:\Users\Matyas\STM32CubeIDE\workspace_1.19.0\SecureBoot-1\Core\Inc\stm32f4xx_it.h_save
2025-11-26 15:27:47,452 [INFO] CodeEngine:289 - Generated code: C:\Users\Matyas\STM32CubeIDE\workspace_1.19.0\SecureBoot-1\Core\Inc\stm32f4xx_it.h
2025-11-26 15:27:47,466 [INFO] CodeEngine:265 - oldGeneratedFile, C:\Users\Matyas\STM32CubeIDE\workspace_1.19.0\SecureBoot-1\Core\Src\stm32f4xx_hal_msp.c_save
2025-11-26 15:27:47,625 [INFO] CodeEngine:289 - Generated code: C:\Users\Matyas\STM32CubeIDE\workspace_1.19.0\SecureBoot-1\Core\Src\stm32f4xx_hal_msp.c
2025-11-26 15:27:47,630 [INFO] CodeEngine:265 - oldGeneratedFile, C:\Users\Matyas\STM32CubeIDE\workspace_1.19.0\SecureBoot-1\MXTmpFiles\system.tmp_save
2025-11-26 15:27:47,680 [INFO] CodeEngine:289 - Generated code: C:\Users\Matyas\STM32CubeIDE\workspace_1.19.0\SecureBoot-1\MXTmpFiles\system.tmp
2025-11-26 15:27:47,697 [INFO] CodeEngine:321 - oldGeneratedFile, C:\Users\Matyas\STM32CubeIDE\workspace_1.19.0\SecureBoot-1\Core\Inc\stm32f4xx_hal_conf.h_save
2025-11-26 15:27:47,823 [INFO] CodeEngine:345 - Generated code: C:\Users\Matyas\STM32CubeIDE\workspace_1.19.0\SecureBoot-1\Core\Inc\stm32f4xx_hal_conf.h
2025-11-26 15:27:47,848 [INFO] ApiDbMcu:532 - Load IP Config File for USART1
2025-11-26 15:27:47,851 [INFO] ApiDbMcu:532 - Load IP Config File for RCC
2025-11-26 15:27:47,860 [INFO] CodeEngine:265 - oldGeneratedFile, C:\Users\Matyas\STM32CubeIDE\workspace_1.19.0\SecureBoot-1\Core\Inc\main.h_save
2025-11-26 15:27:47,987 [INFO] CodeEngine:289 - Generated code: C:\Users\Matyas\STM32CubeIDE\workspace_1.19.0\SecureBoot-1\Core\Inc\main.h
2025-11-26 15:27:47,996 [INFO] CodeEngine:265 - oldGeneratedFile, C:\Users\Matyas\STM32CubeIDE\workspace_1.19.0\SecureBoot-1\Core\Src\main.c_save
2025-11-26 15:27:48,117 [INFO] CodeEngine:289 - Generated code: C:\Users\Matyas\STM32CubeIDE\workspace_1.19.0\SecureBoot-1\Core\Src\main.c
2025-11-26 15:27:48,424 [INFO] ProjectBuilder:3606 - Time for Copy HAL[1] : 157mS.
2025-11-26 15:27:48,428 [INFO] ProjectBuilder:5216 - Project Generator version: 4.7.0-B52
2025-11-26 15:27:48,487 [INFO] ConfigFileManager:1595 - The Die is : DIE433
2025-11-26 15:27:48,489 [INFO] ApiDbMcu:532 - Load IP Config File for FATFS
2025-11-26 15:27:48,492 [INFO] ApiDbMcu:532 - Load IP Config File for FREERTOS
2025-11-26 15:27:48,493 [INFO] ApiDbMcu:532 - Load IP Config File for LIBJPEG
2025-11-26 15:27:48,497 [INFO] ApiDbMcu:532 - Load IP Config File for MBEDTLS
2025-11-26 15:27:48,502 [INFO] ApiDbMcu:532 - Load IP Config File for USB_DEVICE
2025-11-26 15:27:48,503 [INFO] ApiDbMcu:532 - Load IP Config File for USB_HOST
2025-11-26 15:27:49,550 [INFO] ProjectBuilder:5496 - Time for Generating toolchain IDE Files: 1121mS.
2025-11-26 15:27:49,551 [INFO] ProjectBuilder:3463 - Time for Copy CMSIS : 1mS.
2025-11-26 15:27:49,554 [INFO] ProjectBuilder:3463 - Time for Copy CMSIS : 0mS.
2025-11-26 15:30:25,642 [INFO] UtilMem:75 - End SaveConfig() Used Memory: 997627320 Bytes (1073741824)
2025-11-26 15:30:28,912 [INFO] UtilMem:75 - End SaveConfig() Used Memory: 694211984 Bytes (1073741824)
2025-11-26 15:30:31,051 [INFO] UtilMem:75 - End SaveConfig() Used Memory: 769709456 Bytes (1073741824)
2025-11-26 15:30:31,419 [INFO] BlockDiagram:2775 - set Specific Code input for plugin: NVIC
2025-11-26 15:30:31,419 [INFO] BlockDiagram:2775 - set Specific Code input for plugin: USART
2025-11-26 15:30:31,419 [INFO] BlockDiagram:2775 - set Specific Code input for plugin: SYS
2025-11-26 15:30:31,419 [INFO] BlockDiagram:2775 - set Specific Code input for plugin: GPIO
2025-11-26 15:30:31,419 [INFO] BlockDiagram:2775 - set Specific Code input for plugin: RCC
2025-11-26 15:30:31,420 [INFO] CodeGenerator:892 - code generatio: config db path: C:\ST\STM32CubeIDE_1.19.0\STM32CubeIDE\plugins\com.st.stm32cube.common.mx_6.15.0.202507011659\\db\
2025-11-26 15:30:31,475 [INFO] CodeEngine:265 - oldGeneratedFile, C:\Users\Matyas\STM32CubeIDE\workspace_1.19.0\SecureBoot-1\MXTmpFiles\license.tmp_save
2025-11-26 15:30:31,644 [INFO] CodeEngine:289 - Generated code: C:\Users\Matyas\STM32CubeIDE\workspace_1.19.0\SecureBoot-1\MXTmpFiles\license.tmp
2025-11-26 15:30:31,666 [INFO] CodeEngine:265 - oldGeneratedFile, C:\Users\Matyas\STM32CubeIDE\workspace_1.19.0\SecureBoot-1\MXTmpFiles\gpio.tmp_save
2025-11-26 15:30:31,781 [INFO] CodeEngine:289 - Generated code: C:\Users\Matyas\STM32CubeIDE\workspace_1.19.0\SecureBoot-1\MXTmpFiles\gpio.tmp
2025-11-26 15:30:31,833 [INFO] CodeEngine:265 - oldGeneratedFile, C:\Users\Matyas\STM32CubeIDE\workspace_1.19.0\SecureBoot-1\Core\Src\stm32f4xx_it.c_save
2025-11-26 15:30:31,943 [INFO] CodeEngine:289 - Generated code: C:\Users\Matyas\STM32CubeIDE\workspace_1.19.0\SecureBoot-1\Core\Src\stm32f4xx_it.c
2025-11-26 15:30:31,950 [INFO] CodeEngine:265 - oldGeneratedFile, C:\Users\Matyas\STM32CubeIDE\workspace_1.19.0\SecureBoot-1\Core\Inc\stm32f4xx_it.h_save
2025-11-26 15:30:32,018 [INFO] CodeEngine:289 - Generated code: C:\Users\Matyas\STM32CubeIDE\workspace_1.19.0\SecureBoot-1\Core\Inc\stm32f4xx_it.h
2025-11-26 15:30:32,031 [INFO] CodeEngine:265 - oldGeneratedFile, C:\Users\Matyas\STM32CubeIDE\workspace_1.19.0\SecureBoot-1\Core\Src\stm32f4xx_hal_msp.c_save
2025-11-26 15:30:32,161 [INFO] CodeEngine:289 - Generated code: C:\Users\Matyas\STM32CubeIDE\workspace_1.19.0\SecureBoot-1\Core\Src\stm32f4xx_hal_msp.c
2025-11-26 15:30:32,167 [INFO] CodeEngine:265 - oldGeneratedFile, C:\Users\Matyas\STM32CubeIDE\workspace_1.19.0\SecureBoot-1\MXTmpFiles\system.tmp_save
2025-11-26 15:30:32,221 [INFO] CodeEngine:289 - Generated code: C:\Users\Matyas\STM32CubeIDE\workspace_1.19.0\SecureBoot-1\MXTmpFiles\system.tmp
2025-11-26 15:30:32,232 [INFO] CodeEngine:321 - oldGeneratedFile, C:\Users\Matyas\STM32CubeIDE\workspace_1.19.0\SecureBoot-1\Core\Inc\stm32f4xx_hal_conf.h_save
2025-11-26 15:30:32,352 [INFO] CodeEngine:345 - Generated code: C:\Users\Matyas\STM32CubeIDE\workspace_1.19.0\SecureBoot-1\Core\Inc\stm32f4xx_hal_conf.h
2025-11-26 15:30:32,383 [INFO] CodeEngine:265 - oldGeneratedFile, C:\Users\Matyas\STM32CubeIDE\workspace_1.19.0\SecureBoot-1\Core\Inc\main.h_save
2025-11-26 15:30:32,482 [INFO] CodeEngine:289 - Generated code: C:\Users\Matyas\STM32CubeIDE\workspace_1.19.0\SecureBoot-1\Core\Inc\main.h
2025-11-26 15:30:32,490 [INFO] CodeEngine:265 - oldGeneratedFile, C:\Users\Matyas\STM32CubeIDE\workspace_1.19.0\SecureBoot-1\Core\Src\main.c_save
2025-11-26 15:30:32,575 [INFO] CodeEngine:289 - Generated code: C:\Users\Matyas\STM32CubeIDE\workspace_1.19.0\SecureBoot-1\Core\Src\main.c
2025-11-26 15:30:32,851 [INFO] ProjectBuilder:3606 - Time for Copy HAL[1] : 150mS.
2025-11-26 15:30:32,854 [INFO] ProjectBuilder:5216 - Project Generator version: 4.7.0-B52
2025-11-26 15:30:32,925 [INFO] ConfigFileManager:1595 - The Die is : DIE433
2025-11-26 15:30:33,625 [INFO] ProjectBuilder:5496 - Time for Generating toolchain IDE Files: 771mS.
2025-11-26 15:30:33,626 [INFO] ProjectBuilder:3463 - Time for Copy CMSIS : 1mS.
2025-11-26 15:30:33,630 [INFO] ProjectBuilder:3463 - Time for Copy CMSIS : 0mS.
2025-11-26 15:50:18,611 [INFO] MainUpdater:2872 - connection check result : 10
2025-11-26 15:50:18,611 [INFO] MainUpdater:2872 - connection check result : 10
2025-11-26 15:50:18,633 [INFO] MicroXplorer:468 - Change Database Path : 
2025-11-26 15:50:18,634 [INFO] MicroXplorer:498 - Change Database Version : DB.6.0.150
2025-11-26 15:50:18,667 [ERROR] ProjectManagerView:395 - 
java.lang.NullPointerException: Cannot invoke "javax.swing.JTextField.getText()" because the return value of "java.util.List.get(int)" is null
	at com.st.microxplorer.plugins.projectmanager.gui.ProjectChoiceTab$9.caretUpdate(ProjectChoiceTab.java:2706) ~[filemanager.jar:?]
	at javax.swing.text.JTextComponent.fireCaretUpdate(JTextComponent.java:408) ~[?:?]
	at javax.swing.text.JTextComponent$MutableCaretEvent.fire(JTextComponent.java:4484) ~[?:?]
	at javax.swing.text.JTextComponent$MutableCaretEvent.stateChanged(JTextComponent.java:4506) ~[?:?]
	at javax.swing.text.DefaultCaret.fireStateChanged(DefaultCaret.java:857) ~[?:?]
	at javax.swing.text.DefaultCaret.changeCaretPosition(DefaultCaret.java:1343) ~[?:?]
	at javax.swing.text.DefaultCaret.handleSetDot(DefaultCaret.java:1242) ~[?:?]
	at javax.swing.text.DefaultCaret.setDot(DefaultCaret.java:1223) ~[?:?]
	at javax.swing.text.DefaultCaret$Handler.insertUpdate(DefaultCaret.java:1819) ~[?:?]
	at javax.swing.text.AbstractDocument.fireInsertUpdate(AbstractDocument.java:227) ~[?:?]
	at javax.swing.text.AbstractDocument.handleInsertString(AbstractDocument.java:781) ~[?:?]
	at javax.swing.text.AbstractDocument.insertString(AbstractDocument.java:740) ~[?:?]
	at javax.swing.text.PlainDocument.insertString(PlainDocument.java:131) ~[?:?]
	at javax.swing.text.AbstractDocument.replace(AbstractDocument.java:699) ~[?:?]
	at javax.swing.text.JTextComponent.setText(JTextComponent.java:1725) ~[?:?]
	at com.st.microxplorer.plugins.projectmanager.gui.ProjectChoiceTab.createHeapStackFields(ProjectChoiceTab.java:993) ~[filemanager.jar:?]
	at com.st.microxplorer.plugins.projectmanager.gui.ProjectChoiceTab.buildLinkSettingsPanel(ProjectChoiceTab.java:3813) ~[filemanager.jar:?]
	at com.st.microxplorer.plugins.projectmanager.gui.ProjectChoiceTab.defineWindowsFields(ProjectChoiceTab.java:1987) ~[filemanager.jar:?]
	at com.st.microxplorer.plugins.projectmanager.gui.ProjectChoiceTab.updateSettings(ProjectChoiceTab.java:558) ~[filemanager.jar:?]
	at com.st.microxplorer.plugins.projectmanager.gui.ProjectSettingsPanel.UpdateDialog(ProjectSettingsPanel.java:247) ~[filemanager.jar:?]
	at com.st.microxplorer.plugins.projectmanager.ProjectManagerView.propertyChange(ProjectManagerView.java:392) ~[filemanager.jar:?]
	at java.beans.PropertyChangeSupport.fire(PropertyChangeSupport.java:343) ~[?:?]
	at java.beans.PropertyChangeSupport.firePropertyChange(PropertyChangeSupport.java:335) ~[?:?]
	at java.beans.PropertyChangeSupport.firePropertyChange(PropertyChangeSupport.java:268) ~[?:?]
	at com.st.microxplorer.util.MXPropertyChangeSupport.firePropertyChange(MXPropertyChangeSupport.java:54) ~[STM32CubeMX.jar:?]
	at com.st.microxplorer.mxsystem.MxSystem.closeConfig(MxSystem.java:899) ~[STM32CubeMX.jar:?]
	at com.st.microxplorer.maingui.MainPanel.closeConfig(MainPanel.java:792) ~[STM32CubeMX.jar:?]
	at com.st.microxplorer.plugins.filemanager.engine.OpenFileManager.loadConfigurationFile(OpenFileManager.java:288) ~[filemanager.jar:?]
	at com.st.microxplorer.plugins.filemanager.engine.MainFileManager.userLoadConfig(MainFileManager.java:364) ~[filemanager.jar:?]
	at com.st.microxplorer.plugins.filemanager.engine.MainFileManager.userLoadConfig(MainFileManager.java:342) ~[filemanager.jar:?]
	at com.st.microxplorer.plugins.filemanager.FileManagerView.getSpecificTask(FileManagerView.java:264) ~[filemanager.jar:?]
	at com.st.stm32cube.common.mx.editor.CubeMxEditor.getMxTabbedPaneInstance(CubeMxEditor.java:1198) ~[com.st.stm32cube.common.mx_6.15.0.202507011659/:?]
	at com.st.stm32cube.common.mx.editor.CubeMxEditor$12$1.createSwingComponent(CubeMxEditor.java:1068) ~[com.st.stm32cube.common.mx_6.15.0.202507011659/:?]
	at com.st.stm32cube.common.mx.oss.core.awtswtbridge.EmbeddedSwingComposite.doComponentCreation(EmbeddedSwingComposite.java:492) ~[com.st.stm32cube.common.mx.oss_6.15.0.202507011659/:?]
	at com.st.stm32cube.common.mx.oss.core.awtswtbridge.EmbeddedSwingComposite$4.run(EmbeddedSwingComposite.java:291) ~[com.st.stm32cube.common.mx.oss_6.15.0.202507011659/:?]
	at com.st.stm32cube.common.mx.oss.core.awtswtbridge.AwtEnvironment$2.run(AwtEnvironment.java:166) ~[com.st.stm32cube.common.mx.oss_6.15.0.202507011659/:?]
	at java.awt.event.InvocationEvent.dispatch(InvocationEvent.java:318) ~[?:?]
	at java.awt.EventQueue.dispatchEventImpl(EventQueue.java:773) ~[?:?]
	at java.awt.EventQueue$4.run(EventQueue.java:720) ~[?:?]
	at java.awt.EventQueue$4.run(EventQueue.java:714) ~[?:?]
	at java.security.AccessController.doPrivileged(AccessController.java:400) ~[?:?]
	at java.security.ProtectionDomain$JavaSecurityAccessImpl.doIntersectionPrivilege(ProtectionDomain.java:87) ~[?:?]
	at java.awt.EventQueue.dispatchEvent(EventQueue.java:742) ~[?:?]
	at java.awt.EventDispatchThread.pumpOneEventForFilters(EventDispatchThread.java:203) ~[?:?]
	at java.awt.EventDispatchThread.pumpEventsForFilter(EventDispatchThread.java:124) ~[?:?]
	at java.awt.EventDispatchThread.pumpEventsForHierarchy(EventDispatchThread.java:113) ~[?:?]
	at java.awt.EventDispatchThread.pumpEvents(EventDispatchThread.java:109) ~[?:?]
	at java.awt.EventDispatchThread.pumpEvents(EventDispatchThread.java:101) ~[?:?]
	at java.awt.EventDispatchThread.run(EventDispatchThread.java:90) ~[?:?]
2025-11-26 15:50:18,670 [WARN] ThirdParty:871 - waiting for thirdparty lock release [close project]
2025-11-26 15:50:18,670 [INFO] ThirdParty:873 - entering critical section [close project]
2025-11-26 15:50:18,670 [INFO] ThirdParty:883 - exiting critical section [close project]
2025-11-26 15:50:18,673 [INFO] PinOutPanel:1589 - setPackage(No Configuration,No Configuration)
2025-11-26 15:50:18,689 [WARN] IpParametersView:155 - Warning: This peripheral hasn't parameters
2025-11-26 15:50:18,695 [WARN] MainPanel:289 - <html><b><center>Warning: This peripheral has no parameters to be configured<br></b></html>
2025-11-26 15:50:18,701 [INFO] UtilMem:75 - Begin LoadConfig() Used Memory: 820042512 Bytes (1073741824)
2025-11-26 15:50:18,701 [INFO] MicroXplorer:468 - Change Database Path : 
2025-11-26 15:50:18,701 [INFO] MicroXplorer:498 - Change Database Version : DB.6.0.150
2025-11-26 15:50:18,701 [INFO] OpenFileManager:355 - Change cursor
2025-11-26 15:50:18,718 [INFO] RulesReader:64 - Compatibility file has been processed (317 Rules)
2025-11-26 15:50:18,720 [INFO] Mcu:2029 - Initializing MCU STM32F401C(D-E)Ux STM32F401CDUx STM32F401CDU6
2025-11-26 15:50:19,462 [INFO] Context:786 - Trying to add GPIOservice into a context  which must be forbidden
2025-11-26 15:50:19,760 [INFO] ImportTextPane:234 - (OptionalMessage_ERROR) Pin3 (VP_RIF_VS_RIF1) cannot be retrieved for this MCU
2025-11-26 15:50:19,877 [INFO] RtosManager:558 - Registered RTOS mode: class=CMSIS, group=RTOS, mode=CMSIS_V1, owner=FREERTOS
2025-11-26 15:50:19,877 [INFO] RtosManager:558 - Registered RTOS mode: class=CMSIS, group=RTOS2, mode=CMSIS_V2, owner=FREERTOS
2025-11-26 15:50:19,877 [INFO] RtosManager:558 - Registered RTOS mode: class=RTOS, group=Core, mode=CMSIS_V1, owner=FREERTOS
2025-11-26 15:50:19,877 [INFO] RtosManager:558 - Registered RTOS mode: class=RTOS, group=Core, mode=CMSIS_V2, owner=FREERTOS
2025-11-26 15:50:19,878 [WARN] ModelIntegratedComponent:184 - Missing modes for component STMicroelectronics:FreeRTOS:0.0.1:STMicroelectronics:RTOS:FreeRTOS:Core:::10.2.0:
2025-11-26 15:50:19,883 [WARN] ModelIntegratedComponent:63 - No mode defined for component null
2025-11-26 15:50:19,883 [WARN] ModelIntegratedComponent:63 - No mode defined for component null
2025-11-26 15:50:19,883 [WARN] ModelIntegratedComponent:63 - No mode defined for component null
2025-11-26 15:50:19,883 [WARN] ModelIntegratedComponent:63 - No mode defined for component null
2025-11-26 15:50:19,883 [WARN] ModelIntegratedComponent:63 - No mode defined for component null
2025-11-26 15:50:19,883 [WARN] ModelIntegratedComponent:63 - No mode defined for component null
2025-11-26 15:50:19,883 [WARN] ModelIntegratedComponent:63 - No mode defined for component null
2025-11-26 15:50:19,883 [WARN] ModelIntegratedComponent:63 - No mode defined for component null
2025-11-26 15:50:19,883 [WARN] ModelIntegratedComponent:63 - No mode defined for component null
2025-11-26 15:50:19,883 [WARN] ModelIntegratedComponent:63 - No mode defined for component null
2025-11-26 15:50:19,883 [WARN] ModelIntegratedComponent:63 - No mode defined for component null
2025-11-26 15:50:19,883 [WARN] ModelIntegratedComponent:63 - No mode defined for component null
2025-11-26 15:50:19,883 [WARN] ModelIntegratedComponent:63 - No mode defined for component null
2025-11-26 15:50:19,883 [WARN] ModelIntegratedComponent:63 - No mode defined for component null
2025-11-26 15:50:19,884 [WARN] ModelIntegratedComponent:63 - No mode defined for component null
2025-11-26 15:50:19,884 [WARN] ModelIntegratedComponent:63 - No mode defined for component null
2025-11-26 15:50:19,884 [WARN] ModelIntegratedComponent:63 - No mode defined for component null
2025-11-26 15:50:19,884 [WARN] ModelIntegratedComponent:63 - No mode defined for component null
2025-11-26 15:50:19,884 [WARN] ModelIntegratedComponent:63 - No mode defined for component null
2025-11-26 15:50:19,884 [WARN] ModelIntegratedComponent:63 - No mode defined for component null
2025-11-26 15:50:19,884 [WARN] ModelIntegratedComponent:63 - No mode defined for component null
2025-11-26 15:50:19,884 [WARN] ModelIntegratedComponent:63 - No mode defined for component null
2025-11-26 15:50:19,884 [WARN] ModelIntegratedComponent:63 - No mode defined for component null
2025-11-26 15:50:19,884 [WARN] ModelIntegratedComponent:63 - No mode defined for component null
2025-11-26 15:50:19,884 [WARN] ModelIntegratedComponent:63 - No mode defined for component null
2025-11-26 15:50:19,884 [WARN] ModelIntegratedComponent:63 - No mode defined for component null
2025-11-26 15:50:19,884 [WARN] ModelIntegratedComponent:63 - No mode defined for component null
2025-11-26 15:50:19,884 [WARN] ModelIntegratedComponent:63 - No mode defined for component null
2025-11-26 15:50:19,884 [WARN] ModelIntegratedComponent:63 - No mode defined for component null
2025-11-26 15:50:19,884 [WARN] ModelIntegratedComponent:63 - No mode defined for component null
2025-11-26 15:50:19,884 [WARN] ModelIntegratedComponent:63 - No mode defined for component null
2025-11-26 15:50:19,884 [WARN] ModelIntegratedComponent:63 - No mode defined for component null
2025-11-26 15:50:19,884 [WARN] ModelIntegratedComponent:63 - No mode defined for component null
2025-11-26 15:50:19,884 [WARN] ModelIntegratedComponent:63 - No mode defined for component null
2025-11-26 15:50:19,884 [WARN] ModelIntegratedComponent:63 - No mode defined for component null
2025-11-26 15:50:19,885 [WARN] ModelPack:524 - Component already loaded: STMicroelectronics:HAL Drivers:0.0.0:STMicroelectronics:Device:STMicro_Driver:XSPI:HAL::0.0.1:HAL_XSPI
2025-11-26 15:50:19,896 [INFO] ThirdPartyModel:298 - Start build external matchings
2025-11-26 15:50:20,208 [INFO] ThirdPartyModel:316 - End build external matchings
2025-11-26 15:50:20,421 [INFO] UtilMem:75 - End LoadConfig() Used Memory: 718904480 Bytes (1073741824)
2025-11-26 15:50:20,464 [WARN] ThirdParty:833 - waiting for thirdparty lock release [change project]
2025-11-26 15:50:20,464 [INFO] ThirdParty:835 - entering critical section [change project]
2025-11-26 15:50:20,464 [INFO] ThirdParty:1030 - CMSIS Pack Vendor :STMicroelectronics X-CUBE-PM33A1 1.0.0
2025-11-26 15:50:20,464 [INFO] ThirdParty:1030 - CMSIS Pack Vendor :STMicroelectronics USBPD 4.1
2025-11-26 15:50:20,464 [INFO] ThirdParty:1030 - CMSIS Pack Vendor :STMicroelectronics X-CUBE-NFC9 1.0.0
2025-11-26 15:50:20,465 [INFO] ThirdParty:1030 - CMSIS Pack Vendor :STMicroelectronics USB_HOST 2.0.0
2025-11-26 15:50:20,466 [INFO] ThirdParty:1030 - CMSIS Pack Vendor :STMicroelectronics FP-SNS-MOTENVWB1 1.4.0
2025-11-26 15:50:20,466 [INFO] ThirdParty:1030 - CMSIS Pack Vendor :STMicroelectronics X-CUBE-AZRTOS-F4 1.1.0
2025-11-26 15:50:20,466 [INFO] ThirdParty:1030 - CMSIS Pack Vendor :STMicroelectronics LIBJPEG 8.0.0
2025-11-26 15:50:20,466 [INFO] ThirdParty:1030 - CMSIS Pack Vendor :STMicroelectronics FP-ATR-ASTRA1 2.0.2
2025-11-26 15:50:20,466 [INFO] ThirdParty:1030 - CMSIS Pack Vendor :wolfSSL I-CUBE-wolfSSL 5.8.2
2025-11-26 15:50:20,466 [INFO] ThirdParty:1030 - CMSIS Pack Vendor :STMicroelectronics X-CUBE-BLE1 7.1.0
2025-11-26 15:50:20,466 [INFO] ThirdParty:1030 - CMSIS Pack Vendor :STMicroelectronics X-CUBE-SMBUS 2.1.0
2025-11-26 15:50:20,466 [INFO] ThirdParty:1030 - CMSIS Pack Vendor :wolfSSL I-CUBE-wolfMQTT 1.19.2
2025-11-26 15:50:20,466 [INFO] ThirdParty:1030 - CMSIS Pack Vendor :STMicroelectronics USB_DEVICE 3.0.0
2025-11-26 15:50:20,466 [INFO] ThirdParty:1030 - CMSIS Pack Vendor :STMicroelectronics X-CUBE-ISPU 2.1.0
2025-11-26 15:50:20,466 [INFO] ThirdParty:1030 - CMSIS Pack Vendor :STMicroelectronics X-CUBE-FREERTOS 1.4.0
2025-11-26 15:50:20,466 [INFO] ThirdParty:1030 - CMSIS Pack Vendor :STMicroelectronics X-CUBE-EEPRMA1 5.2.0
2025-11-26 15:50:20,466 [INFO] ThirdParty:1030 - CMSIS Pack Vendor :STMicroelectronics X-CUBE-IPS 3.2.0
2025-11-26 15:50:20,466 [INFO] ThirdParty:1030 - CMSIS Pack Vendor :STMicroelectronics X-CUBE-BLEMGR 4.1.0
2025-11-26 15:50:20,466 [INFO] ThirdParty:1030 - CMSIS Pack Vendor :STMicroelectronics X-CUBE-AZRTOS-WB 2.0.0
2025-11-26 15:50:20,466 [INFO] ThirdParty:1030 - CMSIS Pack Vendor :Cesanta I-CUBE-Mongoose 7.20.0
2025-11-26 15:50:20,466 [INFO] ThirdParty:1030 - CMSIS Pack Vendor :STMicroelectronics X-CUBE-NFC12 1.0.0
2025-11-26 15:50:20,466 [INFO] ThirdParty:1030 - CMSIS Pack Vendor :STMicroelectronics X-CUBE-AZRTOS-F7 1.1.0
2025-11-26 15:50:20,466 [INFO] ThirdParty:1030 - CMSIS Pack Vendor :STMicroelectronics X-CUBE-AZRTOS-L5 2.0.0
2025-11-26 15:50:20,466 [INFO] ThirdParty:1030 - CMSIS Pack Vendor :STMicroelectronics USB_DEVICE 2.0.0
2025-11-26 15:50:20,466 [INFO] ThirdParty:1030 - CMSIS Pack Vendor :STMicroelectronics X-CUBE-NFC6 3.1.0
2025-11-26 15:50:20,466 [INFO] ThirdParty:1030 - CMSIS Pack Vendor :STMicroelectronics X-CUBE-ST67W61 1.1.0
2025-11-26 15:50:20,466 [INFO] ThirdParty:1030 - CMSIS Pack Vendor :quantropi X-CUBE-qispace-sdk-base 2.1.0
2025-11-26 15:50:20,466 [INFO] ThirdParty:1030 - CMSIS Pack Vendor :STMicroelectronics X-CUBE-MEMS1 12.0.0
2025-11-26 15:50:20,466 [INFO] ThirdParty:1030 - CMSIS Pack Vendor :STMicroelectronics FP-SNS-MOTENV1 5.1.0
2025-11-26 15:50:20,466 [INFO] ThirdParty:1030 - CMSIS Pack Vendor :STMicroelectronics FreeRTOS 0.0.1
2025-11-26 15:50:20,466 [INFO] ThirdParty:1030 - CMSIS Pack Vendor :STMicroelectronics X-CUBE-AZRTOS-G0 1.1.0
2025-11-26 15:50:20,466 [INFO] ThirdParty:1030 - CMSIS Pack Vendor :STMicroelectronics X-CUBE-NFC4 3.0.0
2025-11-26 15:50:20,466 [INFO] ThirdParty:1030 - CMSIS Pack Vendor :STMicroelectronics X-CUBE-SUBG2 5.0.0
2025-11-26 15:50:20,466 [INFO] ThirdParty:1030 - CMSIS Pack Vendor :STMicroelectronics STM32_WPAN 1.0.0
2025-11-26 15:50:20,466 [INFO] ThirdParty:1030 - CMSIS Pack Vendor :EmbeddedOffice I-CUBE-FS-RTOS 1.0.1
2025-11-26 15:50:20,466 [INFO] ThirdParty:1030 - CMSIS Pack Vendor :STMicroelectronics lwIP 2.0.3
2025-11-26 15:50:20,467 [INFO] ThirdParty:1030 - CMSIS Pack Vendor :WES I-CUBE-Cesium 1.4.0
2025-11-26 15:50:20,467 [INFO] ThirdParty:1030 - CMSIS Pack Vendor :STMicroelectronics USB_HOST 1.0.0
2025-11-26 15:50:20,467 [INFO] ThirdParty:1030 - CMSIS Pack Vendor :STMicroelectronics X-CUBE-AZRTOS-G4 2.0.0
2025-11-26 15:50:20,467 [INFO] ThirdParty:1030 - CMSIS Pack Vendor :STMicroelectronics X-CUBE-WB05N 2.0.0
2025-11-26 15:50:20,467 [INFO] ThirdParty:1030 - CMSIS Pack Vendor :STMicroelectronics PDM2PCM 3.1.0
2025-11-26 15:50:20,467 [INFO] ThirdParty:1030 - CMSIS Pack Vendor :STMicroelectronics PDM2PCM 3.3.0
2025-11-26 15:50:20,467 [INFO] ThirdParty:1030 - CMSIS Pack Vendor :wolfSSL I-CUBE-wolfTPM 3.8.0
2025-11-26 15:50:20,467 [INFO] ThirdParty:1030 - CMSIS Pack Vendor :STMicroelectronics X-CUBE-AZRTOS-H7 3.4.0
2025-11-26 15:50:20,467 [INFO] ThirdParty:1030 - CMSIS Pack Vendor :STMicroelectronics X-CUBE-DISPLAY 3.0.0
2025-11-26 15:50:20,467 [INFO] ThirdParty:1030 - CMSIS Pack Vendor :wolfSSL I-CUBE-wolfSSH 1.4.20
2025-11-26 15:50:20,467 [INFO] ThirdParty:1030 - CMSIS Pack Vendor :STMicroelectronics X-CUBE-NFC7 2.0.0
2025-11-26 15:50:20,467 [INFO] ThirdParty:1030 - CMSIS Pack Vendor :STMicroelectronics X-CUBE-TCPP 4.2.0
2025-11-26 15:50:20,467 [INFO] ThirdParty:1030 - CMSIS Pack Vendor :RealThread X-CUBE-RT-Thread_Nano 4.1.1
2025-11-26 15:50:20,467 [INFO] ThirdParty:1030 - CMSIS Pack Vendor :STMicroelectronics FP-ATR-SIGFOX1 3.2.0
2025-11-26 15:50:20,467 [INFO] ThirdParty:1030 - CMSIS Pack Vendor :STMicroelectronics X-CUBE-NFC10 1.0.0
2025-11-26 15:50:20,467 [INFO] ThirdParty:1030 - CMSIS Pack Vendor :STMicroelectronics HAL Drivers 0.0.0
2025-11-26 15:50:20,467 [INFO] ThirdParty:1030 - CMSIS Pack Vendor :STMicroelectronics MBEDTLS 2.16.2
2025-11-26 15:50:20,467 [INFO] ThirdParty:1030 - CMSIS Pack Vendor :STMicroelectronics X-CUBE-ST60 1.1.0
2025-11-26 15:50:20,467 [INFO] ThirdParty:1030 - CMSIS Pack Vendor :STMicroelectronics X-CUBE-ALS 1.0.2
2025-11-26 15:50:20,467 [INFO] ThirdParty:1030 - CMSIS Pack Vendor :emotas I-CUBE-CANOPEN 1.3.0
2025-11-26 15:50:20,467 [INFO] ThirdParty:1030 - CMSIS Pack Vendor :STMicroelectronics MBEDTLS 2.14.1
2025-11-26 15:50:20,467 [INFO] ThirdParty:1030 - CMSIS Pack Vendor :STMicroelectronics X-CUBE-GNSS1 7.1.0
2025-11-26 15:50:20,467 [INFO] ThirdParty:1030 - CMSIS Pack Vendor :ITTIA_DB I-CUBE-ITTIADB 8.9.0
2025-11-26 15:50:20,467 [INFO] ThirdParty:1030 - CMSIS Pack Vendor :STMicroelectronics X-CUBE-TOUCHGFX 4.26.0
2025-11-26 15:50:20,467 [INFO] ThirdParty:1030 - CMSIS Pack Vendor :STMicroelectronics X-CUBE-STSE01 1.0.0
2025-11-26 15:50:20,467 [INFO] ThirdParty:1030 - CMSIS Pack Vendor :STMicroelectronics FP-SNS-STBOX1 2.1.0
2025-11-26 15:50:20,467 [INFO] ThirdParty:1030 - CMSIS Pack Vendor :STMicroelectronics X-CUBE-AI 10.2.0
2025-11-26 15:50:20,467 [INFO] ThirdParty:1030 - CMSIS Pack Vendor :STMicroelectronics FP-SNS-STAIOTCFT 1.0.0
2025-11-26 15:50:20,467 [INFO] ThirdParty:1030 - CMSIS Pack Vendor :STMicroelectronics ThreadX 1.0.0
2025-11-26 15:50:20,467 [INFO] ThirdParty:1030 - CMSIS Pack Vendor :STMicroelectronics FP-SNS-SMARTAG2 1.2.0
2025-11-26 15:50:20,467 [INFO] ThirdParty:1030 - CMSIS Pack Vendor :STMicroelectronics FP-SNS-FLIGHT1 5.1.0
2025-11-26 15:50:20,467 [INFO] ThirdParty:1030 - CMSIS Pack Vendor :STMicroelectronics X-CUBE-AZRTOS-WL 2.0.0
2025-11-26 15:50:20,468 [INFO] ThirdParty:1030 - CMSIS Pack Vendor :SEGGER I-CUBE-embOS 1.3.1
2025-11-26 15:50:20,468 [INFO] ThirdParty:1030 - CMSIS Pack Vendor :STMicroelectronics X-CUBE-ALGOBUILD 1.4.0
2025-11-26 15:50:20,468 [INFO] ThirdParty:1030 - CMSIS Pack Vendor :STMicroelectronics X-CUBE-DPower 1.3.0
2025-11-26 15:50:20,468 [INFO] ThirdParty:1030 - CMSIS Pack Vendor :STMicroelectronics USB_DEVICE 1.0.0
2025-11-26 15:50:20,468 [INFO] ThirdParty:1030 - CMSIS Pack Vendor :STMicroelectronics X-CUBE-AZRTOS-H7RS 1.2.0
2025-11-26 15:50:20,468 [INFO] ThirdParty:1030 - CMSIS Pack Vendor :STMicroelectronics X-CUBE-AZRTOS-L4 2.0.0
2025-11-26 15:50:20,468 [INFO] ThirdParty:1030 - CMSIS Pack Vendor :STMicroelectronics ThreadX 0.0.2
2025-11-26 15:50:20,468 [INFO] ThirdParty:1030 - CMSIS Pack Vendor :STMicroelectronics lwIP 2.1.2
2025-11-26 15:50:20,468 [INFO] ThirdParty:1030 - CMSIS Pack Vendor :STMicroelectronics X-CUBE-SFXS2LP1 4.0.0
2025-11-26 15:50:20,468 [INFO] ThirdParty:1030 - CMSIS Pack Vendor :STMicroelectronics X-CUBE-BLE2 3.3.0
2025-11-26 15:50:20,468 [INFO] ThirdParty:1030 - CMSIS Pack Vendor :Avnet-IOTCONNECT X-CUBE-iotc-st67-sdk 1.0.0
2025-11-26 15:50:20,468 [INFO] ThirdParty:1030 - CMSIS Pack Vendor :STMicroelectronics X-CUBE-TOF1 3.4.3
2025-11-26 15:50:20,468 [INFO] ThirdParty:1030 - CMSIS Pack Vendor :Infineon AIROC-Wi-Fi-Bluetooth-STM32 1.8.0
2025-11-26 15:50:20,468 [INFO] ThirdParty:1030 - CMSIS Pack Vendor :STMicroelectronics PDM2PCM 3.2.0
2025-11-26 15:50:20,468 [INFO] ThirdParty:841 - exiting critical section [change project]
2025-11-26 15:50:20,568 [INFO] PinOutPanel:1589 - setPackage(No Configuration,No Configuration)
2025-11-26 15:50:20,569 [INFO] PinOutPanel:1589 - setPackage(STM32F401CDUx,UFQFPN48)
2025-11-26 15:50:20,769 [INFO] UtilMem:75 - Before build in PCC Used Memory: 833517408 Bytes (1073741824)
2025-11-26 15:50:20,949 [INFO] UtilMem:75 - After build in PCC Used Memory: 878606176 Bytes (1073741824)
2025-11-26 15:50:20,965 [INFO] IPUIPlugin:80 - create IPUIPlugin
2025-11-26 15:50:20,965 [INFO] IPUIPlugin:80 - create IPUIPlugin
2025-11-26 15:50:20,965 [INFO] IPUIPlugin:80 - create IPUIPlugin
2025-11-26 15:50:20,965 [INFO] IPUIPlugin:80 - create IPUIPlugin
2025-11-26 15:50:20,965 [INFO] IPUIPlugin:80 - create IPUIPlugin
2025-11-26 15:50:20,965 [INFO] IPUIPlugin:80 - create IPUIPlugin
2025-11-26 15:50:20,965 [INFO] IPUIPlugin:80 - create IPUIPlugin
2025-11-26 15:50:20,965 [INFO] IPUIPlugin:80 - create IPUIPlugin
2025-11-26 15:50:20,965 [INFO] IPUIPlugin:80 - create IPUIPlugin
2025-11-26 15:50:20,965 [INFO] IPUIPlugin:80 - create IPUIPlugin
2025-11-26 15:50:20,965 [INFO] IPUIPlugin:80 - create IPUIPlugin
2025-11-26 15:50:20,965 [INFO] IPUIPlugin:80 - create IPUIPlugin
2025-11-26 15:50:20,966 [INFO] IPUIPlugin:80 - create IPUIPlugin
2025-11-26 15:50:20,966 [INFO] IPUIPlugin:80 - create IPUIPlugin
2025-11-26 15:50:20,966 [INFO] IPUIPlugin:80 - create IPUIPlugin
2025-11-26 15:50:20,966 [INFO] IPUIPlugin:80 - create IPUIPlugin
2025-11-26 15:50:20,966 [INFO] IPUIPlugin:80 - create IPUIPlugin
2025-11-26 15:50:20,966 [INFO] IPUIPlugin:80 - create IPUIPlugin
2025-11-26 15:50:20,966 [INFO] IPUIPlugin:80 - create IPUIPlugin
2025-11-26 15:50:20,966 [INFO] IPUIPlugin:80 - create IPUIPlugin
2025-11-26 15:50:20,966 [INFO] IPUIPlugin:80 - create IPUIPlugin
2025-11-26 15:50:20,967 [INFO] IPUIPlugin:80 - create IPUIPlugin
2025-11-26 15:50:20,967 [INFO] IPUIPlugin:80 - create IPUIPlugin
2025-11-26 15:50:20,967 [INFO] IPUIPlugin:80 - create IPUIPlugin
2025-11-26 15:50:20,967 [INFO] IPUIPlugin:80 - create IPUIPlugin
2025-11-26 15:50:20,967 [INFO] IPUIPlugin:80 - create IPUIPlugin
2025-11-26 15:50:20,967 [INFO] IPUIPlugin:80 - create IPUIPlugin
2025-11-26 15:50:20,967 [INFO] IPUIPlugin:80 - create IPUIPlugin
2025-11-26 15:50:20,968 [INFO] IPUIPlugin:80 - create IPUIPlugin
2025-11-26 15:50:20,968 [INFO] IPUIPlugin:80 - create IPUIPlugin
2025-11-26 15:50:20,968 [INFO] IPUIPlugin:80 - create IPUIPlugin
2025-11-26 15:50:20,968 [INFO] IPUIPlugin:80 - create IPUIPlugin
2025-11-26 15:50:20,968 [INFO] IPUIPlugin:80 - create IPUIPlugin
2025-11-26 15:50:20,969 [INFO] IPUIPlugin:80 - create IPUIPlugin
2025-11-26 15:50:20,969 [INFO] IPUIPlugin:80 - create IPUIPlugin
2025-11-26 15:50:20,969 [INFO] IPUIPlugin:80 - create IPUIPlugin
2025-11-26 15:50:20,969 [INFO] IPUIPlugin:80 - create IPUIPlugin
2025-11-26 15:50:20,973 [INFO] ApiDbMcu:532 - Load IP Config File for PDM2PCM
2025-11-26 15:50:21,003 [INFO] CADModel:165 - CPN selected for project levelSTM32F401CDU6
2025-11-26 15:50:21,003 [INFO] CADModel:114 - Register for checkConnection events
2025-11-26 15:50:21,055 [INFO] OpenFileManager:386 - Restore cursor
2025-11-26 15:51:15,229 [ERROR] LogOutputStream:75 - [STDERR_REDIRECT] Exception in thread "AWT-EventQueue-0" java.awt.IllegalComponentStateException: Native resources unavailable
2025-11-26 15:51:15,231 [ERROR] LogOutputStream:75 - [STDERR_REDIRECT] 	at java.desktop/sun.awt.windows.WWindowPeer.getScreenImOn(Native Method)
2025-11-26 15:51:15,232 [ERROR] LogOutputStream:75 - [STDERR_REDIRECT] 	at java.desktop/sun.awt.windows.WWindowPeer.updateGC(WWindowPeer.java:566)
2025-11-26 15:51:15,233 [ERROR] LogOutputStream:75 - [STDERR_REDIRECT] 	at java.desktop/java.awt.event.InvocationEvent.dispatch(InvocationEvent.java:318)
2025-11-26 15:51:15,234 [ERROR] LogOutputStream:75 - [STDERR_REDIRECT] 	at java.desktop/java.awt.EventQueue.dispatchEventImpl(EventQueue.java:773)
2025-11-26 15:51:15,235 [ERROR] LogOutputStream:75 - [STDERR_REDIRECT] 	at java.desktop/java.awt.EventQueue$4.run(EventQueue.java:720)
2025-11-26 15:51:15,236 [ERROR] LogOutputStream:75 - [STDERR_REDIRECT] 	at java.desktop/java.awt.EventQueue$4.run(EventQueue.java:714)
2025-11-26 15:51:15,238 [ERROR] LogOutputStream:75 - [STDERR_REDIRECT] 	at java.base/java.security.AccessController.doPrivileged(AccessController.java:400)
2025-11-26 15:51:15,239 [ERROR] LogOutputStream:75 - [STDERR_REDIRECT] 	at java.base/java.security.ProtectionDomain$JavaSecurityAccessImpl.doIntersectionPrivilege(ProtectionDomain.java:87)
2025-11-26 15:51:15,241 [ERROR] LogOutputStream:75 - [STDERR_REDIRECT] 	at java.base/java.security.ProtectionDomain$JavaSecurityAccessImpl.doIntersectionPrivilege(ProtectionDomain.java:98)
2025-11-26 15:51:15,241 [ERROR] LogOutputStream:75 - [STDERR_REDIRECT] 	at java.desktop/java.awt.EventQueue$5.run(EventQueue.java:747)
2025-11-26 15:51:15,243 [ERROR] LogOutputStream:75 - [STDERR_REDIRECT] 	at java.desktop/java.awt.EventQueue$5.run(EventQueue.java:745)
2025-11-26 15:51:15,244 [ERROR] LogOutputStream:75 - [STDERR_REDIRECT] 	at java.base/java.security.AccessController.doPrivileged(AccessController.java:400)
2025-11-26 15:51:15,245 [ERROR] LogOutputStream:75 - [STDERR_REDIRECT] 	at java.base/java.security.ProtectionDomain$JavaSecurityAccessImpl.doIntersectionPrivilege(ProtectionDomain.java:87)
2025-11-26 15:51:15,246 [ERROR] LogOutputStream:75 - [STDERR_REDIRECT] 	at java.desktop/java.awt.EventQueue.dispatchEvent(EventQueue.java:744)
2025-11-26 15:51:15,248 [ERROR] LogOutputStream:75 - [STDERR_REDIRECT] 	at java.desktop/java.awt.EventDispatchThread.pumpOneEventForFilters(EventDispatchThread.java:203)
2025-11-26 15:51:15,249 [ERROR] LogOutputStream:75 - [STDERR_REDIRECT] 	at java.desktop/java.awt.EventDispatchThread.pumpEventsForFilter(EventDispatchThread.java:124)
2025-11-26 15:51:15,250 [ERROR] LogOutputStream:75 - [STDERR_REDIRECT] 	at java.desktop/java.awt.EventDispatchThread.pumpEventsForHierarchy(EventDispatchThread.java:113)
2025-11-26 15:51:15,252 [ERROR] LogOutputStream:75 - [STDERR_REDIRECT] 	at java.desktop/java.awt.EventDispatchThread.pumpEvents(EventDispatchThread.java:109)
2025-11-26 15:51:15,253 [ERROR] LogOutputStream:75 - [STDERR_REDIRECT] 	at java.desktop/java.awt.EventDispatchThread.pumpEvents(EventDispatchThread.java:101)
2025-11-26 15:51:15,254 [ERROR] LogOutputStream:75 - [STDERR_REDIRECT] 	at java.desktop/java.awt.EventDispatchThread.run(EventDispatchThread.java:90)
